RSL,RSLer_up_2sd,Age,Age_up_er_2sd,RSLError,AgeError,AgeCE
-1.6713690095757952,0.2808984199086787,3768.5,182.625,0.14044920995433935,91.3125,-1818.5
-1.5115422790541815,0.28072515043029256,3315.5,134.5999999999999,0.14036257521514628,67.29999999999995,-1365.5
-4.87423685242985,0.28803057705462365,5750.5,148.67500000000018,0.14401528852731182,74.33750000000009,-3800.5
-2.6299555944968525,0.28231183498762125,4167,225.32499999999982,0.14115591749381062,112.66249999999991,-2217
-4.131489649113607,0.28577778037086765,5686,192.72500000000036,0.14288889018543383,96.36250000000018,-3736
-8.747428058221866,0.30483937126260763,7384,116.85000000000036,0.15241968563130381,58.42500000000018,-5434
-5.581777742497703,0.2904896869867719,6947,199.77499999999964,0.14524484349338596,99.88749999999982,-4997
-9.413793958115622,0.30847347136884995,7714,128.25,0.15423673568442497,64.125,-5764
-3.677693862729676,0.28457356675479795,5439,134.17500000000018,0.14228678337739897,67.08750000000009,-3489
-10.8155594302029,0.316707999281574,7824,135.85000000000036,0.158353999640787,67.92500000000018,-5874
-6.010146571369047,0.29212085811542776,6630.6625,150.5124999999989,0.14606042905771388,75.25624999999945,-4680.6625
-10.060092397804517,0.3121750316799572,7590.5,96.625,0.1560875158399786,48.3125,-5640.5
-6.48820432793914,0.294063101545333,7023.975,209.97499999999945,0.1470315507726665,104.98749999999973,-5073.975
-10.497493995911345,0.31477343357312915,7714,128.25,0.15738671678656457,64.125,-5764
-7.717651317472999,0.2996161120114742,6568,157.07499999999982,0.1498080560057371,78.53749999999991,-4618
-11.47145586875587,0.32081156072860395,8005.5,153.44999999999982,0.16040578036430198,76.72499999999991,-6055.5
-2.0309137021092116,0.2813537273752623,4033,184.55000000000018,0.14067686368763116,92.27500000000009,-2083
-8.548475372757101,0.30379205672737264,7071,171.22499999999945,0.15189602836368632,85.61249999999973,-5121
-8.488786104431625,0.3034813250528492,7023.975,209.97499999999945,0.1517406625264246,104.98749999999973,-5073.975
-8.548475372757101,0.30379205672737264,7294,124.44999999999982,0.15189602836368632,62.22499999999991,-5344
-8.548475372757101,0.30379205672737264,7295.5,123.97500000000036,0.15189602836368632,61.98750000000018,-5345.5
-8.488786104431625,0.3034813250528492,7059.5,192.64999999999964,0.1517406625264246,96.32499999999982,-5109.5
-8.488786104431625,0.3034813250528492,7052,185.375,0.1517406625264246,92.6875,-5102
-1.1118965829024692,0.28037084658200473,2168.5,162.92500000000018,0.14018542329100236,81.46250000000009,-218.5
-1.1118965829024692,0.28037084658200473,2171,162.44999999999982,0.14018542329100236,81.22499999999991,-221
-1.1118965829024692,0.28037084658200473,2090,200.07499999999982,0.14018542329100236,100.03749999999991,-140
-1.1118965829024692,0.28037084658200473,1918,170.80000000000018,0.14018542329100236,85.40000000000009,32
-1.1118965829024692,0.28037084658200473,1534.5,152.54999999999995,0.14018542329100236,76.27499999999998,415.5
-0.7571161320806739,0.28015129740380007,891,150.7249999999999,0.14007564870190004,75.36249999999995,1059
-0.7571161320806739,0.28015129740380007,1116.1625000000001,165.26250000000005,0.14007564870190004,82.63125000000002,833.8374999999999
-0.7571161320806739,0.28015129740380007,985.5,181.7249999999999,0.14007564870190004,90.86249999999995,964.5
-0.7571161320806739,0.28015129740380007,914.0000000000001,136.80000000000007,0.14007564870190004,68.40000000000003,1036
-0.7571161320806739,0.28015129740380007,420,106.39999999999998,0.14007564870190004,53.19999999999999,1530
-0.7571161320806739,0.28015129740380007,1208.5,129.2750000000001,0.14007564870190004,64.63750000000005,741.5
-0.7571161320806739,0.28015129740380007,581.5,75.52500000000009,0.14007564870190004,37.762500000000045,1368.5
-0.7571161320806739,0.28015129740380007,480,143.54999999999995,0.14007564870190004,71.77499999999998,1470
-5.078557454786241,0.2887099746982331,5303,240.47500000000036,0.14435498734911656,120.23750000000018,-3353
-6.752078848166358,0.2951885813181163,6472,156.75,0.14759429065905816,78.375,-4522
-5.078557454786241,0.2887099746982331,5314,246.89999999999964,0.14435498734911656,123.44999999999982,-3364
-6.752078848166358,0.2951885813181163,6617.5,159.22500000000036,0.14759429065905816,79.61250000000018,-4667.5
-5.078557454786241,0.2887099746982331,5263,202.35000000000036,0.14435498734911656,101.17500000000018,-3313
-6.752078848166358,0.2951885813181163,5748.5,147.72500000000036,0.14759429065905816,73.86250000000018,-3798.5
-6.752078848166358,0.2951885813181163,6386.5,101.17500000000018,0.14759429065905816,50.58750000000009,-4436.5
-6.752078848166358,0.2951885813181163,6914,228.32500000000073,0.14759429065905816,114.16250000000036,-4964
-6.752078848166358,0.2951885813181163,6828.5,153.42500000000018,0.14759429065905816,76.71250000000009,-4878.5
-6.752078848166358,0.2951885813181163,6911.5,229.92500000000018,0.14759429065905816,114.96250000000009,-4961.5
-5.078557454786241,0.2887099746982331,5748.5,147.72500000000036,0.14435498734911656,73.86250000000018,-3798.5
-5.078557454786241,0.2887099746982331,5609,127.30000000000018,0.14435498734911656,63.65000000000009,-3659
-5.078557454786241,0.2887099746982331,5525,184.22500000000036,0.14435498734911656,92.11250000000018,-3575
-6.542973805315063,0.29429362416941185,6723,156.75,0.14714681208470592,78.375,-4773
-6.542973805315063,0.29429362416941185,6260,133.10000000000036,0.14714681208470592,66.55000000000018,-4310
-6.542973805315063,0.29429362416941185,6835.5,157.22500000000036,0.14714681208470592,78.61250000000018,-4885.5
-7.538508369287392,0.298759060197082,6949.5,197.25,0.149379530098541,98.625,-4999.5
-7.538508369287392,0.298759060197082,6392.5,100.22500000000036,0.149379530098541,50.11250000000018,-4442.5
-7.538508369287392,0.298759060197082,6981,176.14999999999964,0.149379530098541,88.07499999999982,-5031
-6.542973805315063,0.29429362416941185,6716,158.82499999999982,0.14714681208470592,79.41249999999991,-4766
-6.542973805315063,0.29429362416941185,6835.5,157.22500000000036,0.14714681208470592,78.61250000000018,-4885.5
-6.542973805315063,0.29429362416941185,6571,157.70000000000073,0.14714681208470592,78.85000000000036,-4621
-6.542973805315063,0.29429362416941185,6733,157.75,0.14714681208470592,78.875,-4783
-6.542973805315063,0.29429362416941185,6813,144.39999999999964,0.14714681208470592,72.19999999999982,-4863
-7.538508369287392,0.298759060197082,7052,185.375,0.149379530098541,92.6875,-5102
-7.538508369287392,0.298759060197082,6947,199.77499999999964,0.149379530098541,99.88749999999982,-4997
-7.538508369287392,0.298759060197082,6978.5,176.22500000000036,0.149379530098541,88.11250000000018,-5028.5
-7.538508369287392,0.298759060197082,7023.975,209.97499999999945,0.149379530098541,104.98749999999973,-5073.975
-7.538508369287392,0.298759060197082,6617.5,159.22500000000036,0.149379530098541,79.61250000000018,-4667.5
-3.403356811162337,0.28391061832213693,4842.5,187.10000000000036,0.14195530916106847,93.55000000000018,-2892.5
-3.403356811162337,0.28391061832213693,4849.5,186.875,0.14195530916106847,93.4375,-2899.5
-3.403356811162337,0.28391061832213693,4846.5,187.07500000000073,0.14195530916106847,93.53750000000036,-2896.5
-5.795975233963965,0.291292195520509,6198,184.57500000000073,0.1456460977602545,92.28750000000036,-4248
-5.795975233963965,0.291292195520509,6103.5,166,0.1456460977602545,83,-4153.5
-5.795975233963965,0.291292195520509,6465,155.80000000000018,0.1456460977602545,77.90000000000009,-4515
-3.403356811162337,0.28391061832213693,5434.5,135.80000000000018,0.14195530916106847,67.90000000000009,-3484.5
-3.403356811162337,0.28391061832213693,3990.5,153.42500000000018,0.14195530916106847,76.71250000000009,-2040.5
-5.795975233963965,0.291292195520509,6824,152,0.1456460977602545,76,-4874
-1.54650591206756,0.2807615174169139,2545,184.30000000000018,0.14038075870845695,92.15000000000009,-595
-2.6299555944968525,0.28231183498762125,3639.5,176.2249999999999,0.14115591749381062,88.11249999999995,-1689.5
-4.131489649113607,0.28577778037086765,5686,192.72500000000036,0.14288889018543383,96.36250000000018,-3736
