Depth,lwr_2sd,median,upr_2sd,model
0,-69,-68,-67,Bchron
4,-60,-30,88,Bchron
8,-52,4,138,Bchron
12,-42.025,35,173.025,Bchron
16,-29,68,202.025,Bchron
20,-10.075,98,224.025,Bchron
24,27,139.5,260,Bchron
28.000000000000004,74,243,448.1,Bchron
32,98.975,287.5,530.075,Bchron
36,130.8,332,579.05,Bchron
40,147.925,370,625.05,Bchron
44,170.9,417,678.125,Bchron
48,192.95,459,718,Bchron
52,232.775,504.5,747.05,Bchron
56.00000000000001,299.975,553,780.05,Bchron
60,348,602,819.025,Bchron
64,445.85,726,932.025,Bchron
68,594,882,1100.25,Bchron
72,851,1063,1297,Bchron
76,1040.975,1274,1468.125,Bchron
80,1144,1413.5,1732.025,Bchron
84,1224.875,1504,1808.05,Bchron
88,1279.925,1596,1870,Bchron
92,1345,1685,1938.075,Bchron
96,1416.925,1783.5,1996.025,Bchron
100,1544.975,1922,2118,Bchron
104,1777.975,2064,2272.1,Bchron
108,2021,2241.5,2563.075,Bchron
112.00000000000001,2120,2354,2859.025,Bchron
115.99999999999999,2156,2430.5,2976.025,Bchron
120,2186.9,2504,3054.1,Bchron
124,2214.975,2581,3116.075,Bchron
128,2244.975,2671.5,3182.025,Bchron
132,2272.8,2766,3230.025,Bchron
136,2319,2911.5,3274.025,Bchron
140,2360.95,3039,3320,Bchron
144,2409.975,3247.5,3380.025,Bchron
148,2515.975,3374,3584.125,Bchron
152,2598.925,3474.5,3674,Bchron
156,2640.875,3563,3713.05,Bchron
160,2691.925,3674,3791,Bchron
164,2749.975,3727.5,3857.025,Bchron
168,2782.875,3751,3899.05,Bchron
172,2814.8,3772,3927.075,Bchron
176,2847.975,3791.5,3943.025,Bchron
180,2886.95,3814,3961.05,Bchron
184,2916.725,3839,3980,Bchron
188,2950.925,3868,4002.025,Bchron
192,2984.975,3896,4030,Bchron
196,3035.7,3936,4059,Bchron
200,3097.925,3968,4089.05,Bchron
204,3145.95,3984,4104.025,Bchron
208,3177.85,3996,4127.025,Bchron
212,3202.875,4007,4136.1,Bchron
216,3241.75,4019,4157.025,Bchron
220.00000000000003,3272.875,4029,4170.05,Bchron
224.00000000000003,3292.9,4038.5,4183,Bchron
227.99999999999997,3312.95,4049,4192.025,Bchron
231.99999999999997,3351.825,4061,4198,Bchron
236,3405.775,4073,4205.1,Bchron
240,3440.925,4082,4216.05,Bchron
244,3481.85,4094,4231,Bchron
248,3512.8,4105.5,4244.05,Bchron
252,3553.625,4122,4265.025,Bchron
256,3613.9,4160.5,4316.025,Bchron
260,3700.9,4225,4425.025,Bchron
264,3794.7,4262.5,4481,Bchron
268,3851.875,4294,4531.025,Bchron
272,3892.825,4321.5,4562.025,Bchron
276,3952.725,4350.5,4609.1,Bchron
280,4008.975,4380,4634.075,Bchron
284,4053.8,4404.5,4655.025,Bchron
288,4090.825,4433,4676.025,Bchron
292,4124.75,4460.5,4692.025,Bchron
296,4154.975,4487,4715.025,Bchron
300,4175.9,4513.5,4730.1,Bchron
304,4221.925,4538,4748.025,Bchron
308,4265.75,4562,4765,Bchron
312,4294.9,4592,4780.025,Bchron
316,4336.95,4621,4796,Bchron
320,4387.975,4652,4810.025,Bchron
324,4465.95,4683,4826,Bchron
328,4525.95,4726,4855.025,Bchron
332,4633,4818,4950.1,Bchron
336,4780.95,4913,5136.1,Bchron
340,4862.975,4969.5,5227.125,Bchron
344,4880.975,5009,5269,Bchron
348,4890.975,5041,5310.05,Bchron
352,4903.975,5066,5336,Bchron
356,4913.875,5097,5366.025,Bchron
360,4917.975,5164,5409,Bchron
364,4938,5323,5464,Bchron
368,4948.975,5324.5,5498.025,Bchron
372,4956,5327,5525.05,Bchron
376,4966,5327.5,5541.025,Bchron
380,4973,5329,5553.025,Bchron
384,4981.975,5332,5563.025,Bchron
388,4989.975,5334,5576,Bchron
392,4994,5335,5583,Bchron
396,5001,5336,5592,Bchron
400,5008,5338,5603.025,Bchron
404,5024.95,5341,5627.025,Bchron
408,5060.975,5365.5,5654.025,Bchron
412,5080,5377,5660.025,Bchron
416,5095,5380.5,5667,Bchron
420,5103,5381,5670.025,Bchron
424,5108.95,5383.5,5675,Bchron
428,5113,5387,5678.025,Bchron
432,5124.95,5389,5683,Bchron
436.00000000000006,5133.95,5391,5687,Bchron
440.00000000000006,5148.95,5396,5690,Bchron
444.00000000000006,5158,5402.5,5693,Bchron
448.00000000000006,5162,5403.5,5696.05,Bchron
451.99999999999994,5172.95,5408,5700.025,Bchron
455.99999999999994,5176.925,5410,5705.025,Bchron
459.99999999999994,5183.975,5415,5709,Bchron
463.99999999999994,5191,5419.5,5710.025,Bchron
468,5201,5422,5715.025,Bchron
472,5211,5430,5718.025,Bchron
476,5217.975,5439.5,5721,Bchron
480,5239,5448,5726.025,Bchron
484,5257.95,5463.5,5737,Bchron
488,5274,5473.5,5746,Bchron
492,5286,5486.5,5756,Bchron
496,5307.95,5503,5773.15,Bchron
500,5338,5595.5,5848,Bchron
504,5431,5690,5953.05,Bchron
508,5532,5757,6006.025,Bchron
512,5579.95,5808,6044.025,Bchron
516,5604.975,5842.5,6059.075,Bchron
520,5621.975,5868.5,6081.175,Bchron
524,5642.85,5888.5,6110,Bchron
528,5664.875,5906.5,6124.25,Bchron
532,5688,5923,6143.075,Bchron
536,5711.825,5942,6160.15,Bchron
540,5739.975,5962.5,6179.05,Bchron
544,5769.925,5981,6196,Bchron
548,5799.95,6003.5,6214.075,Bchron
552,5841,6038,6245.05,Bchron
556,5898.975,6076.5,6273.025,Bchron
560,5932,6100,6295.05,Bchron
564,5971.95,6125,6316.05,Bchron
568,6007,6152,6340,Bchron
572,6048.95,6208,6400.025,Bchron
576,6148.975,6320,6482.1,Bchron
580,6238.95,6400.5,6513.05,Bchron
584,6275,6437,6528.025,Bchron
588,6294.975,6462,6541,Bchron
592,6318.925,6487,6560.025,Bchron
596,6342.975,6514,6584.025,Bchron
600,6355.975,6522,6591,Bchron
604,6367.975,6527,6599.025,Bchron
608,6381.975,6532,6602.025,Bchron
612,6390,6538,6606,Bchron
616,6402.95,6543,6612,Bchron
620,6408.9,6546,6617,Bchron
624,6421,6550,6621.025,Bchron
628,6428.975,6556,6625,Bchron
632,6438,6560,6630,Bchron
636,6448.925,6564,6634,Bchron
640,6460.975,6570,6637,Bchron
644,6525.925,6617,6688.025,Bchron
648,6593.975,6677,6735,Bchron
652,6674.975,6726,6774.025,Bchron
656,6716.975,6751,6790,Bchron
660,6722.975,6756,6793,Bchron
664,6728.975,6764,6805,Bchron
668,6749,6797,6851.025,Bchron
672,6795.975,6850,6902,Bchron
676,6839,6883,6921,Bchron
680,6846,6887,6924,Bchron
684,6849.95,6888,6925,Bchron
688,6851,6889,6926,Bchron
692,6853,6890,6928,Bchron
696,6854,6891,6929,Bchron
700,6854,6892,6930,Bchron
704,6857,6893,6931,Bchron
708,6858,6894,6933,Bchron
712,6859.975,6895,6935,Bchron
716,6860.975,6896,6936,Bchron
720,6862,6897,6936.025,Bchron
724,6864,6898,6938,Bchron
728,6866,6899,6939,Bchron
732,6867,6900,6939,Bchron
736,6868.975,6902,6941,Bchron
740,6870,6903,6942.025,Bchron
744,6878,6913,6962.025,Bchron
748,6900.975,6951,7010,Bchron
752,6945.975,6997,7072.025,Bchron
756,6993,7032,7095,Bchron
760,7000.975,7040,7100,Bchron
764,7006,7048,7107,Bchron
768,7012.975,7058,7114.025,Bchron
772,7015,7061,7117.05,Bchron
776,7018.975,7063,7120,Bchron
780,7021,7065,7121.025,Bchron
784,7022,7067,7122,Bchron
788,7023,7070,7123,Bchron
792,7025,7072,7123.025,Bchron
796,7028,7074,7126,Bchron
800,7028,7077,7127.025,Bchron
803.9999999999999,7029,7079,7129,Bchron
808,7031.975,7080.5,7130.025,Bchron
811.9999999999999,7033.975,7082,7132,Bchron
816,7035.975,7085,7133,Bchron
819.9999999999999,7037.975,7087,7134.025,Bchron
824,7038.975,7089,7135.025,Bchron
827.9999999999999,7040.975,7091,7137,Bchron
832,7042,7093,7138,Bchron
836,7044,7095,7143,Bchron
840,7048,7100.5,7152.075,Bchron
844,7059.975,7121.5,7193.05,Bchron
848,7105,7185,7294,Bchron
852,7181,7290,7356,Bchron
856,7230.975,7316,7376.025,Bchron
860,7257,7329,7387,Bchron
864,7277.975,7343,7398.025,Bchron
868,7299,7359,7412,Bchron
872.0000000000001,7334.975,7383,7451.025,Bchron
876,7344,7399,7486.1,Bchron
880.0000000000001,7350,7412,7511,Bchron
884,7355.975,7423,7528,Bchron
888.0000000000001,7359,7435,7542,Bchron
892,7366.95,7448,7552.025,Bchron
896.0000000000001,7374,7459,7562.05,Bchron
900,7380,7472,7576.075,Bchron
903.9999999999999,7389.975,7488,7587.05,Bchron
908,7396.975,7500,7595.05,Bchron
911.9999999999999,7402.975,7512,7601,Bchron
916,7412,7524,7607.025,Bchron
919.9999999999999,7421,7539,7613.05,Bchron
924,7423.975,7553,7618,Bchron
927.9999999999999,7429.975,7568,7624,Bchron
932,7441,7583,7630,Bchron
936,7449.975,7606,7636,Bchron
940,7472.975,7621,7645.025,Bchron
944,7485,7623,7647,Bchron
948,7490.975,7624,7649,Bchron
952,7494,7626,7651,Bchron
956,7500,7628,7652.025,Bchron
960,7509,7629,7655,Bchron
964,7517.95,7631,7656.025,Bchron
968,7522.975,7632,7658,Bchron
972.0000000000001,7527,7634,7659,Bchron
976,7532.975,7636,7660.025,Bchron
980.0000000000001,7540,7637,7663,Bchron
984,7546,7639,7664,Bchron
988.0000000000001,7554.975,7641,7665.025,Bchron
992,7564,7644,7667,Bchron
996.0000000000001,7573.95,7645,7670,Bchron
1000,7580.95,7648,7672,Bchron
1003.9999999999999,7593.975,7655,7684,Bchron
1008,7605.975,7661,7698,Bchron
1011.9999999999999,7610,7666,7710,Bchron
1016,7617,7671,7719.025,Bchron
1019.9999999999999,7622,7676,7725.025,Bchron
1024,7627.975,7680,7733.025,Bchron
1028,7635.975,7686,7743,Bchron
1032,7642,7692,7752,Bchron
1036,7649.95,7698,7760.025,Bchron
1040,7654.975,7704,7767,Bchron
1044,7665,7711,7774,Bchron
1048,7680.975,7729,7794,Bchron
1052,7691,7743,7819.025,Bchron
1056,7699,7756,7832.025,Bchron
1060,7707,7768,7841.05,Bchron
1064,7714.975,7781,7856.05,Bchron
1068,7719.975,7793,7867.025,Bchron
1072,7732,7805,7883.05,Bchron
1076,7746.975,7819.5,7898.025,Bchron
1080,7768,7841.5,7922,Bchron
1084,7783.975,7852,7928,Bchron
1088,7793,7861,7937,Bchron
1092,7797,7869,7952,Bchron
1096,7806.95,7877,7958,Bchron
1100,7811,7886,7965,Bchron
1104,7819.975,7894,7973.025,Bchron
1108,7825.975,7902,7978,Bchron
1112,7835.925,7912,7983.025,Bchron
1116,7843.975,7922,7988.025,Bchron
1120,7852,7930,7991,Bchron
1124,7861,7937,7995,Bchron
1128,7868.975,7945,8001,Bchron
1132,7881.925,7953,8003.025,Bchron
1136,7894,7961,8007.05,Bchron
1140,7912,7972,8013.025,Bchron
1144,7937,7988,8033.05,Bchron
1148,7953.975,8011,8113.025,Bchron
1152,7962,8027,8159,Bchron
1156,7971,8041,8188.075,Bchron
1160,7979.975,8056,8212.05,Bchron
1164,7984,8072,8249.175,Bchron
1168,7988.975,8086,8283.075,Bchron
1172,7992.975,8100.5,8308.025,Bchron
1176,7998.95,8117,8331.025,Bchron
1180,8002,8132,8351.05,Bchron
1184,8008,8149.5,8382.025,Bchron
1188,8014,8163,8409.025,Bchron
1192,8019,8175.5,8431,Bchron
1196,8026.975,8189,8459.125,Bchron
1200,8032,8206,8493.075,Bchron
1204,8036.975,8223,8523.125,Bchron
