"","year","lat","lon","mhhw(m)","mhw(m)","mtl(m)","mlw(m)","mllw(m)","range(m)","HAT(m)","model"
"1",1,16.78,-87.86,0.00172067039106145,0.00174927113702623,0.001,-0.00182456140350876,-0.00226111111111112,0.00401392757660168,0.00443947858472998,"Hill et al. (2011)"
"2",1,16.75,-87.8,0.00191596638655463,0.00163556851311952,0.001,-0.00167251461988303,-0.00250696378830084,0.00420223152022314,0.00443947858472998,"Hill et al. (2011)"
"3",1,16.78,-87.83,0.00172067039106145,0.00178425655976676,0.001,-0.00182456140350876,-0.00247353760445683,0.00420223152022314,0.00443947858472998,"Hill et al. (2011)"
"4",1,17.2,-87.53,0.00192676056338029,0.00164516129032257,0.001,-0.00168235294117646,-0.00252808988764046,0.00407865168539326,0.00419324577861163,"Hill et al. (2011)"
"5",1,17.33,-87.79,0.00173033707865169,0.00160818713450292,0,-0.00164516129032257,-0.00224929971988795,0.00416129032258064,0.00441275797373358,"Hill et al. (2011)"
"6",1,17.55,-87.75,0.00173521126760563,0.00161290322580644,0,-0.00180530973451327,-0.00246760563380281,0.00399156118143459,0.00440754716981132,"Hill et al. (2011)"
"7",1,16.9,-88.06,0.00167847411444142,0.00173863636363637,NA,-0.00162039660056657,-0.00243243243243244,0.00411940298507463,0.00409335727109514,"Hill et al. (2011)"
"8",1,17.06,-88,0.00170165745856354,0.00158045977011494,NA,-0.00179827089337176,-0.00243956043956044,0.00411845730027549,0.0040934065934066,"Hill et al. (2011)"
"9",1,17.23,-88.05,0.00167847411444142,0.00158923512747876,0,-0.00164689265536724,-0.00222371967654987,0.00390514905149053,0.00405913978494621,"Hill et al. (2011)"
"10",1,17.47,-88.04,0.00168306010928962,0.0015982905982906,NA,-0.00178285714285714,-0.00221798365122616,0.00390710382513662,0.00433454545454542,"Hill et al. (2011)"
"11",1,16.45,-88.03,0.00172252747252748,0.00160285714285714,NA,-0.00178796561604585,-0.00245231607629429,0.00396721311475409,0.00442987249544624,"Hill et al. (2011)"
"12",1,16.8,-88.08,0.00167391304347826,0.00173371104815864,NA,-0.00161581920903955,-0.00242587601078167,0.0039296346414073,0.00439497307001793,"Hill et al. (2011)"
"13",1,16.1,-88.25,0.00171780821917809,0.00156695156695157,0.001,-0.00175358166189112,-0.0024390243902439,0.00413623978201635,0.00442181818181817,"Hill et al. (2011)"
"14",1,16.26,-88.17,0.00171780821917809,0.00171428571428572,0.001,-0.00178796561604585,-0.00244565217391304,0.00396180081855388,0.00442987249544624,"Hill et al. (2011)"
"15",1,16.96,-88.05,0.00170380434782609,0.00173371104815864,Inf,-0.00179661016949153,-0.00221774193548387,0.00392432432432432,0.00409821428571425,"Hill et al. (2011)"
"16",1,17.47,-88.04,0.00168306010928962,0.0015982905982906,NA,-0.00178285714285714,-0.00221798365122616,0.00390710382513662,0.00433454545454542,"Hill et al. (2011)"
"17",1,16.96,-88.05,0.00170380434782609,0.00173371104815864,Inf,-0.00179661016949153,-0.00221774193548387,0.00392432432432432,0.00409821428571425,"Hill et al. (2011)"
"18",1,16.84,-87.76,0.0017563025210084,0.00163556851311952,0.001,-0.0018299120234604,-0.00229805013927577,0.00420810055865922,0.00444776119402984,"Hill et al. (2011)"
"19",1,16.89,-87.77,0.00172549019607843,0.00163556851311952,0.001,-0.0018299120234604,-0.00226740947075209,0.00420810055865922,0.00444776119402984,"Hill et al. (2011)"
"20",1,16.74,-87.84,0.00172067039106145,0.00178425655976676,0.001,-0.00182456140350876,-0.00229166666666666,0.00420223152022314,0.00443947858472998,"Hill et al. (2011)"
"21",1,17.39,-87.49,0.0017661971830986,0.0018,0.001,-0.00184070796460176,-0.00253521126760564,0.00427605633802816,0.00445951035781544,"Hill et al. (2011)"
"22",1,17.39,-87.53,0.0017661971830986,0.0018,0.001,-0.00184070796460176,-0.00250140845070422,0.00424366197183099,0.00445951035781544,"Hill et al. (2011)"
"23",1,17.15,-87.61,0.00176123595505618,0.00179472140762463,0.001,-0.00183529411764705,-0.0023109243697479,0.00422580645161291,0.00447279549718574,"Hill et al. (2011)"
"24",1,17.48,-87.83,0.00173033707865169,0.00160818713450292,0,-0.0018,-0.00246067415730337,0.00416713483146067,0.00411654135338346,"Hill et al. (2011)"
"25",1,17.25,-87.93,0.00172067039106145,0.00159883720930232,0.001,-0.00178947368421052,-0.00223676880222841,0.00395815899581589,0.00411380597014926,"Hill et al. (2011)"
"26",1,17.38,-87.92,0.00188235294117647,0.00160349854227405,0.001,-0.00164035087719298,-0.00224301675977653,0.00411748251748253,0.004374531835206,"Hill et al. (2011)"
"27",1,17.36,-87.88,0.00172549019607843,0.00160349854227405,0,-0.00179472140762463,-0.00224301675977653,0.00415546218487395,0.00410112359550563,"Hill et al. (2011)"
"28",1,16.9,-88.09,0.00166755319148936,0.00158448753462604,0,-0.00163186813186814,-0.002217277486911,0.00391820580474933,0.00407439446366784,"Hill et al. (2011)"
"29",1,16.84,-88.1,0.00152,0.00158888888888889,0,-0.00179501385041551,-0.00223482849604222,0.00390981432360743,0.00381151832460733,"Hill et al. (2011)"
"30",1,16.83,-88.1,0.00167647058823529,0.00158888888888889,0,-0.00164542936288089,-0.00223482849604222,0.00391500664010624,0.00409090909090909,"Hill et al. (2011)"
"31",1,16.63,-88.2,0.00150895140664962,0.001584,0,-0.00178249336870027,-0.00222222222222221,0.00389058524173028,0.00412060301507539,"Hill et al. (2011)"
"32",1,17.4,-88.07,0.00170588235294118,0.00158888888888889,0,-0.00164542936288089,-0.00221164021164022,0.00392021276595744,0.00402631578947368,"Hill et al. (2011)"
"33",1,16.8,-88.08,0.00167391304347826,0.00173371104815864,NA,-0.00161581920903955,-0.00242587601078167,0.0039296346414073,0.00439497307001793,"Hill et al. (2011)"
"34",1,16.83,-88.11,0.00168783068783069,0.00157575757575758,0,-0.00162739726027397,-0.00221148825065275,0.00372536136662288,0.00381379310344829,"Hill et al. (2011)"
"35",1,17.48,-87.82,0.00173033707865169,0.00160818713450292,0,-0.0018,-0.00246067415730337,0.00416713483146067,0.00411654135338346,"Hill et al. (2011)"
"36",1,17.9148,87.9895,0.00175274725274725,0.00160285714285714,5e-04,-0.00168011527377522,-0.00245303867403315,0.00399449793672627,0.00428985507246374,"Hill et al. (2011)"
"37",1,17.9405,87.9559,0.00173204419889503,0.00161206896551724,0,-0.00180869565217392,-0.00225484764542937,0.00398616874135546,0.0040237226277372,"Hill et al. (2011)"
"38",1,17.9895,87.9633,0.00173204419889503,0.00161206896551724,0,-0.00180869565217392,-0.00225484764542937,0.00398616874135546,0.00400909090909088,"Hill et al. (2011)"
"39",1,17.948,88.113,0.00162729658792651,0.00150273224043716,0.000333333333333333,-0.00209444444444445,-0.00254641909814324,0.00430870712401055,0.00368666666666667,"Hill et al. (2011)"
"40",1,17.864,88.041,0.00175405405405406,0.00161126760563381,0,-0.00185142857142857,-0.00249180327868853,0.00418750000000001,0.00399644760213144,"Hill et al. (2011)"
"41",2,16.78,-87.86,0.00140782122905028,0.00131195335276967,0.001,-0.00136842105263157,-0.00185,0.0032841225626741,0.0033296089385475,"Hill et al. (2011)"
"42",2,16.75,-87.8,0.00143697478991597,0.00133819241982507,0.001,-0.00136842105263157,-0.00208913649025069,0.00328870292887029,0.0033296089385475,"Hill et al. (2011)"
"43",2,16.78,-87.83,0.0012513966480447,0.00133819241982507,0.001,-0.00136842105263157,-0.00206128133704736,0.00328870292887029,0.0033296089385475,"Hill et al. (2011)"
"44",2,17.2,-87.53,0.00144507042253521,0.00134604105571847,0.001,-0.00137647058823528,-0.00210674157303371,0.00333707865168539,0.00335459662288931,"Hill et al. (2011)"
"45",2,17.33,-87.79,0.00141573033707865,0.0013157894736842,0.001,-0.00134604105571847,-0.00184033613445378,0.00325666199158486,0.0033095684803002,"Hill et al. (2011)"
"46",2,17.55,-87.75,0.00141971830985916,0.00131964809384164,0.001,-0.00150442477876105,-0.00205633802816901,0.00326582278481014,0.00330566037735849,"Hill et al. (2011)"
"47",2,16.9,-88.06,0.00122070844686649,0.00130397727272728,NA,-0.00117847025495751,-0.00182432432432432,0.00304477611940299,0.00272890484739674,"Hill et al. (2011)"
"48",2,17.06,-88,0.00123756906077348,0.00114942528735632,NA,-0.00134870317002882,-0.00182967032967034,0.00304407713498622,0.0030018315018315,"Hill et al. (2011)"
"49",2,17.23,-88.05,0.00122070844686649,0.0011558073654391,0,-0.00119774011299435,-0.00161725067385445,0.00284010840108401,0.0024354838709677,"Hill et al. (2011)"
"50",2,17.47,-88.04,0.00122404371584699,0.00116239316239317,NA,-0.00133714285714286,-0.00161307901907357,0.00301912568306012,0.00298000000000001,"Hill et al. (2011)"
"51",2,16.45,-88.03,0.00140934065934066,0.00116571428571428,NA,-0.00134097421203438,-0.00183923705722071,0.0030655737704918,0.00332240437158471,"Hill et al. (2011)"
"52",2,16.8,-88.08,0.00121739130434783,0.0011558073654391,NA,-0.00117514124293785,-0.00161725067385445,0.00285791610284167,0.00274685816876119,"Hill et al. (2011)"
"53",2,16.1,-88.25,0.0014054794520548,0.00113960113960114,0.001,-0.00146131805157593,-0.00182926829268293,0.00323705722070844,0.00331636363636365,"Hill et al. (2011)"
"54",2,16.26,-88.17,0.00124931506849315,0.00128571428571429,0.001,-0.00134097421203438,-0.00183423913043479,0.00306139154160984,0.00332240437158471,"Hill et al. (2011)"
"55",2,16.96,-88.05,0.00123913043478261,0.0011558073654391,NA,-0.00119774011299435,-0.00161290322580646,0.00285405405405406,0.00245892857142854,"Hill et al. (2011)"
"56",2,17.47,-88.04,0.00122404371584699,0.00116239316239317,NA,-0.00133714285714286,-0.00161307901907357,0.00301912568306012,0.00298000000000001,"Hill et al. (2011)"
"57",2,16.96,-88.05,0.00123913043478261,0.0011558073654391,NA,-0.00119774011299435,-0.00161290322580646,0.00285405405405406,0.00245892857142854,"Hill et al. (2011)"
"58",2,16.84,-87.76,0.00143697478991597,0.00133819241982507,0.001,-0.001524926686217,-0.00188022284122563,0.00329329608938547,0.0033358208955224,"Hill et al. (2011)"
"59",2,16.89,-87.77,0.00141176470588236,0.00133819241982507,0.001,-0.001524926686217,-0.00185515320334262,0.00329329608938547,0.0033358208955224,"Hill et al. (2011)"
"60",2,16.74,-87.84,0.00140782122905028,0.00133819241982507,0.001,-0.00136842105263157,-0.001875,0.00347140864714088,0.00360707635009311,"Hill et al. (2011)"
"61",2,17.39,-87.49,0.00144507042253521,0.00134999999999999,0.001,-0.00138053097345132,-0.00211267605633803,0.00334647887323944,0.00334463276836158,"Hill et al. (2011)"
"62",2,17.39,-87.53,0.00144507042253521,0.00134999999999999,0.001,-0.00138053097345132,-0.00208450704225352,0.0033211267605634,0.00334463276836158,"Hill et al. (2011)"
"63",2,17.15,-87.61,0.00144101123595506,0.00134604105571847,0.001,-0.00137647058823528,-0.00189075630252102,0.00330715287517533,0.00363414634146342,"Hill et al. (2011)"
"64",2,17.48,-87.83,0.00141573033707865,0.0013157894736842,0,-0.00149999999999999,-0.00205056179775281,0.00326123595505617,0.00329323308270676,"Hill et al. (2011)"
"65",2,17.25,-87.93,0.00140782122905028,0.00116279069767442,0.001,-0.00149122807017543,-0.00183008356545961,0.00323849372384938,0.00329104477611941,"Hill et al. (2011)"
"66",2,17.38,-87.92,0.00141176470588236,0.00131195335276967,0.001,-0.00134210526315789,-0.00183519553072625,0.00322237762237762,0.00328089887640451,"Hill et al. (2011)"
"67",2,17.36,-87.88,0.00141176470588236,0.00116618075801748,0.001,-0.00134604105571847,-0.00183519553072625,0.00325210084033614,0.00328089887640451,"Hill et al. (2011)"
"68",2,16.9,-88.09,0.00106117021276596,0.00115235457063712,0,-0.00103846153846154,-0.00120942408376963,0.00249340369393139,0.00190138408304499,"Hill et al. (2011)"
"69",2,16.84,-88.1,0.001064,0.00101111111111111,0,-0.00119667590027701,-0.00162532981530343,0.00266578249336871,0.00217801047120419,"Hill et al. (2011)"
"70",2,16.83,-88.1,0.0012192513368984,0.00101111111111111,0,-0.00119667590027701,-0.00142216358839051,0.00266932270916334,0.00218181818181817,"Hill et al. (2011)"
"71",2,16.63,-88.2,0.00090537084398977,0.001008,0,-0.00103978779840849,-0.00121212121212122,0.00229898218829516,0.00192294807370186,"Hill et al. (2011)"
"72",2,17.4,-88.07,0.00124064171122995,0.00101111111111111,0,-0.00119667590027701,-0.00140740740740741,0.00267287234042554,0.0024157894736842,"Hill et al. (2011)"
"73",2,16.8,-88.08,0.00121739130434783,0.0011558073654391,NA,-0.00117514124293785,-0.00161725067385445,0.00285791610284167,0.00274685816876119,"Hill et al. (2011)"
"74",2,16.83,-88.11,0.00107407407407407,0.00100275482093664,0,-0.00103561643835617,-0.00140731070496083,0.00248357424441525,0.00190689655172413,"Hill et al. (2011)"
"75",2,17.48,-87.82,0.00141573033707865,0.00116959064327485,0,-0.00134999999999999,-0.00205056179775281,0.00326123595505617,0.00329323308270676,"Hill et al. (2011)"
"76",2,17.9148,87.9895,0.00127472527472527,0.00116571428571428,5e-04,-0.00137463976945245,-0.00204419889502763,0.0030866574965612,0.00294927536231882,"Hill et al. (2011)"
"77",2,17.9405,87.9559,0.00125966850828729,0.00117241379310345,0,-0.00135652173913044,-0.00184487534626039,0.00308022130013832,0.00295072992700729,"Hill et al. (2011)"
"78",2,17.9895,87.9633,0.00125966850828729,0.00117241379310345,0,-0.00150724637681159,-0.00184487534626039,0.00326141078838174,0.00267272727272727,"Hill et al. (2011)"
"79",2,17.948,88.113,0.000976377952755902,0.000901639344262295,0.000666666666666667,-0.00161111111111111,-0.00212201591511936,0.00299736147757257,0.00184333333333334,"Hill et al. (2011)"
"80",2,17.864,88.041,0.00127567567567568,0.00117183098591549,5e-04,-0.00154285714285714,-0.00207650273224044,0.00327717391304347,0.00266429840142096,"Hill et al. (2011)"
"81",3,16.78,-87.86,0.00109497206703911,0.0010204081632653,0,-0.00106432748538011,-0.00123333333333334,0.00237186629526462,0.00360707635009311,"Hill et al. (2011)"
"82",3,16.75,-87.8,0.00111764705882353,0.00104081632653061,0,-0.000912280701754378,-0.00146239554317548,0.00237517433751744,0.0033296089385475,"Hill et al. (2011)"
"83",3,16.78,-87.83,0.00109497206703911,0.00104081632653061,0,-0.00106432748538011,-0.00144289693593315,0.002557880055788,0.0033296089385475,"Hill et al. (2011)"
"84",3,17.2,-87.53,0.00112394366197183,0.00104692082111436,0,-0.000917647058823523,-0.00147471910112359,0.00241011235955058,0.00335459662288931,"Hill et al. (2011)"
"85",3,17.33,-87.79,0.00110112359550562,0.00102339181286549,0,-0.000897360703812307,-0.00143137254901961,0.00253295932678821,0.0033095684803002,"Hill et al. (2011)"
"86",3,17.55,-87.75,0.00110422535211268,0.00102639296187682,0,-0.00105309734513274,-0.00143943661971831,0.00235864978902953,0.0035811320754717,"Hill et al. (2011)"
"87",3,16.9,-88.06,0.000915531335149863,0.000869318181818179,NA,-0.000736543909348443,-0.00101351351351352,0.00197014925373135,0.00218312387791739,"Hill et al. (2011)"
"88",3,17.06,-88,0.000928176795580112,0.000862068965517243,NA,-0.000899135446685878,-0.00121978021978023,0.00214876033057851,0.00272893772893773,"Hill et al. (2011)"
"89",3,17.23,-88.05,0.000915531335149863,0.000722379603399437,0.001,-0.000598870056497176,-0.000808625336927229,0.00159756097560976,0.0018942652329749,"Hill et al. (2011)"
"90",3,17.47,-88.04,0.000765027322404375,0.000871794871794875,NA,-0.000891428571428571,-0.00100817438692098,0.0019535519125683,0.00270909090909091,"Hill et al. (2011)"
"91",3,16.45,-88.03,0.000939560439560443,0.000874285714285716,-Inf,-0.000893982808022921,-0.00122615803814714,0.0021639344262295,0.0030455373406193,"Hill et al. (2011)"
"92",3,16.8,-88.08,0.000760869565217391,0.000866855524079321,NA,-0.000587570621468927,-0.00101078167115903,0.00178619756427606,0.00247217235188507,"Hill et al. (2011)"
"93",3,16.1,-88.25,0.00109315068493151,0.000854700854700859,0,-0.00102292263610315,-0.00121951219512195,0.00233787465940055,0.00331636363636365,"Hill et al. (2011)"
"94",3,16.26,-88.17,0.000936986301369867,0.001,0,-0.000893982808022921,-0.00122282608695652,0.00216098226466577,0.00332240437158471,"Hill et al. (2011)"
"95",3,16.96,-88.05,0.000774456521739131,0.000866855524079321,NA,-0.000748587570621469,-0.000806451612903228,0.00160540540540541,0.00191249999999998,"Hill et al. (2011)"
"96",3,17.47,-88.04,0.000765027322404375,0.000871794871794875,NA,-0.000891428571428571,-0.00100817438692098,0.0019535519125683,0.00270909090909091,"Hill et al. (2011)"
"97",3,16.96,-88.05,0.000774456521739131,0.000866855524079321,NA,-0.000748587570621469,-0.000806451612903228,0.00160540540540541,0.00191249999999998,"Hill et al. (2011)"
"98",3,16.84,-87.76,0.00111764705882353,0.00104081632653061,0,-0.0010674486803519,-0.00125348189415042,0.00237849162011172,0.0033358208955224,"Hill et al. (2011)"
"99",3,16.89,-87.77,0.00109803921568628,0.00104081632653061,0,-0.0010674486803519,-0.00123676880222841,0.00237849162011172,0.0033358208955224,"Hill et al. (2011)"
"100",3,16.74,-87.84,0.00109497206703911,0.00104081632653061,0,-0.00106432748538011,-0.00125,0.002557880055788,0.00360707635009311,"Hill et al. (2011)"
"101",3,17.39,-87.49,0.00112394366197183,0.00105,0,-0.00107374631268436,-0.00147887323943661,0.00260281690140846,0.00334463276836158,"Hill et al. (2011)"
"102",3,17.39,-87.53,0.00112394366197183,0.00105,0,-0.00107374631268436,-0.00145915492957746,0.00258309859154929,0.00334463276836158,"Hill et al. (2011)"
"103",3,17.15,-87.61,0.00112078651685393,0.00104692082111436,0,-0.00107058823529411,-0.00147058823529411,0.00257223001402523,0.00363414634146342,"Hill et al. (2011)"
"104",3,17.48,-87.83,0.00110112359550562,0.000877192982456136,0,-0.00105,-0.00143539325842697,0.00253651685393258,0.00329323308270676,"Hill et al. (2011)"
"105",3,17.25,-87.93,0.00109497206703911,0.000872093023255818,0,-0.0010438596491228,-0.00122005571030641,0.0023389121338912,0.00329104477611941,"Hill et al. (2011)"
"106",3,17.38,-87.92,0.00109803921568628,0.0010204081632653,0,-0.000894736842105254,-0.00122346368715084,0.00250629370629371,0.00328089887640451,"Hill et al. (2011)"
"107",3,17.36,-87.88,0.00109803921568628,0.00087463556851311,0,-0.00104692082111436,-0.00122346368715084,0.00252941176470589,0.00328089887640451,"Hill et al. (2011)"
"108",3,16.9,-88.09,0.000606382978723403,0.000720221606648197,0,-0.000445054945054944,-0.000403141361256548,0.00106860158311345,0.00108650519031142,"Hill et al. (2011)"
"109",3,16.84,-88.1,0.000607999999999997,0.000577777777777781,0.001,-0.000598337950138507,-0.000609498680738785,0.00142175066312997,0.00136125654450261,"Hill et al. (2011)"
"110",3,16.83,-88.1,0.000762032085561498,0.000577777777777781,0.001,-0.000598337950138507,-0.000609498680738785,0.00142363877822047,0.00136363636363637,"Hill et al. (2011)"
"111",3,16.63,-88.2,0.000301790281329921,0.000432000000000002,0,-0.00029708222811671,-0.000202020202020203,0.000707379134860048,0.000824120603015066,"Hill et al. (2011)"
"112",3,17.4,-88.07,0.000775401069518719,0.000577777777777781,0.001,-0.000598337950138507,-0.000603174603174605,0.00142553191489361,0.00161052631578948,"Hill et al. (2011)"
"113",3,16.8,-88.08,0.000760869565217391,0.000866855524079321,NA,-0.000587570621468927,-0.00101078167115903,0.00178619756427606,0.00247217235188507,"Hill et al. (2011)"
"114",3,16.83,-88.11,0.000613756613756615,0.000573002754820938,0,-0.000443835616438355,-0.000402088772845949,0.00106438896189226,0.0010896551724138,"Hill et al. (2011)"
"115",3,17.48,-87.82,0.00110112359550562,0.000877192982456136,0,-0.00105,-0.00143539325842697,0.00253651685393258,0.00329323308270676,"Hill et al. (2011)"
"116",3,17.9148,87.9895,0.000956043956043956,0.000728571428571433,5e-04,-0.00106916426512969,-0.00143093922651934,0.00217881705639614,0.00268115942028985,"Hill et al. (2011)"
"117",3,17.9405,87.9559,0.00094475138121547,0.000732758620689652,0,-0.00105507246376812,-0.00122991689750693,0.00217427385892116,0.00268248175182481,"Hill et al. (2011)"
"118",3,17.9895,87.9633,0.00094475138121547,0.000732758620689652,0,-0.00105507246376812,-0.00143490304709142,0.0023554633471646,0.00267272727272727,"Hill et al. (2011)"
"119",3,17.948,88.113,0.000488188976377951,0.000450819672131147,0.000666666666666667,-0.00128888888888889,-0.00148541114058355,0.00187335092348284,0.00131666666666666,"Hill et al. (2011)"
"120",3,17.864,88.041,0.0007972972972973,0.000732394366197181,5e-04,-0.00123428571428572,-0.00145355191256831,0.00218478260869565,0.00239786856127885,"Hill et al. (2011)"
"121",4,16.78,-87.86,-0.00312849162011173,-0.00276967930029155,0,0.00288888888888889,0.00390555555555555,-0.00711559888579386,-0.00638175046554934,"Hill et al. (2011)"
"122",4,16.75,-87.8,-0.00303361344537815,-0.00282507288629738,0,0.00288888888888889,0.00376044568245125,-0.00694281729428171,-0.00638175046554934,"Hill et al. (2011)"
"123",4,16.78,-87.83,-0.00312849162011173,-0.00282507288629738,0,0.00288888888888889,0.00371030640668522,-0.00694281729428171,-0.00638175046554934,"Hill et al. (2011)"
"124",4,17.2,-87.53,-0.00289014084507042,-0.00284164222873901,0,0.00290588235294118,0.00379213483146067,-0.00685955056179774,-0.00642964352720451,"Hill et al. (2011)"
"125",4,17.33,-87.79,-0.00298876404494382,-0.00277777777777778,0,0.00284164222873901,0.00368067226890756,-0.00669424964936885,-0.00634333958724204,"Hill et al. (2011)"
"126",4,17.55,-87.75,-0.00299718309859155,-0.0027859237536657,0,0.00270796460176991,0.00370140845070421,-0.00689451476793247,-0.00606037735849058,"Hill et al. (2011)"
"127",4,16.9,-88.06,-0.00335694822888283,-0.00304261363636363,NA,0.00338810198300283,0.00445945945945947,-0.00788059701492538,-0.00845960502692999,"Hill et al. (2011)"
"128",4,17.06,-88,-0.00324861878453038,-0.00301724137931034,NA,0.00299711815561959,0.00406593406593407,-0.00734159779614324,-0.00736813186813187,"Hill et al. (2011)"
"129",4,17.23,-88.05,-0.00335694822888283,-0.0031784702549575,0.001,0.00344350282485875,0.00464959568733155,-0.00798780487804879,-0.00838888888888889,"Hill et al. (2011)"
"130",4,17.47,-88.04,-0.00336612021857924,-0.00319658119658119,NA,0.00312,0.00423433242506813,-0.00745901639344262,-0.00731454545454546,"Hill et al. (2011)"
"131",4,16.45,-88.03,-0.00328846153846153,-0.00305999999999999,NA,0.00312893982808023,0.00408719346049047,-0.00757377049180329,-0.00719854280510018,"Hill et al. (2011)"
"132",4,16.8,-88.08,-0.0035,-0.0031784702549575,NA,0.00337853107344632,0.00444743935309973,-0.00803788903924223,-0.00824057450628365,"Hill et al. (2011)"
"133",4,16.1,-88.25,-0.00327945205479453,-0.00299145299145299,0.001,0.00292263610315185,0.00406504065040651,-0.00737329700272481,-0.00663272727272729,"Hill et al. (2011)"
"134",4,16.26,-88.17,-0.00327945205479453,-0.00285714285714285,0.001,0.00297994269340974,0.00407608695652174,-0.00738335607094134,-0.0069216757741348,"Hill et al. (2011)"
"135",4,16.96,-88.05,-0.00340760869565217,-0.0031784702549575,NA,0.00344350282485875,0.00463709677419355,-0.00802702702702704,-0.00874285714285714,"Hill et al. (2011)"
"136",4,17.47,-88.04,-0.00336612021857924,-0.00319658119658119,NA,0.00312,0.00423433242506813,-0.00745901639344262,-0.00731454545454546,"Hill et al. (2011)"
"137",4,16.96,-88.05,-0.00340760869565217,-0.0031784702549575,NA,0.00344350282485875,0.00463709677419355,-0.00802702702702704,-0.00874285714285714,"Hill et al. (2011)"
"138",4,16.84,-87.76,-0.00303361344537815,-0.00282507288629738,0,0.00274486803519062,0.00396935933147631,-0.00695251396648043,-0.00639365671641792,"Hill et al. (2011)"
"139",4,16.89,-87.77,-0.00298039215686274,-0.00282507288629738,0,0.00274486803519062,0.00391643454038997,-0.00695251396648043,-0.00639365671641792,"Hill et al. (2011)"
"140",4,16.74,-87.84,-0.00312849162011173,-0.00282507288629738,0,0.00288888888888889,0.00395833333333333,-0.00694281729428171,-0.00638175046554934,"Hill et al. (2011)"
"141",4,17.39,-87.49,-0.00305070422535211,-0.00285000000000001,0,0.00291445427728614,0.00380281690140845,-0.00687887323943662,-0.00613182674199625,"Hill et al. (2011)"
"142",4,17.39,-87.53,-0.00305070422535211,-0.0027,0,0.00276106194690266,0.00375211267605632,-0.00682676056338027,-0.00613182674199625,"Hill et al. (2011)"
"143",4,17.15,-87.61,-0.00304213483146067,-0.00269208211143696,0,0.00275294117647059,0.003781512605042,-0.00679803646563813,-0.00615009380863041,"Hill et al. (2011)"
"144",4,17.48,-87.83,-0.00298876404494382,-0.00277777777777778,0,0.0027,0.00369101123595504,-0.00670365168539325,-0.00631203007518796,"Hill et al. (2011)"
"145",4,17.25,-87.93,-0.00312849162011173,-0.00290697674418604,0.001,0.00283333333333333,0.00386350974930362,-0.006836820083682,-0.00658208955223882,"Hill et al. (2011)"
"146",4,17.38,-87.92,-0.00298039215686274,-0.00276967930029155,0,0.00283333333333333,0.00387430167597765,-0.0068027972027972,-0.00628838951310862,"Hill et al. (2011)"
"147",4,17.36,-87.88,-0.00298039215686274,-0.00291545189504373,0,0.00284164222873901,0.00387430167597765,-0.00668487394957981,-0.00628838951310862,"Hill et al. (2011)"
"148",4,16.9,-88.09,-0.00378989361702128,-0.00345706371191135,0.001,0.00385714285714285,0.00544240837696336,-0.0090831134564644,-0.0103217993079585,"Hill et al. (2011)"
"149",4,16.84,-88.1,-0.0038,-0.00346666666666666,0.001,0.00373961218836565,0.00507915567282323,-0.00888594164456236,-0.0100732984293193,"Hill et al. (2011)"
"150",4,16.83,-88.1,-0.00365775401069519,-0.00346666666666666,0.001,0.00373961218836565,0.00507915567282323,-0.00871978751660027,-0.00981818181818181,"Hill et al. (2011)"
"151",4,16.63,-88.2,-0.00452685421994885,-0.004032,0.001,0.00430769230769231,0.00606060606060606,-0.0104338422391858,-0.0120871021775544,"Hill et al. (2011)"
"152",4,17.4,-88.07,-0.00372192513368984,-0.00346666666666666,0.001,0.00359002770083102,0.00502645502645503,-0.00855319148936171,-0.00912631578947368,"Hill et al. (2011)"
"153",4,16.8,-88.08,-0.0035,-0.0031784702549575,NA,0.00337853107344632,0.00444743935309973,-0.00803788903924223,-0.00824057450628365,"Hill et al. (2011)"
"154",4,16.83,-88.11,-0.00398941798941799,-0.00358126721763085,0.001,0.00384657534246575,0.00522715404699739,-0.00922470433639949,-0.0106241379310344,"Hill et al. (2011)"
"155",4,17.48,-87.82,-0.00298876404494382,-0.00277777777777778,0,0.00285000000000001,0.00369101123595504,-0.00670365168539325,-0.00631203007518796,"Hill et al. (2011)"
"156",4,17.9148,87.9895,-0.00334615384615384,-0.00305999999999999,0.001,0.00290201729106628,0.00367955801104973,-0.00726272352132049,-0.00723913043478261,"Hill et al. (2011)"
"157",4,17.9405,87.9559,-0.00314917127071822,-0.00307758620689655,0.001,0.00286376811594202,0.00389473684210526,-0.00706639004149376,-0.00724270072992703,"Hill et al. (2011)"
"158",4,17.9895,87.9633,-0.00314917127071822,-0.00307758620689655,0.001,0.00271304347826087,0.00368975069252077,-0.00706639004149376,-0.00721636363636363,"Hill et al. (2011)"
"159",4,17.948,88.113,-0.00406824146981628,-0.00390710382513661,0.00133333333333333,0.0030611111111111,0.00403183023872679,-0.00824274406332454,-0.01027,"Hill et al. (2011)"
"160",4,17.864,88.041,-0.00366756756756757,-0.0032225352112676,0.001,0.00277714285714285,0.0037377049180328,-0.00728260869565217,-0.00799289520426286,"Hill et al. (2011)"
"161",5,16.78,-87.86,-0.000938547486033524,-0.000728862973760937,0,0.000912280701754385,0.00102777777777778,-0.00200696378830084,-0.00166480446927375,"Hill et al. (2011)"
"162",5,16.75,-87.8,-0.000798319327731091,-0.000892128279883379,0,0.000912280701754385,0.000835654596100285,-0.00182705718270573,-0.00194227188081936,"Hill et al. (2011)"
"163",5,16.78,-87.83,-0.000938547486033524,-0.000892128279883379,0,0.000912280701754385,0.000824512534818939,-0.00182705718270573,-0.00194227188081936,"Hill et al. (2011)"
"164",5,17.2,-87.53,-0.000802816901408453,-0.000897360703812321,0,0.00091764705882353,0.000842696629213491,-0.00166853932584271,-0.00195684803001878,"Hill et al. (2011)"
"165",5,17.33,-87.79,-0.000786516853932585,-0.000877192982456143,0,0.000897360703812321,0.000817927170868343,-0.00180925666199158,-0.00193058161350845,"Hill et al. (2011)"
"166",5,17.55,-87.75,-0.0007887323943662,-0.000879765395894426,0,0.00075221238938053,0.0008225352112676,-0.00181434599156119,-0.00192830188679247,"Hill et al. (2011)"
"167",5,16.9,-88.06,-0.000610354223433245,-0.000579545454545458,NA,0.000883852691218129,0.000810810810810816,-0.00143283582089551,-0.00109156193895871,"Hill et al. (2011)"
"168",5,17.06,-88,-0.000773480662983425,-0.000862068965517236,NA,0.000899135446685871,0.000813186813186817,-0.00161157024793387,-0.00136446886446887,"Hill et al. (2011)"
"169",5,17.23,-88.05,-0.000610354223433245,-0.000722379603399437,0,0.000598870056497176,0.000606469002695412,-0.0010650406504065,-0.000270609318996418,"Hill et al. (2011)"
"170",5,17.47,-88.04,-0.0006120218579235,-0.000726495726495725,Inf,0,-0.000201634877384199,-0.000355191256830589,0.00216727272727274,"Hill et al. (2011)"
"171",5,16.45,-88.03,-0.000939560439560443,-0.000874285714285716,-Inf,0.000893982808022914,0.00102179836512262,-0.00198360655737706,-0.00193806921675774,"Hill et al. (2011)"
"172",5,16.8,-88.08,-0.000760869565217391,-0.000722379603399437,NA,0.00102824858757062,0.000808625336927229,-0.00160757780784845,-0.00109874326750448,"Hill et al. (2011)"
"173",5,16.1,-88.25,-0.000936986301369867,-0.000997150997150996,0,0.000876790830945551,0.00101626016260163,-0.00215803814713897,-0.00193454545454547,"Hill et al. (2011)"
"174",5,16.26,-88.17,-0.00109315068493151,-0.000857142857142855,0,0.000893982808022914,0.00101902173913043,-0.00216098226466577,-0.00193806921675774,"Hill et al. (2011)"
"175",5,16.96,-88.05,-0.000619565217391302,-0.000577903682719545,NA,0.000748587570621469,0.000806451612903228,-0.00142702702702702,-0.000546428571428559,"Hill et al. (2011)"
"176",5,17.47,-88.04,-0.0006120218579235,-0.000726495726495725,Inf,0,-0.000201634877384199,-0.000355191256830589,0.00216727272727274,"Hill et al. (2011)"
"177",5,16.96,-88.05,-0.000619565217391302,-0.000577903682719545,NA,0.000748587570621469,0.000806451612903228,-0.00142702702702702,-0.000546428571428559,"Hill et al. (2011)"
"178",5,16.84,-87.76,-0.000798319327731091,-0.000892128279883379,0,0.000762463343108505,0.000835654596100285,-0.0018296089385475,-0.00166791044776118,"Hill et al. (2011)"
"179",5,16.89,-87.77,-0.000784313725490197,-0.000892128279883379,0,0.000762463343108505,0.00103064066852368,-0.0018296089385475,-0.00194589552238805,"Hill et al. (2011)"
"180",5,16.74,-87.84,-0.000938547486033524,-0.000743440233236151,0,0.000912280701754385,0.00104166666666666,-0.00182705718270573,-0.00166480446927375,"Hill et al. (2011)"
"181",5,17.39,-87.49,-0.000802816901408453,-0.000750000000000001,0,0.000920353982300885,0.000845070422535218,-0.00167323943661973,-0.00167231638418081,"Hill et al. (2011)"
"182",5,17.39,-87.53,-0.000802816901408453,-0.000750000000000001,0,0.000766961651917406,0.000833802816901416,-0.0016605633802817,-0.00167231638418081,"Hill et al. (2011)"
"183",5,17.15,-87.61,-0.000800561797752807,-0.000747800586510264,0,0.000764705882352945,0.000840336134453779,-0.00183730715287517,-0.00167729831144464,"Hill et al. (2011)"
"184",5,17.48,-87.83,-0.000943820224719102,-0.000877192982456143,0,0.000899999999999998,0.00082022471910112,-0.00181179775280899,-0.00192105263157896,"Hill et al. (2011)"
"185",5,17.25,-87.93,-0.000938547486033524,-0.000872093023255804,0,0.000894736842105261,0.001016713091922,-0.00179916317991632,-0.001919776119403,"Hill et al. (2011)"
"186",5,17.38,-87.92,-0.000784313725490197,-0.000874635568513117,0.001,0.000894736842105261,0.000815642458100563,-0.00161118881118882,-0.00164044943820224,"Hill et al. (2011)"
"187",5,17.36,-87.88,-0.000941176470588237,-0.0010204081632653,0,0.000897360703812321,0.0010195530726257,-0.00180672268907564,-0.00191385767790261,"Hill et al. (2011)"
"188",5,16.9,-88.09,-0.000303191489361705,-0.000432132963988918,0.001,0.000741758241758241,0.000806282722513096,-0.00124670184696571,0.000271626297577848,"Hill et al. (2011)"
"189",5,16.84,-88.1,-0.000607999999999997,-0.000577777777777781,0.001,0.000747922437673132,0.000812664907651722,-0.00142175066312997,-0.000544502617801035,"Hill et al. (2011)"
"190",5,16.83,-88.1,-0.000609625668449201,-0.000722222222222221,0.001,0.000897506925207757,0.00101583113456465,-0.00142363877822047,-0.000545454545454543,"Hill et al. (2011)"
"191",5,16.63,-88.2,-0.00090537084398977,-0.000719999999999998,0.001,0.00103978779840849,0.00141414141414141,-0.00194529262086515,-0.00164824120603016,"Hill et al. (2011)"
"192",5,17.4,-88.07,0.000310160427807488,0,-0.004,-0.00134626038781164,-0.00201058201058202,0.00213829787234043,0.00671052631578947,"Hill et al. (2011)"
"193",5,16.8,-88.08,-0.000760869565217391,-0.000722379603399437,NA,0.00102824858757062,0.000808625336927229,-0.00160757780784845,-0.00109874326750448,"Hill et al. (2011)"
"194",5,16.83,-88.11,-0.000613756613756615,-0.000573002754820938,0.001,0.000887671232876711,0.000804177545691911,-0.00141918528252299,-0.000544827586206886,"Hill et al. (2011)"
"195",5,17.48,-87.82,-0.000943820224719102,-0.0010233918128655,0,0.000899999999999998,0.00082022471910112,-0.00181179775280899,-0.00192105263157896,"Hill et al. (2011)"
"196",5,17.9148,87.9895,-0.00318681318681319,-0.00320571428571428,-0.001,0.00412391930835734,0.00531491712707181,-0.00853370013755157,-0.0040217391304348,"Hill et al. (2011)"
"197",5,17.9405,87.9559,-0.00283425414364641,-0.00278448275862068,-0.003,0.00361739130434782,0.00471468144044321,-0.00742876901798062,-0.00348722627737227,"Hill et al. (2011)"
"198",5,17.9895,87.9633,-0.00314917127071822,-0.00307758620689655,-0.004,0.0040695652173913,0.00553462603878116,-0.00833471645919777,-0.00374181818181818,"Hill et al. (2011)"
"199",5,17.948,88.113,-0.00781102362204724,-0.00736338797814207,-0.00266666666666667,0.0106333333333333,0.0140053050397878,-0.0213562005277045,-0.00869,"Hill et al. (2011)"
"200",5,17.864,88.041,-0.0043054054054054,-0.00395492957746479,-0.0015,0.00493714285714286,0.00664480874316939,-0.0105597826086956,-0.00506216696269979,"Hill et al. (2011)"
"201",6,16.78,-87.86,-0.00531843575418994,-0.00510204081632654,0,0.00547368421052632,0.00739999999999999,-0.0127715877437326,-0.011098696461825,"Hill et al. (2011)"
"202",6,16.75,-87.8,-0.00526890756302521,-0.0053527696793003,0,0.00547368421052632,0.00731197771587744,-0.0126066945606694,-0.011098696461825,"Hill et al. (2011)"
"203",6,16.78,-87.83,-0.00531843575418994,-0.00520408163265307,0,0.00547368421052632,0.00721448467966573,-0.0126066945606694,-0.011098696461825,"Hill et al. (2011)"
"204",6,17.2,-87.53,-0.00529859154929577,-0.00523460410557185,0,0.00550588235294118,0.0071629213483146,-0.0126067415730337,-0.0111819887429644,"Hill et al. (2011)"
"205",6,17.33,-87.79,-0.00519101123595505,-0.00526315789473684,0,0.0053841642228739,0.00715686274509804,-0.0123029453015428,-0.011031894934334,"Hill et al. (2011)"
"206",6,17.55,-87.75,-0.0052056338028169,-0.00527859237536657,0,0.00541592920353983,0.00719718309859155,-0.0125189873417721,-0.0110188679245283,"Hill et al. (2011)"
"207",6,16.9,-88.06,-0.00335694822888283,-0.00347727272727272,-Inf,0.00397733711048158,0.00506756756756757,-0.0084179104477612,-0.00382046678635548,"Hill et al. (2011)"
"208",6,17.06,-88,-0.00386740331491712,-0.00402298850574712,-Inf,0.00434582132564841,0.00569230769230769,-0.00949035812672175,-0.00654945054945055,"Hill et al. (2011)"
"209",6,17.23,-88.05,-0.00106811989100818,-0.00144475920679886,0.003,0.00209604519774011,0.00242587601078167,-0.00337262872628727,0.00162365591397848,"Hill et al. (2011)"
"210",6,17.47,-88.04,0.00030601092896175,0,-Inf,0.000297142857142857,0.000201634877384199,0.000355191256830589,0.0108363636363636,"Hill et al. (2011)"
"211",6,16.45,-88.03,-0.0048543956043956,-0.00495428571428571,-Inf,0.00521489971346704,0.00694822888283378,-0.0119016393442623,-0.0099672131147541,"Hill et al. (2011)"
"212",6,16.8,-88.08,-0.00365217391304348,-0.00375637393767705,NA,0.00411299435028249,0.00525606469002696,-0.00893098782138026,-0.0049443447037702,"Hill et al. (2011)"
"213",6,16.1,-88.25,-0.00530958904109589,-0.00512820512820512,0,0.00540687679083094,0.00752032520325203,-0.0127683923705722,-0.0113309090909091,"Hill et al. (2011)"
"214",6,16.26,-88.17,-0.00530958904109589,-0.005,0,0.00536389684813753,0.00733695652173913,-0.0126057298772169,-0.0107978142076503,"Hill et al. (2011)"
"215",6,16.96,-88.05,-0.00232336956521739,-0.00245609065155807,NA,0.00284463276836158,0.00342741935483871,-0.00570810810810812,-0.000819642857142866,"Hill et al. (2011)"
"216",6,17.47,-88.04,0.00030601092896175,0,-Inf,0.000297142857142857,0.000201634877384199,0.000355191256830589,0.0108363636363636,"Hill et al. (2011)"
"217",6,16.96,-88.05,-0.00232336956521739,-0.00245609065155807,NA,0.00284463276836158,0.00342741935483871,-0.00570810810810812,-0.000819642857142866,"Hill et al. (2011)"
"218",6,16.84,-87.76,-0.00526890756302521,-0.0053527696793003,0,0.00548973607038124,0.00731197771587744,-0.0126243016759776,-0.0111194029850746,"Hill et al. (2011)"
"219",6,16.89,-87.77,-0.00517647058823529,-0.0053527696793003,0,0.00548973607038124,0.00742061281337048,-0.0126243016759776,-0.0111194029850746,"Hill et al. (2011)"
"220",6,16.74,-87.84,-0.00531843575418994,-0.00520408163265307,0,0.00547368421052632,0.00749999999999999,-0.0126066945606694,-0.011098696461825,"Hill et al. (2011)"
"221",6,17.39,-87.49,-0.00529859154929577,-0.00525,0,0.00552212389380531,0.00718309859154929,-0.012456338028169,-0.0111487758945386,"Hill et al. (2011)"
"222",6,17.39,-87.53,-0.00529859154929577,-0.00525,0,0.00536873156342183,0.00708732394366196,-0.0123619718309859,-0.0111487758945386,"Hill et al. (2011)"
"223",6,17.15,-87.61,-0.00528370786516854,-0.00523460410557185,0,0.00550588235294118,0.00735294117647058,-0.0124936886395512,-0.0111819887429644,"Hill et al. (2011)"
"224",6,17.48,-87.83,-0.00519101123595505,-0.00526315789473684,0,0.0054,0.00717696629213482,-0.0123202247191011,-0.0109774436090226,"Hill et al. (2011)"
"225",6,17.25,-87.93,-0.00500558659217876,-0.00508720930232558,0,0.00521929824561404,0.00691364902506963,-0.0118744769874477,-0.0104216417910448,"Hill et al. (2011)"
"226",6,17.38,-87.92,-0.00486274509803921,-0.00481049562682216,0,0.0050701754385965,0.0067290502793296,-0.0114573426573426,-0.00956928838951313,"Hill et al. (2011)"
"227",6,17.36,-87.88,-0.00517647058823529,-0.00510204081632654,0,0.00523460410557185,0.00713687150837988,-0.0121050420168067,-0.0106629213483146,"Hill et al. (2011)"
"228",6,16.9,-88.09,-0.00151595744680851,-0.00172853185595568,0.002,0.00267032967032967,0.00322513089005236,-0.00463060686015832,0.00407439446366784,"Hill et al. (2011)"
"229",6,16.84,-88.1,-0.002584,-0.00274444444444444,0.001,0.00299168975069251,0.00365699208443272,-0.00622015915119364,-0.000272251308900517,"Hill et al. (2011)"
"230",6,16.83,-88.1,-0.00243850267379679,-0.00274444444444444,0.001,0.00299168975069251,0.00365699208443272,-0.00605046480743693,-0.000272727272727286,"Hill et al. (2011)"
"231",6,16.63,-88.2,-0.00271611253196931,-0.00288,0.002,0.00356498673740054,0.00444444444444445,-0.00689694656488551,-0.000549413735343396,"Hill et al. (2011)"
"232",6,17.4,-88.07,0.00837433155080213,0.00736666666666667,0.004,-0.00643213296398892,-0.00944973544973544,0.0179973404255319,0.0354315789473684,"Hill et al. (2011)"
"233",6,16.8,-88.08,-0.00365217391304348,-0.00375637393767705,NA,0.00411299435028249,0.00525606469002696,-0.00893098782138026,-0.0049443447037702,"Hill et al. (2011)"
"234",6,16.83,-88.11,-0.00168783068783069,-0.00186225895316804,0.001,0.00221917808219178,0.00261357702349869,-0.00425755584756898,0.00272413793103449,"Hill et al. (2011)"
"235",6,17.48,-87.82,-0.00534831460674157,-0.00526315789473684,0,0.0054,0.00717696629213482,-0.0123202247191011,-0.0112518796992481,"Hill et al. (2011)"
"236",6,17.9148,87.9895,-0.0146593406593407,-0.0135514285714286,0,0.0142046109510086,0.0192154696132597,-0.0339532324621733,-0.0319057971014493,"Hill et al. (2011)"
"237",6,17.9405,87.9559,-0.0121243093922652,-0.0115775862068965,0,0.0117565217391304,0.0161939058171745,-0.0284467496542185,-0.0284343065693431,"Hill et al. (2011)"
"238",6,17.9895,87.9633,-0.0133839779005525,-0.0126034482758621,0,0.0128115942028985,0.0176288088642659,-0.0309834024896265,-0.0328745454545455,"Hill et al. (2011)"
"239",6,17.948,88.113,-0.0384041994750656,-0.0345628415300546,0,0.0368944444444444,0.0502917771883289,-0.0886094986807388,-0.08927,"Hill et al. (2011)"
"240",6,17.864,88.041,-0.0218459459459459,-0.0197746478873239,-0.001,0.0211371428571429,0.0294863387978142,-0.0506141304347826,-0.0410301953818828,"Hill et al. (2011)"
"241",7,16.78,-87.86,-0.00782122905027933,-0.00787172011661808,0,0.00836257309941521,0.0115111111111111,-0.0193398328690808,-0.0160931098696462,"Hill et al. (2011)"
"242",7,16.75,-87.8,-0.00782352941176471,-0.00817784256559768,0,0.00836257309941521,0.0114902506963788,-0.01918410041841,-0.0158156424581006,"Hill et al. (2011)"
"243",7,16.78,-87.83,-0.00782122905027933,-0.00817784256559768,0,0.00836257309941521,0.0113370473537604,-0.01918410041841,-0.0160931098696462,"Hill et al. (2011)"
"244",7,17.2,-87.53,-0.00770704225352112,-0.00807624633431086,0,0.00841176470588236,0.011376404494382,-0.0190955056179775,-0.0156547842401501,"Hill et al. (2011)"
"245",7,17.33,-87.79,-0.00755056179775281,-0.00789473684210527,0,0.00822580645161291,0.0112464985994398,-0.0186353436185133,-0.0157204502814259,"Hill et al. (2011)"
"246",7,17.55,-87.75,-0.00757183098591549,-0.00791788856304986,0,0.00812389380530974,0.0111042253521127,-0.0186877637130802,-0.0154264150943396,"Hill et al. (2011)"
"247",7,16.9,-88.06,-0.00686648501362398,-0.00724431818181818,Inf,0.00662889518413597,0.00871621621621621,-0.0157611940298507,-0.0144631956912029,"Hill et al. (2011)"
"248",7,17.06,-88,-0.00556906077348066,-0.00603448275862069,Inf,0.00569452449567723,0.00752197802197802,-0.0130716253443526,-0.00791391941391942,"Hill et al. (2011)"
"249",7,17.23,-88.05,-0.00152588555858311,-0.00231161473087818,0.001,0.00239548022598869,0.00283018867924528,-0.00426016260162601,0.00297670250896054,"Hill et al. (2011)"
"250",7,17.47,-88.04,0.00153005464480874,0.000726495726495725,-Inf,0.00237714285714285,0.00302452316076295,-0.000710382513661206,0.0100236363636363,"Hill et al. (2011)"
"251",7,16.45,-88.03,-0.010021978021978,-0.0102,-Inf,0.011025787965616,0.0153269754768392,-0.0252459016393443,-0.0193806921675774,"Hill et al. (2011)"
"252",7,16.8,-88.08,-0.00867391304347826,-0.00895750708215298,Inf,0.0088135593220339,0.0119272237196766,-0.0205412719891746,-0.0162064631956912,"Hill et al. (2011)"
"253",7,16.1,-88.25,-0.00812054794520548,-0.00826210826210826,0,0.0084756446991404,0.0119918699186992,-0.020141689373297,-0.0165818181818182,"Hill et al. (2011)"
"254",7,16.26,-88.17,-0.00858904109589041,-0.00842857142857143,0,0.00893982808022923,0.0126358695652174,-0.0210695770804911,-0.0171657559198543,"Hill et al. (2011)"
"255",7,16.96,-88.05,-0.00542119565217391,-0.00577903682719547,Inf,0.0047909604519774,0.00604838709677419,-0.0114162162162162,-0.00464464285714286,"Hill et al. (2011)"
"256",7,17.47,-88.04,0.00153005464480874,0.000726495726495725,-Inf,0.00237714285714285,0.00302452316076295,-0.000710382513661206,0.0100236363636363,"Hill et al. (2011)"
"257",7,16.96,-88.05,-0.00542119565217391,-0.00577903682719547,Inf,0.0047909604519774,0.00604838709677419,-0.0114162162162162,-0.00464464285714286,"Hill et al. (2011)"
"258",7,16.84,-87.76,-0.00782352941176471,-0.00817784256559768,0,0.00823460410557186,0.0114902506963788,-0.0190279329608939,-0.0158451492537313,"Hill et al. (2011)"
"259",7,16.89,-87.77,-0.00768627450980392,-0.00817784256559768,0,0.00823460410557186,0.0115431754874652,-0.0192108938547486,-0.0158451492537313,"Hill et al. (2011)"
"260",7,16.74,-87.84,-0.00782122905027933,-0.00817784256559768,0,0.00836257309941521,0.0116666666666667,-0.01918410041841,-0.0158156424581006,"Hill et al. (2011)"
"261",7,17.39,-87.49,-0.00770704225352112,-0.00795000000000001,0,0.00828318584070797,0.0114084507042253,-0.0189633802816901,-0.0156082862523541,"Hill et al. (2011)"
"262",7,17.39,-87.53,-0.00770704225352112,-0.00795000000000001,0,0.00828318584070797,0.0110478873239437,-0.0186352112676056,-0.0156082862523541,"Hill et al. (2011)"
"263",7,17.15,-87.61,-0.00784550561797753,-0.0079266862170088,0,0.00825882352941177,0.0115546218487395,-0.0189242636746143,-0.0156547842401501,"Hill et al. (2011)"
"264",7,17.48,-87.83,-0.00755056179775281,-0.00789473684210527,0,0.0081,0.0110730337078652,-0.0184803370786517,-0.0156428571428572,"Hill et al. (2011)"
"265",7,17.25,-87.93,-0.00750837988826816,-0.00784883720930232,0,0.00805263157894737,0.0109805013927577,-0.0183514644351464,-0.0150839552238806,"Hill et al. (2011)"
"266",7,17.38,-87.92,-0.0072156862745098,-0.00743440233236152,-0.001,0.00805263157894737,0.0108072625698324,-0.0177230769230769,-0.0144906367041198,"Hill et al. (2011)"
"267",7,17.36,-87.88,-0.00752941176470588,-0.00787172011661808,0,0.00807624633431086,0.0112150837988827,-0.0184285714285714,-0.015310861423221,"Hill et al. (2011)"
"268",7,16.9,-88.09,-0.0065186170212766,-0.00691412742382271,-0.006,0.00534065934065934,0.00665183246073299,-0.0135356200527704,-0.0152110726643598,"Hill et al. (2011)"
"269",7,16.84,-88.1,-0.008512,-0.00895555555555556,-0.004,0.00807756232686981,0.0103614775725594,-0.0191936339522546,-0.0157905759162303,"Hill et al. (2011)"
"270",7,16.83,-88.1,-0.00868716577540107,-0.0091,-0.003,0.00837673130193906,0.0109709762532982,-0.0197529880478088,-0.015,"Hill et al. (2011)"
"271",7,16.63,-88.2,-0.0175038363171355,-0.01728,0.008,0.0202015915119363,0.0270707070707071,-0.0438575063613232,-0.0326901172529313,"Hill et al. (2011)"
"272",7,17.4,-88.07,0.0105454545454545,0.00895555555555556,0.024,-0.0022437673130194,-0.00341798941798942,0.0151462765957447,0.0260368421052632,"Hill et al. (2011)"
"273",7,16.8,-88.08,-0.00867391304347826,-0.00895750708215298,Inf,0.0088135593220339,0.0119272237196766,-0.0205412719891746,-0.0162064631956912,"Hill et al. (2011)"
"274",7,16.83,-88.11,-0.0092063492063492,-0.00931129476584022,-0.004,0.00843287671232876,0.0108563968668407,-0.0202233902759527,-0.0147103448275862,"Hill et al. (2011)"
"275",7,17.48,-87.82,-0.00755056179775281,-0.00789473684210527,0,0.0081,0.0110730337078652,-0.0184803370786517,-0.0156428571428572,"Hill et al. (2011)"
"276",7,17.9148,87.9895,-0.0130659340659341,-0.0126771428571429,5e-04,0.013135446685879,0.0173756906077348,-0.0306850068775791,-0.0345869565217391,"Hill et al. (2011)"
"277",7,17.9405,87.9559,-0.0116519337016575,-0.0115775862068965,0,0.0117565217391304,0.01598891966759,-0.0275408022130014,-0.0297755474452555,"Hill et al. (2011)"
"278",7,17.9895,87.9633,-0.0129116022099447,-0.0126034482758621,0,0.0128115942028985,0.0176288088642659,-0.0304398340248963,-0.0331418181818182,"Hill et al. (2011)"
"279",7,17.948,88.113,-0.0336850393700787,-0.030655737704918,0.000666666666666667,0.0322222222222222,0.043501326259947,-0.0773693931398417,-0.102436666666667,"Hill et al. (2011)"
"280",7,17.864,88.041,-0.0177,-0.0165521126760563,5e-04,0.0169714285714286,0.0232568306010929,-0.0406005434782609,-0.050088809946714,"Hill et al. (2011)"
"281",8,16.78,-87.86,-0.0334748603351955,-0.0314868804664723,0,0.0328421052631579,0.0441944444444444,-0.0782715877437326,-0.0754711359404097,"Hill et al. (2011)"
"282",8,16.75,-87.8,-0.0338487394957983,-0.0321166180758017,0,0.0328421052631579,0.0447075208913649,-0.0781980474198047,-0.0754711359404097,"Hill et al. (2011)"
"283",8,16.78,-87.83,-0.0334748603351955,-0.0321166180758017,0,0.0328421052631579,0.0441114206128134,-0.0781980474198047,-0.0754711359404097,"Hill et al. (2011)"
"284",8,17.2,-87.53,-0.0335577464788732,-0.0318563049853372,0,0.0327294117647059,0.0444522471910112,-0.0780505617977528,-0.0751988742964353,"Hill et al. (2011)"
"285",8,17.33,-87.79,-0.0331910112359551,-0.0314327485380117,0,0.0321554252199413,0.0435546218487395,-0.0767124824684432,-0.0744652908067542,"Hill et al. (2011)"
"286",8,17.55,-87.75,-0.0331267605633803,-0.0313782991202346,0,0.0320442477876106,0.0433887323943662,-0.0765654008438819,-0.0738264150943396,"Hill et al. (2011)"
"287",8,16.9,-88.06,-0.031433242506812,-0.0301363636363636,Inf,0.0304929178470255,0.0409459459459459,-0.0730746268656716,-0.0728617594254937,"Hill et al. (2011)"
"288",8,17.06,-88,-0.0310939226519337,-0.0293103448275862,NA,0.0304207492795389,0.0404560439560439,-0.0716253443526171,-0.0676776556776557,"Hill et al. (2011)"
"289",8,17.23,-88.05,-0.0283814713896458,-0.0273059490084986,0.001,0.0285960451977401,0.0376010781671159,-0.0660325203252033,-0.0616989247311828,"Hill et al. (2011)"
"290",8,17.47,-88.04,-0.0278469945355191,-0.0268803418803419,-Inf,0.0277828571428571,0.0368991825613079,-0.0646448087431694,-0.0623090909090909,"Hill et al. (2011)"
"291",8,16.45,-88.03,-0.0352335164835165,-0.0333685714285714,-Inf,0.034269340974212,0.0465940054495913,-0.0818688524590164,-0.0797377049180328,"Hill et al. (2011)"
"292",8,16.8,-88.08,-0.0328695652173913,-0.0314957507082153,Inf,0.0318757062146893,0.0426549865229111,-0.0762706359945873,-0.0744398563734291,"Hill et al. (2011)"
"293",8,16.1,-88.25,-0.0345123287671233,-0.0319088319088319,0,0.0327335243553009,0.0453252032520325,-0.0798474114441417,-0.0779345454545455,"Hill et al. (2011)"
"294",8,16.26,-88.17,-0.0346684931506849,-0.032,0,0.0335243553008596,0.0454483695652174,-0.0801364256480218,-0.0780765027322404,"Hill et al. (2011)"
"295",8,16.96,-88.05,-0.0305135869565217,-0.0287507082152974,Inf,0.0294943502824859,0.0387096774193548,-0.0693891891891892,-0.0655714285714286,"Hill et al. (2011)"
"296",8,17.47,-88.04,-0.0278469945355191,-0.0268803418803419,-Inf,0.0277828571428571,0.0368991825613079,-0.0646448087431694,-0.0623090909090909,"Hill et al. (2011)"
"297",8,16.96,-88.05,-0.0305135869565217,-0.0287507082152974,Inf,0.0294943502824859,0.0387096774193548,-0.0693891891891892,-0.0655714285714286,"Hill et al. (2011)"
"298",8,16.84,-87.76,-0.0338487394957983,-0.0321166180758017,0,0.0327859237536657,0.0447075208913649,-0.0779413407821229,-0.0753339552238806,"Hill et al. (2011)"
"299",8,16.89,-87.77,-0.0332549019607843,-0.0321166180758017,0,0.0327859237536657,0.0441114206128134,-0.0779413407821229,-0.0753339552238806,"Hill et al. (2011)"
"300",8,16.74,-87.84,-0.0334748603351955,-0.0321166180758017,0,0.0328421052631579,0.0447916666666667,-0.0781980474198047,-0.0754711359404097,"Hill et al. (2011)"
"301",8,17.39,-87.49,-0.0335577464788732,-0.0318,0,0.0326725663716814,0.0443661971830986,-0.0778985915492958,-0.0744180790960452,"Hill et al. (2011)"
"302",8,17.39,-87.53,-0.0335577464788732,-0.0318,0,0.0326725663716814,0.0437746478873239,-0.0774929577464789,-0.0744180790960452,"Hill et al. (2011)"
"303",8,17.15,-87.61,-0.0337837078651685,-0.0320058651026393,0,0.0327294117647059,0.0445378151260504,-0.0777180925666199,-0.0751988742964353,"Hill et al. (2011)"
"304",8,17.48,-87.83,-0.0331910112359551,-0.0314327485380117,0,0.0321,0.0434719101123595,-0.0766390449438202,-0.0740977443609023,"Hill et al. (2011)"
"305",8,17.25,-87.93,-0.0331620111731844,-0.0313953488372093,0,0.0320614035087719,0.0435153203342618,-0.0766443514644351,-0.0743227611940298,"Hill et al. (2011)"
"306",8,17.38,-87.92,-0.0329411764705882,-0.0311953352769679,0,0.0320614035087719,0.0432290502793296,-0.0755468531468532,-0.0738202247191011,"Hill et al. (2011)"
"307",8,17.36,-87.88,-0.0330980392156863,-0.0313411078717201,0,0.0321554252199413,0.0434329608938547,-0.0766050420168067,-0.0740936329588015,"Hill et al. (2011)"
"308",8,16.9,-88.09,-0.0301675531914894,-0.028808864265928,-0.002,0.0293736263736264,0.0382984293193717,-0.0692810026385224,-0.0719809688581315,"Hill et al. (2011)"
"309",8,16.84,-88.1,-0.032072,-0.0306222222222222,-0.001,0.0311135734072022,0.0408364116094987,-0.0733978779840849,-0.0729633507853403,"Hill et al. (2011)"
"310",8,16.83,-88.1,-0.0323101604278075,-0.0309111111111111,-0.001,0.0315623268698061,0.0414459102902375,-0.0740292164674635,-0.0728181818181818,"Hill et al. (2011)"
"311",8,16.63,-88.2,-0.0398363171355499,-0.038016,0,0.0393633952254642,0.0519191919191919,-0.0919592875318066,-0.0901038525963149,"Hill et al. (2011)"
"312",8,17.4,-88.07,-0.022331550802139,-0.0212333333333333,0.003,0.0227368421052632,0.0291534391534392,-0.0514973404255319,-0.0539526315789474,"Hill et al. (2011)"
"313",8,16.8,-88.08,-0.0328695652173913,-0.0314957507082153,Inf,0.0318757062146893,0.0426549865229111,-0.0762706359945873,-0.0744398563734291,"Hill et al. (2011)"
"314",8,16.83,-88.11,-0.0328359788359788,-0.0306556473829201,-0.002,0.0312164383561644,0.0408120104438642,-0.0737976346911958,-0.0724620689655172,"Hill et al. (2011)"
"315",8,17.48,-87.82,-0.0331910112359551,-0.0314327485380117,0,0.0321,0.0434719101123595,-0.0766390449438202,-0.0740977443609023,"Hill et al. (2011)"
"316",8,17.9148,87.9895,-0.0356923076923077,-0.0332228571428571,5e-04,0.0345187319884726,0.0457900552486188,-0.0815240715268226,-0.0841884057971015,"Hill et al. (2011)"
"317",8,17.9405,87.9559,-0.0349558011049724,-0.0331206896551724,0,0.0337623188405797,0.0457119113573407,-0.0806293222683264,-0.0815474452554745,"Hill et al. (2011)"
"318",8,17.9895,87.9633,-0.035585635359116,-0.0337068965517241,0,0.0343652173913043,0.0465318559556787,-0.0820788381742739,-0.0836563636363636,"Hill et al. (2011)"
"319",8,17.948,88.113,-0.044262467191601,-0.0405737704918033,0.000666666666666667,0.0428555555555556,0.0564456233421751,-0.100973614775726,-0.122186666666667,"Hill et al. (2011)"
"320",8,17.864,88.041,-0.0365162162162162,-0.0339830985915493,5e-04,0.0351771428571429,0.0469289617486339,-0.0828396739130435,-0.0908525754884547,"Hill et al. (2011)"
"321",9,16.78,-87.86,0.0242458100558659,0.0202623906705539,0.001,-0.0212865497076023,-0.0304222222222222,0.0552827298050139,0.0521638733705773,"Hill et al. (2011)"
"322",9,16.75,-87.8,0.0249075630252101,0.020667638483965,0.001,-0.0214385964912281,-0.0311281337047354,0.0555425383542538,0.0521638733705773,"Hill et al. (2011)"
"323",9,16.78,-87.83,0.0242458100558659,0.020667638483965,0.001,-0.0214385964912281,-0.0307130919220056,0.0555425383542538,0.0521638733705773,"Hill et al. (2011)"
"324",9,17.2,-87.53,0.0253690140845071,0.0209384164222874,0.001,-0.0215647058823529,-0.0316011235955056,0.0569157303370786,0.0531144465290807,"Hill et al. (2011)"
"325",9,17.33,-87.79,0.0246966292134832,0.0203216374269006,0.001,-0.0209384164222874,-0.0302633053221289,0.0551823281907433,0.0524015009380863,"Hill et al. (2011)"
"326",9,17.55,-87.75,0.0247661971830986,0.0202346041055718,0.001,-0.0210619469026549,-0.0304338028169014,0.0551561181434599,0.0526150943396226,"Hill et al. (2011)"
"327",9,16.9,-88.06,0.00488283378746594,0.00333238636363636,NA,-0.00324079320113315,-0.00486486486486487,0.0100298507462687,0.0013644524236984,"Hill et al. (2011)"
"328",9,17.06,-88,0.0140773480662984,0.0110632183908046,NA,-0.0118386167146974,-0.0170769230769231,0.03133608815427,0.0253791208791209,"Hill et al. (2011)"
"329",9,17.23,-88.05,0.0135803814713896,0.0106912181303116,0.001,-0.0110790960451977,-0.0159703504043127,0.0296436314363144,0.0132598566308244,"Hill et al. (2011)"
"330",9,17.47,-88.04,0.0195846994535519,0.0162735042735043,NA,-0.0167885714285714,-0.0239945504087194,0.0442213114754098,0.0308836363636364,"Hill et al. (2011)"
"331",9,16.45,-88.03,0.00407142857142857,0.00247714285714286,NA,-0.00268194842406877,-0.00408719346049047,0.00793442622950821,-0.0207650273224044,"Hill et al. (2011)"
"332",9,16.8,-88.08,0.00273913043478261,0.00144475920679887,NA,-0.00132203389830508,-0.00222371967654987,0.00517997293640055,-0.00659245960502694,"Hill et al. (2011)"
"333",9,16.1,-88.25,0.0248301369863014,0.0206552706552707,0.002,-0.0217736389684814,-0.0317073170731707,0.0568283378746594,0.0530618181818182,"Hill et al. (2011)"
"334",9,16.26,-88.17,0.0210821917808219,0.0174285714285714,0.001,-0.0184756446991404,-0.0264945652173913,0.0477216916780355,0.0315628415300546,"Hill et al. (2011)"
"335",9,16.96,-88.05,0.000774456521739131,-0.000433427762039661,NA,0.000598870056497176,0.000604838709677424,0.000356756756756754,-0.00928928571428572,"Hill et al. (2011)"
"336",9,17.47,-88.04,0.0195846994535519,0.0162735042735043,NA,-0.0167885714285714,-0.0239945504087194,0.0442213114754098,0.0308836363636364,"Hill et al. (2011)"
"337",9,16.96,-88.05,0.000774456521739131,-0.000433427762039661,NA,0.000598870056497176,0.000604838709677424,0.000356756756756754,-0.00928928571428572,"Hill et al. (2011)"
"338",9,16.84,-87.76,0.0249075630252101,0.020667638483965,0.001,-0.0216539589442815,-0.0311281337047354,0.0558030726256983,0.0525391791044776,"Hill et al. (2011)"
"339",9,16.89,-87.77,0.0244705882352941,0.020667638483965,0.001,-0.0215014662756598,-0.0307130919220056,0.0558030726256983,0.0525391791044776,"Hill et al. (2011)"
"340",9,16.74,-87.84,0.0242458100558659,0.020667638483965,0.001,-0.0212865497076023,-0.0308333333333333,0.0555425383542538,0.0521638733705773,"Hill et al. (2011)"
"341",9,17.39,-87.49,0.0253690140845071,0.021,0.001,-0.0216283185840708,-0.0316901408450704,0.0570760563380281,0.0532354048964218,"Hill et al. (2011)"
"342",9,17.39,-87.53,0.0253690140845071,0.021,0.001,-0.0216283185840708,-0.0312676056338028,0.056643661971831,0.0532354048964218,"Hill et al. (2011)"
"343",9,17.15,-87.61,0.0251376404494382,0.0209384164222874,0.001,-0.0217176470588235,-0.0315126050420168,0.0564053295932679,0.0533939962476548,"Hill et al. (2011)"
"344",9,17.48,-87.83,0.0245393258426966,0.0201754385964912,0.001,-0.021,-0.0303483146067416,0.0550786516853933,0.0518684210526316,"Hill et al. (2011)"
"345",9,17.25,-87.93,0.0240893854748603,0.0197674418604651,0.001,-0.0205789473684211,-0.0296880222841226,0.0537949790794979,0.0504626865671642,"Hill et al. (2011)"
"346",9,17.38,-87.92,0.0243137254901961,0.0198250728862974,0.001,-0.0205789473684211,-0.0297709497206704,0.0538853146853147,0.0505805243445692,"Hill et al. (2011)"
"347",9,17.36,-87.88,0.0243137254901961,0.0199708454810496,0.001,-0.0207888563049853,-0.0299748603351955,0.0547436974789916,0.05112734082397,"Hill et al. (2011)"
"348",9,16.9,-88.09,-0.0175851063829787,-0.0167091412742382,0.001,0.0176538461538462,0.0249947643979058,-0.0427440633245383,-0.0573131487889273,"Hill et al. (2011)"
"349",9,16.84,-88.1,-0.015808,-0.0151666666666667,0.001,0.0158559556786704,0.0223482849604222,-0.0380318302387268,-0.0536335078534031,"Hill et al. (2011)"
"350",9,16.83,-88.1,-0.0143262032085561,-0.0138666666666667,0.001,0.0145096952908587,0.0205197889182058,-0.0347011952191235,-0.0507272727272727,"Hill et al. (2011)"
"351",9,16.63,-88.2,-0.0558312020460358,-0.05112,0.001,0.0530291777188329,0.0757575757575758,-0.131395674300254,-0.157407035175879,"Hill et al. (2011)"
"352",9,17.4,-88.07,0.0147326203208556,0.0114111111111111,0.001,-0.0116675900277008,-0.0166878306878307,0.031718085106383,-0.00456315789473682,"Hill et al. (2011)"
"353",9,16.8,-88.08,0.00273913043478261,0.00144475920679887,NA,-0.00132203389830508,-0.00222371967654987,0.00517997293640055,-0.00659245960502694,"Hill et al. (2011)"
"354",9,16.83,-88.11,-0.0207142857142857,-0.0193388429752066,0.001,0.0202684931506849,0.0287493472584856,-0.0493166885676741,-0.0675586206896552,"Hill et al. (2011)"
"355",9,17.48,-87.82,0.0245393258426966,0.0201754385964912,0.001,-0.021,-0.0303483146067416,0.0550786516853933,0.0518684210526316,"Hill et al. (2011)"
"356",9,17.9148,87.9895,0.022467032967033,0.0177771428571429,0.001,-0.0190922190201729,-0.0273922651933702,0.0497496561210454,0.0383405797101449,"Hill et al. (2011)"
"357",9,17.9405,87.9559,0.0226740331491713,0.0183189655172414,0.001,-0.0192927536231884,-0.0278781163434903,0.0509142461964039,0.0415784671532846,"Hill et al. (2011)"
"358",9,17.9895,87.9633,0.0223591160220995,0.0180258620689655,0.001,-0.0189913043478261,-0.0274681440443213,0.0501894882434302,0.0400909090909091,"Hill et al. (2011)"
"359",9,17.948,88.113,0.0156220472440945,0.0118715846994536,0.001,-0.0136944444444444,-0.0203713527851459,0.0359683377308707,0.000263333333333338,"Hill et al. (2011)"
"360",9,17.864,88.041,0.0207297297297297,0.0164056338028169,0.001,-0.0180514285714286,-0.0261639344262295,0.0466086956521739,0.0271758436944938,"Hill et al. (2011)"
"361",10,16.78,-87.86,-0.00750837988826816,-0.0120991253644315,0.001,0.0123157894736842,0.0164444444444444,-0.0233537604456825,-0.01331843575419,"Hill et al. (2011)"
"362",10,16.75,-87.8,-0.00750420168067227,-0.0121924198250729,0.001,0.0123157894736842,0.0165041782729805,-0.0232036262203626,-0.01331843575419,"Hill et al. (2011)"
"363",10,16.78,-87.83,-0.00750837988826816,-0.0123411078717201,0.001,0.0123157894736842,0.0162841225626741,-0.0232036262203626,-0.01331843575419,"Hill et al. (2011)"
"364",10,17.2,-87.53,-0.00706478873239436,-0.0119648093841642,0.001,0.0120823529411765,0.0160112359550562,-0.0224325842696629,-0.0117410881801126,"Hill et al. (2011)"
"365",10,17.33,-87.79,-0.00723595505617977,-0.0119883040935673,0.001,0.0119648093841642,0.0159495798319328,-0.0222538569424965,-0.011859287054409,"Hill et al. (2011)"
"366",10,17.55,-87.75,-0.00709859154929577,-0.0118768328445748,0.001,0.0118849557522124,0.0156281690140845,-0.0221350210970464,-0.0110188679245283,"Hill et al. (2011)"
"367",10,16.9,-88.06,-0.0108337874659401,-0.0149232954545455,NA,0.0153201133144476,0.0208783783783784,-0.0311641791044776,-0.0267432675044883,"Hill et al. (2011)"
"368",10,17.06,-88,-0.00866298342541436,-0.0130747126436782,NA,0.0133371757925072,0.0176868131868132,-0.0256060606060606,-0.0177380952380952,"Hill et al. (2011)"
"369",10,17.23,-88.05,-0.00930790190735695,-0.0138696883852691,0.001,0.0143728813559322,0.0192048517520216,-0.0275135501355014,-0.0227311827956989,"Hill et al. (2011)"
"370",10,17.47,-88.04,-0.00902732240437158,-0.0136581196581197,NA,0.0136685714285714,0.0183487738419618,-0.0264617486338798,-0.0222145454545455,"Hill et al. (2011)"
"371",10,16.45,-88.03,-0.019260989010989,-0.02142,NA,0.0217535816618911,0.0304495912806539,-0.0492295081967213,-0.0487285974499089,"Hill et al. (2011)"
"372",10,16.8,-88.08,-0.0146086956521739,-0.0179150141643059,NA,0.018361581920904,0.0252695417789757,-0.0394749661705007,-0.0398294434470377,"Hill et al. (2011)"
"373",10,16.1,-88.25,-0.00921369863013698,-0.0131054131054131,0.001,0.0131518624641834,0.0182926829268293,-0.0267956403269755,-0.0270836363636364,"Hill et al. (2011)"
"374",10,16.26,-88.17,-0.0110876712328767,-0.0144285714285714,0.001,0.0147507163323782,0.0203804347826087,-0.0306139154160982,-0.0307322404371585,"Hill et al. (2011)"
"375",10,16.96,-88.05,-0.0108423913043478,-0.0148810198300283,NA,0.0154209039548023,0.0207661290322581,-0.0308594594594595,-0.0265017857142857,"Hill et al. (2011)"
"376",10,17.47,-88.04,-0.00902732240437158,-0.0136581196581197,NA,0.0136685714285714,0.0183487738419618,-0.0264617486338798,-0.0222145454545455,"Hill et al. (2011)"
"377",10,16.96,-88.05,-0.0108423913043478,-0.0148810198300283,NA,0.0154209039548023,0.0207661290322581,-0.0308594594594595,-0.0265017857142857,"Hill et al. (2011)"
"378",10,16.84,-87.76,-0.00750420168067227,-0.0121924198250729,0.001,0.0121994134897361,0.0165041782729805,-0.0230530726256983,-0.0127873134328358,"Hill et al. (2011)"
"379",10,16.89,-87.77,-0.00737254901960784,-0.0121924198250729,0.001,0.0121994134897361,0.0162841225626741,-0.0230530726256983,-0.0127873134328358,"Hill et al. (2011)"
"380",10,16.74,-87.84,-0.00766480446927374,-0.0123411078717201,0.001,0.0123157894736842,0.0166666666666667,-0.0232036262203626,-0.01331843575419,"Hill et al. (2011)"
"381",10,17.39,-87.49,-0.00706478873239436,-0.012,0.001,0.0119646017699115,0.0158450704225352,-0.0223098591549296,-0.0111487758945386,"Hill et al. (2011)"
"382",10,17.39,-87.53,-0.00706478873239436,-0.012,0.001,0.0119646017699115,0.0156338028169014,-0.0221408450704225,-0.0111487758945386,"Hill et al. (2011)"
"383",10,17.15,-87.61,-0.00720505617977528,-0.0119648093841642,0.001,0.0120823529411765,0.0161764705882353,-0.0224151472650771,-0.0120206378986867,"Hill et al. (2011)"
"384",10,17.48,-87.83,-0.00723595505617977,-0.0119883040935673,0.001,0.01185,0.0157893258426966,-0.0222851123595506,-0.0115263157894737,"Hill et al. (2011)"
"385",10,17.25,-87.93,-0.00750837988826816,-0.0122093023255814,0.001,0.0120789473684211,0.0162674094707521,-0.0230292887029289,-0.0128899253731343,"Hill et al. (2011)"
"386",10,17.38,-87.92,-0.00737254901960784,-0.0120991253644315,0.001,0.0120789473684211,0.016108938547486,-0.0225566433566434,-0.0125767790262172,"Hill et al. (2011)"
"387",10,17.36,-87.88,-0.00737254901960784,-0.0120991253644315,0.001,0.0119648093841642,0.016108938547486,-0.0225840336134454,-0.0123033707865169,"Hill et al. (2011)"
"388",10,16.9,-88.09,-0.0145531914893617,-0.018005540166205,0.001,0.018989010989011,0.0260026178010471,-0.0400725593667546,-0.041015570934256,"Hill et al. (2011)"
"389",10,16.84,-88.1,-0.017024,-0.0200777777777778,0.001,0.020792243767313,0.028646437994723,-0.0451405835543767,-0.0495497382198953,"Hill et al. (2011)"
"390",10,16.83,-88.1,-0.0173743315508021,-0.0203666666666667,0.001,0.0212409972299169,0.0292559366754617,-0.0459123505976096,-0.0507272727272727,"Hill et al. (2011)"
"391",10,16.63,-88.2,-0.0544731457800511,-0.0504,0.001,0.0522864721485411,0.0745454545454545,-0.128919847328244,-0.156308207705193,"Hill et al. (2011)"
"392",10,17.4,-88.07,-0.0107005347593583,-0.0151666666666667,0.001,0.0157063711911357,0.0209100529100529,-0.0308271276595745,-0.0405315789473684,"Hill et al. (2011)"
"393",10,16.8,-88.08,-0.0146086956521739,-0.0179150141643059,NA,0.018361581920904,0.0252695417789757,-0.0394749661705007,-0.0398294434470377,"Hill et al. (2011)"
"394",10,16.83,-88.11,-0.0193333333333333,-0.0216308539944904,0.001,0.0224876712328767,0.0311618798955614,-0.0498488830486203,-0.0574793103448276,"Hill et al. (2011)"
"395",10,17.48,-87.82,-0.00723595505617977,-0.0119883040935673,0.001,0.01185,0.0157893258426966,-0.0222851123595506,-0.0115263157894737,"Hill et al. (2011)"
"396",10,17.9148,87.9895,-0.00892307692307692,-0.0135514285714286,0.001,0.0135936599423631,0.0173756906077348,-0.0259642365887208,-0.0203768115942029,"Hill et al. (2011)"
"397",10,17.9405,87.9559,-0.00850276243093923,-0.0133362068965517,0.001,0.0131130434782609,0.0172188365650969,-0.0250041493775934,-0.0179726277372263,"Hill et al. (2011)"
"398",10,17.9895,87.9633,-0.00866022099447514,-0.0134827586206896,0.001,0.013263768115942,0.0174238227146814,-0.0253665283540802,-0.0189763636363637,"Hill et al. (2011)"
"399",10,17.948,88.113,-0.0136692913385827,-0.0178825136612022,0.001,0.0182055555555556,0.0224933687002652,-0.0355936675461742,-0.0463466666666667,"Hill et al. (2011)"
"400",10,17.864,88.041,-0.0102054054054054,-0.0145014084507042,0.001,0.0145028571428571,0.0186885245901639,-0.0278559782608696,-0.0274422735346359,"Hill et al. (2011)"
