tosave_1,tosave_2,tosave_3,tosave_4,tosave_5,tosave_6,tosave_7,tosave_8,
sampleID,LAT,MLWS,MLWN,MTL,MHWN,MHWS,HAT,StudySite
306-20,-0.18397,-0.12681,-0.082372,-0.012439,0.061251,0.09817,0.14222,Glover's Reef
308-20,-0.18397,-0.12681,-0.082372,-0.012439,0.061251,0.09817,0.14222,Glover's Reef
309-20,-0.18397,-0.12681,-0.082372,-0.012439,0.061251,0.09817,0.14222,Glover's Reef
312-20,-0.18357,-0.12646,-0.082138,-0.012381,0.060985,0.098085,0.14226,Glover's Reef
318-20,-0.18379,-0.12666,-0.082265,-0.01242,0.061054,0.098192,0.14239,Glover's Reef
325-20,-0.1858,-0.1284,-0.083469,-0.012419,0.06175,0.10045,0.14693,Lighthouse Reef
326-20,-0.1858,-0.1284,-0.083469,-0.012419,0.06175,0.10045,0.14693,Lighthouse Reef
331-20,-0.18518,-0.12812,-0.083196,-0.012228,0.061834,0.10057,0.14753,Lighthouse Reef
336-20,-0.18585,-0.12861,-0.083513,-0.012132,0.062372,0.10122,0.1487,Lighthouse Reef
342-20,-0.18558,-0.12842,-0.083374,-0.012251,0.062044,0.10074,0.14781,Lighthouse Reef
346-20,-0.18217,-0.12291,-0.076559,-0.011786,0.056698,0.09563,0.14434,Tobacco Cay
348-20,-0.18217,-0.12291,-0.076559,-0.011786,0.056698,0.09563,0.14434,Tobacco Cay
354-20,-0.18308,-0.12574,-0.080534,-0.012122,0.059749,0.098031,0.14389,Emily
355-20,-0.18308,-0.12574,-0.080534,-0.012122,0.059749,0.098031,0.14389,Emily
226-21,-0.18308,-0.12574,-0.080534,-0.012122,0.059749,0.098031,0.14389,Emily
359-20,-0.18423,-0.12618,-0.079944,-0.011869,0.059391,0.099257,0.14705,Rendezvous Cay
360-20,-0.18423,-0.12618,-0.079944,-0.011869,0.059391,0.099257,0.14705,Rendezvous Cay
362-20,-0.18423,-0.12618,-0.079944,-0.011869,0.059391,0.099257,0.14705,Rendezvous Cay
367-20,-0.18484,-0.12763,-0.081969,-0.011781,0.060888,0.10159,0.14967,Gallow's Point Reef
368-20,-0.18484,-0.12763,-0.081969,-0.011781,0.060888,0.10159,0.14967,Gallow's Point Reef
375-20,-0.18314,-0.1252,-0.079484,-0.012128,0.059061,0.097114,0.14274,Carrie Bow Cay
378-20,-0.18314,-0.1252,-0.079484,-0.012128,0.059061,0.097114,0.14274,Carrie Bow Cay
379-20,-0.18314,-0.1252,-0.079484,-0.012128,0.059061,0.097114,0.14274,Carrie Bow Cay
380-20,-0.18314,-0.1252,-0.079484,-0.012128,0.059061,0.097114,0.14274,Carrie Bow Cay
381-20,-0.18314,-0.1252,-0.079484,-0.012128,0.059061,0.097114,0.14274,Carrie Bow Cay
382-20,-0.18314,-0.1252,-0.079484,-0.012128,0.059061,0.097114,0.14274,Carrie Bow Cay
385-20,-0.18188,-0.12501,-0.080931,-0.012079,0.060587,0.097033,0.13804,Nicholas Cay
386-20,-0.18188,-0.12501,-0.080931,-0.012079,0.060587,0.097033,0.13804,Nicholas Cay
387-20,-0.18188,-0.12501,-0.080931,-0.012079,0.060587,0.097033,0.13804,Nicholas Cay
392-20,-0.18232,-0.12545,-0.081219,-0.012201,0.060817,0.097049,0.13903,Ranguana Cay
395-20,-0.18279,-0.12409,-0.078396,-0.011976,0.057901,0.096679,0.14407,Cross Cay
396-20,-0.18279,-0.12409,-0.078396,-0.011976,0.057901,0.096679,0.14407,Cross Cay
BETA-89831,-0.18397,-0.12681,-0.082372,-0.012439,0.061251,0.09817,0.14222,Glover's Reef
BETA-87920,-0.18397,-0.12681,-0.082372,-0.012439,0.061251,0.09817,0.14222,Glover's Reef
BETA-87921,-0.18397,-0.12681,-0.082372,-0.012439,0.061251,0.09817,0.14222,Glover's Reef
BETA-89832,-0.18379,-0.12666,-0.082265,-0.01242,0.061054,0.098192,0.14239,Glover's Reef
BETA-89833,-0.18379,-0.12666,-0.082265,-0.01242,0.061054,0.098192,0.14239,Glover's Reef
BETA-96587,-0.18372,-0.12689,-0.082184,-0.012123,0.060887,0.099693,0.14622,Turneffe Island
BETA-96645,-0.18344,-0.12697,-0.082134,-0.011963,0.061266,0.099991,0.14741,Turneffe Island
BETA-98360,-0.1858,-0.1284,-0.083469,-0.012419,0.06175,0.10045,0.14693,Lighthouse Reef
BETA-171884,-0.18322,-0.12645,-0.081915,-0.012275,0.060477,0.098788,0.14477,Turneffe Island
BETA-171885,-0.18518,-0.12812,-0.083196,-0.012228,0.061834,0.10057,0.14753,Lighthouse Reef
BETA-117889,-0.18558,-0.12842,-0.083374,-0.012251,0.062044,0.10074,0.14781,Lighthouse Reef
BETA-117890,-0.18572,-0.1285,-0.083461,-0.012322,0.061873,0.1008,0.14768,Lighthouse Reef
BBR 1-2.8,-0.18217,-0.12291,-0.076559,-0.011786,0.056698,0.09563,0.14434,Tobacco Cay
BBR 2-2.0,-0.18308,-0.12574,-0.080534,-0.012122,0.059749,0.098031,0.14389,Emily
BBR 3-3.5,-0.18423,-0.12618,-0.079944,-0.011869,0.059391,0.099257,0.14705,Rendezvous Cay
BBR 3-8.4,-0.18423,-0.12618,-0.079944,-0.011869,0.059391,0.099257,0.14705,Rendezvous Cay
BBR 4-1.7,-0.18484,-0.12763,-0.081969,-0.011781,0.060888,0.10159,0.14967,Gallow's Point Reef
BBR 4-6.0,-0.18484,-0.12763,-0.081969,-0.011781,0.060888,0.10159,0.14967,Gallow's Point Reef
BBR 4-9.3,-0.18484,-0.12763,-0.081969,-0.011781,0.060888,0.10159,0.14967,Gallow's Point Reef
BBR 5-2.8,-0.18272,-0.12581,-0.081616,-0.012366,0.060858,0.097105,0.13981,Gladden spit
BBR 5-7.3,-0.18272,-0.12581,-0.081616,-0.012366,0.060858,0.097105,0.13981,Gladden spit
BBR 6-3.2,-0.18314,-0.1252,-0.079484,-0.012128,0.059061,0.097114,0.14274,Carrie Bow Cay
BBR 7-3.0,-0.18314,-0.1252,-0.079484,-0.012128,0.059061,0.097114,0.14274,Carrie Bow Cay
BBR 8-2.9,-0.18188,-0.12501,-0.080931,-0.012079,0.060587,0.097033,0.13804,Nicholas Cay
BBR 8-8.3,-0.18188,-0.12501,-0.080931,-0.012079,0.060587,0.097033,0.13804,Nicholas Cay
BBR 9-2.9,-0.18232,-0.12545,-0.081219,-0.012201,0.060817,0.097049,0.13903,Ranguana Cay
BBR 9-10.7,-0.18232,-0.12545,-0.081219,-0.012201,0.060817,0.097049,0.13903,Ranguana Cay
BBR 10-2.2,-0.18279,-0.12409,-0.078396,-0.011976,0.057901,0.096679,0.14407,Cross Cay
BBR 10-4.2,-0.18279,-0.12409,-0.078396,-0.011976,0.057901,0.096679,0.14407,Cross Cay
BBR 10-7.0,-0.18279,-0.12409,-0.078396,-0.011976,0.057901,0.096679,0.14407,Cross Cay
BBR 11-2.0,-0.18279,-0.12409,-0.078396,-0.011976,0.057901,0.096679,0.14407,Cross Cay
BBR 11-4.4,-0.18279,-0.12409,-0.078396,-0.011976,0.057901,0.096679,0.14407,Cross Cay
BBR 11-6.8,-0.18279,-0.12409,-0.078396,-0.011976,0.057901,0.096679,0.14407,Cross Cay
BBR 4-10.8,-0.18484,-0.12763,-0.081969,-0.011781,0.060888,0.10159,0.14967,Gallow's Point Reef
BBR 6-12.2,-0.18314,-0.1252,-0.079484,-0.012128,0.059061,0.097114,0.14274,Carrie Bow Cay
BBR 6-8.0,-0.18314,-0.1252,-0.079484,-0.012128,0.059061,0.097114,0.14274,Carrie Bow Cay
BBR 7-8.9,-0.18314,-0.1252,-0.079484,-0.012128,0.059061,0.097114,0.14274,Carrie Bow Cay
G5-460/465,-0.1843,-0.12712,-0.082623,-0.012504,0.061231,0.098492,0.14311,Glover's Reef
G7-base,-0.18414,-0.12694,-0.082585,-0.01245,0.061151,0.098572,0.14337,Glover's Reef
G9-base,-0.18369,-0.12657,-0.082182,-0.012399,0.06114,0.098015,0.142,Glover's Reef
T4-base,-0.18288,-0.12625,-0.081652,-0.012197,0.060127,0.098985,0.14518,Turneffe Island
T6-base,-0.1834,-0.12675,-0.081771,-0.012006,0.060624,0.09987,0.14675,Turneffe Island
T7-base,-0.18313,-0.12658,-0.081836,-0.012045,0.060654,0.099582,0.14618,Turneffe Island
T12-base,-0.18314,-0.12671,-0.081981,-0.012017,0.060964,0.099665,0.1468,Turneffe Island
L5-base,-0.18563,-0.12846,-0.083385,-0.012242,0.062056,0.10083,0.14798,Lighthouse Reef
L6-base,-0.18511,-0.1278,-0.083157,-0.012438,0.061349,0.099852,0.14586,Lighthouse Reef
BETA-96642,-0.18321,-0.12645,-0.081895,-0.012265,0.060431,0.098856,0.14482,"Cay Bokel Island, Turneffe Atoll"
GR 1-2.1,-0.18397,-0.12681,-0.082372,-0.012439,0.061251,0.09817,0.14222,Glover's Reef
GR 1-6.675,-0.18397,-0.12681,-0.082372,-0.012439,0.061251,0.09817,0.14222,Glover's Reef
GR 1-8.275,-0.18397,-0.12681,-0.082372,-0.012439,0.061251,0.09817,0.14222,Glover's Reef
GR 2-6.575,-0.18357,-0.12646,-0.082138,-0.012381,0.060985,0.098085,0.14226,Glover's Reef
GR 2-9.55,-0.18357,-0.12646,-0.082138,-0.012381,0.060985,0.098085,0.14226,Glover's Reef
GR 2-9.8,-0.18357,-0.12646,-0.082138,-0.012381,0.060985,0.098085,0.14226,Glover's Reef
GR 3-6.95,-0.18379,-0.12666,-0.082265,-0.01242,0.061054,0.098192,0.14239,Glover's Reef
TR 4-0.25,-0.18372,-0.12689,-0.082184,-0.012123,0.060887,0.099693,0.14622,Turneffe Island
TR 4-1.35,-0.18372,-0.12689,-0.082184,-0.012123,0.060887,0.099693,0.14622,Turneffe Island
TR 4-3.125,-0.18372,-0.12689,-0.082184,-0.012123,0.060887,0.099693,0.14622,Turneffe Island
TR 5-0.45,-0.18344,-0.12697,-0.082134,-0.011963,0.061266,0.099991,0.14741,Turneffe Island
TR 5-1.15,-0.18344,-0.12697,-0.082134,-0.011963,0.061266,0.099991,0.14741,Turneffe Island
LR 7-4.9,-0.1858,-0.1284,-0.083469,-0.012419,0.06175,0.10045,0.14693,Lighthouse Reef
LR 7-6.3,-0.1858,-0.1284,-0.083469,-0.012419,0.06175,0.10045,0.14693,Lighthouse Reef
LR 10-3.775,-0.18518,-0.12812,-0.083196,-0.012228,0.061834,0.10057,0.14753,Lighthouse Reef
LR 11-0.6,-0.18558,-0.12842,-0.083374,-0.012251,0.062044,0.10074,0.14781,Lighthouse Reef
LR 11-5.4,-0.18558,-0.12842,-0.083374,-0.012251,0.062044,0.10074,0.14781,Lighthouse Reef
LR 12-2.125,-0.18585,-0.12861,-0.083513,-0.012132,0.062372,0.10122,0.1487,Lighthouse Reef
LR 12-2.375,-0.18585,-0.12861,-0.083513,-0.012132,0.062372,0.10122,0.1487,Lighthouse Reef
LR 12-5.475,-0.18585,-0.12861,-0.083513,-0.012132,0.062372,0.10122,0.1487,Lighthouse Reef
LR 13-8.05,-0.18558,-0.12842,-0.083374,-0.012251,0.062044,0.10074,0.14781,Lighthouse Reef
LR 14-0.475,-0.18572,-0.1285,-0.083461,-0.012322,0.061873,0.1008,0.14768,Lighthouse Reef
LR 14-2.675,-0.18572,-0.1285,-0.083461,-0.012322,0.061873,0.1008,0.14768,Lighthouse Reef
BBR 1-2.1,-0.18217,-0.12291,-0.076559,-0.011786,0.056698,0.09563,0.14434,Tobacco Cay
BBR 1-6.425,-0.18217,-0.12291,-0.076559,-0.011786,0.056698,0.09563,0.14434,Tobacco Cay
BBR 1-10.075,-0.18217,-0.12291,-0.076559,-0.011786,0.056698,0.09563,0.14434,Tobacco Cay
BBR 1-13.5,-0.18217,-0.12291,-0.076559,-0.011786,0.056698,0.09563,0.14434,Tobacco Cay
BBR 2-3.275,-0.18308,-0.12574,-0.080534,-0.012122,0.059749,0.098031,0.14389,Emily
BBR 2-4.225,-0.18308,-0.12574,-0.080534,-0.012122,0.059749,0.098031,0.14389,Emily
BBR 3-0.425,-0.18423,-0.12618,-0.079944,-0.011869,0.059391,0.099257,0.14705,Rendezvous Cay
BBR 4-0.75,-0.18484,-0.12763,-0.081969,-0.011781,0.060888,0.10159,0.14967,Gallow's Point Reef
BBR 4-2.575,-0.18484,-0.12763,-0.081969,-0.011781,0.060888,0.10159,0.14967,Gallow's Point Reef
BBR 4-11.6,-0.18484,-0.12763,-0.081969,-0.011781,0.060888,0.10159,0.14967,Gallow's Point Reef
BBR 5-2,-0.18272,-0.12581,-0.081616,-0.012366,0.060858,0.097105,0.13981,Gladden spit
BBR 5-3.875,-0.18272,-0.12581,-0.081616,-0.012366,0.060858,0.097105,0.13981,Gladden spit
BBR 5-8.25,-0.18272,-0.12581,-0.081616,-0.012366,0.060858,0.097105,0.13981,Gladden spit
BBR 5-13.925,-0.18272,-0.12581,-0.081616,-0.012366,0.060858,0.097105,0.13981,Gladden spit
BBR 6-0.625,-0.18314,-0.1252,-0.079484,-0.012128,0.059061,0.097114,0.14274,Carrie Bow Cay
BBR 7-4.95,-0.18314,-0.1252,-0.079484,-0.012128,0.059061,0.097114,0.14274,Carrie Bow Cay
BBR 7-8,-0.18314,-0.1252,-0.079484,-0.012128,0.059061,0.097114,0.14274,Carrie Bow Cay
BBR 8-15.9,-0.18188,-0.12501,-0.080931,-0.012079,0.060587,0.097033,0.13804,Nicholas Cay
BBR 8-18.5,-0.18188,-0.12501,-0.080931,-0.012079,0.060587,0.097033,0.13804,Nicholas Cay
BBR 9-11.45,-0.18232,-0.12545,-0.081219,-0.012201,0.060817,0.097049,0.13903,Ranguana Cay
BBR 9-13,-0.18232,-0.12545,-0.081219,-0.012201,0.060817,0.097049,0.13903,Ranguana Cay
OS-37476,-0.18188,-0.12249,-0.075913,-0.011663,0.056475,0.095278,0.14411,Twin Cays
OS-40695,-0.18188,-0.12249,-0.075913,-0.011663,0.056475,0.095278,0.14411,Twin Cays
OS-40696,-0.18188,-0.12249,-0.075913,-0.011663,0.056475,0.095278,0.14411,Twin Cays
OS-37475,-0.18188,-0.12249,-0.075913,-0.011663,0.056475,0.095278,0.14411,Twin Cays
OS-37477,-0.18188,-0.12249,-0.075913,-0.011663,0.056475,0.095278,0.14411,Twin Cays
491,-0.1830276,-0.1270151,-0.08143524,-0.01126491,0.06183802,0.1015527,0.1506464,Ambergris Cay
663,-0.1828759,-0.1267306,-0.08103818,-0.01116402,0.06173719,0.1013755,0.1507555,Ambergris Cay
465,-0.1829534,-0.1268199,-0.08124831,-0.01131524,0.06147515,0.1013321,0.1504858,Ambergris Cay
TR 4-1.1,-0.18371,-0.12688,-0.082179,-0.012115,0.06089,0.099707,0.14624,"Soldier Cay, Turneffe Atoll"
TR 5-2.7,-0.18372,-0.12723,-0.082322,-0.01197,0.061468,0.10021,0.1477,"Three Corner Cay, Turneffe Atoll"
TR 4-1.1,-0.18371,-0.12688,-0.082179,-0.012115,0.06089,0.099707,0.14624,Glover's Reef
TR 5-2.7,-0.18372,-0.12723,-0.082322,-0.01197,0.061468,0.10021,0.1477,Glover's Reef
GR 3-1.25,-0.18379,-0.12666,-0.08227,-0.012416,0.061071,0.098198,0.1424,Glover's Reef
LR 7-2,-0.1858,-0.12839,-0.083548,-0.012455,0.061721,0.1004,0.14684,Lighthouse Reef
LR 7-3.5,-0.1858,-0.12839,-0.083548,-0.012455,0.061721,0.1004,0.14684,Lighthouse Reef
LR 7-5.1,-0.1858,-0.12839,-0.083548,-0.012455,0.061721,0.1004,0.14684,Lighthouse Reef
TR 4-3,-0.18371,-0.12688,-0.082179,-0.012115,0.06089,0.099707,0.14624,"Soldier Cay, Turneffe Atoll"
LR 7-5.1,-0.1858,-0.12839,-0.083548,-0.012455,0.061721,0.1004,0.14684,Glover's Reef
TR 4-3,-0.18371,-0.12688,-0.082179,-0.012115,0.06089,0.099707,0.14624,Glover's Reef
GR 1-2.8,-0.18356,-0.12644,-0.082127,-0.012376,0.061014,0.098052,0.14216,Glover's Reef
GR 2-4.6,-0.18398,-0.12684,-0.082377,-0.012447,0.061259,0.098172,0.14223,Glover's Reef
LR 7-7.9,-0.1858,-0.12839,-0.083548,-0.012455,0.061721,0.1004,0.14684,Lighthouse Reef
GR 1-5.6,-0.18398,-0.12684,-0.082377,-0.012447,0.061259,0.098172,0.14223,Glover's Reef
LR 7-7.9,-0.1858,-0.12839,-0.083548,-0.012455,0.061721,0.1004,0.14684,Glover's Reef
BBR 6-7.6,-0.18314,-0.1252,-0.079484,-0.012128,0.059061,0.097114,0.14274,Carrie Bow Cay
BBR 7-6.4,-0.18314,-0.1252,-0.079484,-0.012128,0.059061,0.097114,0.14274,Carrie Bow Cay
BBR 1-8.1,-0.18217,-0.12291,-0.076559,-0.011786,0.056698,0.09563,0.14434,Tobacco Cay
BBR 2-4.4,-0.18308,-0.12574,-0.080534,-0.012122,0.059749,0.098031,0.14389,Emily
BBR 8-14.5,-0.18188,-0.12501,-0.080931,-0.012079,0.060587,0.097033,0.13804,Nicholas Cay
BBR 9-15.5,-0.18232,-0.12545,-0.081219,-0.012201,0.060817,0.097049,0.13903,Ranguana Cay
BBR 1-13.9,-0.18217,-0.12291,-0.076559,-0.011786,0.056698,0.09563,0.14434,Tobacco Cay
BBR 5-14.0,-0.18272,-0.12581,-0.081616,-0.012366,0.060858,0.097105,0.13981,Gladden spit
BBR 3-20.0,-0.18423,-0.12618,-0.079944,-0.011869,0.059391,0.099257,0.14705,Rendezvous Cay
BBR 9-19.8,-0.18232,-0.12545,-0.081219,-0.012201,0.060817,0.097049,0.13903,Ranguana Cay
BBR 8-20.0,-0.18188,-0.12501,-0.080931,-0.012079,0.060587,0.097033,0.13804,Nicholas Cay
G5-120/125,-0.1843,-0.12712,-0.082623,-0.012504,0.061231,0.098492,0.14311,Glover's Reef
G5-240/245,-0.1843,-0.12712,-0.082623,-0.012504,0.061231,0.098492,0.14311,Glover's Reef
L4-base,-0.18591,-0.12867,-0.083519,-0.012274,0.062153,0.10094,0.14807,Lighthouse Reef
G5-380/385,-0.1843,-0.12712,-0.082623,-0.012504,0.061231,0.098492,0.14311,Glover's Reef
T5-base,-0.18313,-0.12645,-0.081806,-0.012253,0.060237,0.099007,0.14533,Turneffe Island
G4-base,-0.18389,-0.12675,-0.082336,-0.012429,0.061141,0.098228,0.14238,Glover's Reef
G5-base,-0.1843,-0.12712,-0.082623,-0.012504,0.061231,0.098492,0.14311,Glover's Reef
T9-base,-0.18338,-0.12667,-0.082003,-0.012127,0.060648,0.099522,0.14597,Turneffe Island
Beta-22919,-0.18206,-0.12277,-0.076199,-0.011724,0.056612,0.095462,0.14438,Tobacco Range
Beta-22916,-0.18207,-0.12278,-0.076223,-0.011728,0.056637,0.095457,0.14437,Tobacco Range
Beta-22923,-0.18211,-0.12282,-0.076476,-0.011747,0.056784,0.095522,0.14424,Tobacco Range
Beta-22917,-0.18207,-0.12278,-0.076223,-0.011728,0.056637,0.095457,0.14437,Tobacco Range
Beta-22936,-0.18215,-0.12285,-0.076528,-0.011757,0.056753,0.095597,0.14434,Tobacco Range
Beta-31605,-0.18208,-0.12282,-0.076315,-0.011712,0.056783,0.095507,0.14432,Tobacco Range
Beta-22920,-0.18206,-0.12277,-0.076199,-0.011724,0.056612,0.095462,0.14438,Tobacco Range
Beta-22924,-0.18211,-0.12282,-0.076476,-0.011747,0.056784,0.095522,0.14424,Tobacco Range
Beta-22921,-0.18206,-0.12277,-0.076199,-0.011724,0.056612,0.095462,0.14438,Tobacco Range
Beta-22929,-0.18204,-0.12273,-0.076143,-0.011706,0.056586,0.09546,0.14444,Tobacco Range
Beta-22926,-0.18205,-0.12274,-0.07616,-0.011712,0.056583,0.095464,0.14443,Tobacco Range
Beta-31606,-0.18208,-0.12282,-0.076315,-0.011712,0.056783,0.095507,0.14432,Tobacco Range
Beta-22932,-0.18205,-0.12276,-0.076182,-0.011722,0.056591,0.095461,0.1444,Tobacco Range
Beta-22927,-0.18205,-0.12274,-0.07616,-0.011712,0.056583,0.095464,0.14443,Tobacco Range
Beta-22925,-0.18211,-0.12282,-0.076476,-0.011747,0.056784,0.095522,0.14424,Tobacco Range
Beta-22928,-0.18205,-0.12274,-0.07616,-0.011712,0.056583,0.095464,0.14443,Tobacco Range
Beta-22930,-0.18204,-0.12273,-0.076143,-0.011706,0.056586,0.09546,0.14444,Tobacco Range
Beta-22922,-0.18206,-0.12277,-0.076199,-0.011724,0.056612,0.095462,0.14438,Tobacco Range
Beta-22937,-0.18215,-0.12285,-0.076528,-0.011757,0.056753,0.095597,0.14434,Tobacco Range
Beta-22933,-0.18205,-0.12276,-0.076182,-0.011722,0.056591,0.095461,0.1444,Tobacco Range
Beta-22934,-0.18205,-0.12276,-0.076182,-0.011722,0.056591,0.095461,0.1444,Tobacco Range
Beta-22918,-0.18207,-0.12278,-0.076223,-0.011728,0.056637,0.095457,0.14437,Tobacco Range
Beta-22931,-0.18204,-0.12273,-0.076143,-0.011706,0.056586,0.09546,0.14444,Tobacco Range
20180,-0.181991799,-0.122729057,-0.076164894,-0.011713828,0.056659238,0.095379401,0.143876217,Twin Cays
10-115-125,-0.1819,-0.12247,-0.075971,-0.011661,0.056489,0.095303,0.1441,Twin Cays
34790,-0.181991799,-0.122729057,-0.076164894,-0.011713828,0.056659238,0.095379401,0.143876217,Twin Cays
6-200-216,-0.1819,-0.12249,-0.076016,-0.011683,0.056492,0.09528,0.14403,Twin Cays
12-90-100,-0.182,-0.12275,-0.076202,-0.011714,0.056698,0.095395,0.14385,Twin Cays
12-190-200,-0.182,-0.12275,-0.076202,-0.011714,0.056698,0.095395,0.14385,Twin Cays
1C-60,-0.18192,-0.12253,-0.075979,-0.011682,0.056504,0.095274,0.14397,Twin Cays
32933,-0.181895367,-0.122463403,-0.075968786,-0.011660631,0.056489298,0.095300367,0.144096044,Twin Cays
1A-128,-0.18192,-0.12253,-0.075974,-0.011681,0.056498,0.095279,0.14398,Twin Cays
16-138-148,-0.18186,-0.12252,-0.07587,-0.011685,0.0564,0.095253,0.14412,Twin Cays
45703,-0.1818433,-0.122429278,-0.075778029,-0.011627162,0.056466327,0.095232332,0.144188301,Twin Cays
12-290-300,-0.182,-0.12275,-0.076202,-0.011714,0.056698,0.095395,0.14385,Twin Cays
16-300-310,-0.18186,-0.12252,-0.07587,-0.011685,0.0564,0.095253,0.14412,Twin Cays
15-250-270,-0.18188,-0.12249,-0.075915,-0.011664,0.05647,0.095281,0.14412,Twin Cays
14-490-500,-0.18196,-0.1226,-0.07606,-0.011685,0.056581,0.095334,0.14394,Twin Cays
1B-237,-0.18191,-0.12252,-0.075964,-0.011676,0.056491,0.095286,0.14399,Twin Cays
9-200-220,-0.18183,-0.1224,-0.075749,-0.011635,0.056383,0.095224,0.14421,Twin Cays
11-190-210,-0.1819,-0.12247,-0.075965,-0.01166,0.056489,0.095305,0.1441,Twin Cays
15-500-520,-0.18188,-0.12249,-0.075915,-0.011664,0.05647,0.095281,0.14412,Twin Cays
1C-425,-0.18192,-0.12253,-0.075979,-0.011682,0.056504,0.095274,0.14397,Twin Cays
7-250-270,-0.18187,-0.12249,-0.07589,-0.011668,0.056431,0.095272,0.14413,Twin Cays
9-350-370,-0.18183,-0.1224,-0.075749,-0.011635,0.056383,0.095224,0.14421,Twin Cays
2-210,-0.18184,-0.12243,-0.075778,-0.011627,0.056466,0.095232,0.14419,Twin Cays
1C-555,-0.18192,-0.12253,-0.075979,-0.011682,0.056504,0.095274,0.14397,Twin Cays
1A-350,-0.18192,-0.12253,-0.075974,-0.011681,0.056498,0.095279,0.14398,Twin Cays
2-204,-0.18184,-0.12243,-0.075778,-0.011627,0.056466,0.095232,0.14419,Twin Cays
1B-360,-0.18191,-0.12252,-0.075964,-0.011676,0.056491,0.095286,0.14399,Twin Cays
1A-355,-0.18192,-0.12253,-0.075974,-0.011681,0.056498,0.095279,0.14398,Twin Cays
7-500-520,-0.18187,-0.12249,-0.07589,-0.011668,0.056431,0.095272,0.14413,Twin Cays
1A-420,-0.18192,-0.12253,-0.075974,-0.011681,0.056498,0.095279,0.14398,Twin Cays
16-630-644,-0.18186,-0.12252,-0.07587,-0.011685,0.0564,0.095253,0.14412,Twin Cays
3-260,-0.1819,-0.12246,-0.075969,-0.011661,0.056489,0.0953,0.1441,Twin Cays
7-693-713,-0.18187,-0.12249,-0.07589,-0.011668,0.056431,0.095272,0.14413,Twin Cays
6-620-640,-0.1819,-0.12249,-0.076016,-0.011683,0.056492,0.09528,0.14403,Twin Cays
15-690-709,-0.18188,-0.12249,-0.075915,-0.011664,0.05647,0.095281,0.14412,Twin Cays
1A-518,-0.18192,-0.12253,-0.075974,-0.011681,0.056498,0.095279,0.14398,Twin Cays
Geochron BS30-5.3,-0.18372,-0.12716,-0.080607,-0.01114,0.061189,0.10202,0.1521,Bulkhead
Geochron 22-1,-0.18321,-0.12691,-0.081227,-0.011349,0.061377,0.10137,0.15064,Cangrejo
Geochron 14-4,-0.18325,-0.1269,-0.08107,-0.011284,0.061358,0.10148,0.15075,Cangrejo
Geochron 7-3,-0.18325,-0.12694,-0.081201,-0.011323,0.061403,0.10144,0.15076,Cangrejo
Geochron 16-4,-0.18322,-0.1269,-0.081191,-0.011324,0.061356,0.10144,0.15067,Cangrejo
Geochron BS44-.9,-0.18365,-0.12712,-0.080702,-0.011185,0.06123,0.10185,0.15194,Bulkhead
Geochron 16-5.4,-0.18322,-0.1269,-0.081191,-0.011324,0.061356,0.10144,0.15067,Cangrejo
Geochron 9-5.4,-0.18323,-0.12692,-0.081221,-0.011343,0.061378,0.10139,0.15069,Cangrejo
Geochron BS8-1.6,-0.18358,-0.12697,-0.080673,-0.011159,0.061201,0.1018,0.15185,Bulkhead
Geochron BS30-3.8,-0.18372,-0.12716,-0.080607,-0.01114,0.061189,0.10202,0.1521,Bulkhead
Geochron 22-3.9,-0.18321,-0.12691,-0.081227,-0.011349,0.061377,0.10137,0.15064,Cangrejo
Geochron 7-4.9,-0.18325,-0.12694,-0.081201,-0.011323,0.061403,0.10144,0.15076,Cangrejo
Geochron BS42-3.4,-0.1841,-0.12756,-0.080808,-0.011165,0.061413,0.10229,0.15252,Bulkhead
Geochron BS25A-4.3,-0.18368,-0.12717,-0.080951,-0.011278,0.06119,0.10182,0.15174,Bulkhead
Geochron BS8-3.2,-0.18358,-0.12697,-0.080673,-0.011159,0.061201,0.1018,0.15185,Bulkhead
Beta-234828,-0.18347,-0.12673,-0.082051,-0.012174,0.060627,0.099463,0.14588,Turneffe Island
WHOI-63006,-0.18347,-0.12673,-0.082051,-0.012174,0.060627,0.099463,0.14588,Turneffe Island
WHOI-63028,-0.18347,-0.12673,-0.082051,-0.012174,0.060627,0.099463,0.14588,Turneffe Island
Beta-234830,-0.18347,-0.12673,-0.082051,-0.012174,0.060627,0.099463,0.14588,Turneffe Island
Beta-234829,-0.18347,-0.12673,-0.082051,-0.012174,0.060627,0.099463,0.14588,Turneffe Island
TC-SSA,-0.18188,-0.12245,-0.075932,-0.01166,0.056462,0.095279,0.14408,Twin Cays
TC5-8B,-0.18188,-0.12249,-0.075898,-0.011664,0.056452,0.095276,0.1441,Twin Cays
CC10-7,-0.18174,-0.1224,-0.075716,-0.011549,0.056627,0.095288,0.14371,Cat Cay
TC9-6B,-0.18195,-0.12258,-0.076053,-0.011684,0.05658,0.095317,0.14396,Twin Cays
TC-REU 1-8,-0.18186,-0.12245,-0.075821,-0.011631,0.056502,0.095248,0.14415,Twin Cays
TC8-26B,-0.18195,-0.12257,-0.076046,-0.011683,0.056571,0.095312,0.14397,Twin Cays
TC8-14B,-0.18195,-0.12257,-0.076046,-0.011683,0.056571,0.095312,0.14397,Twin Cays
TC9-19,-0.18195,-0.12258,-0.076053,-0.011684,0.05658,0.095317,0.14396,Twin Cays
TC-REU 1-32,-0.18186,-0.12245,-0.075821,-0.011631,0.056502,0.095248,0.14415,Twin Cays
TC5-35B,-0.18188,-0.12249,-0.075898,-0.011664,0.056452,0.095276,0.1441,Twin Cays
TC3-36B,-0.18188,-0.12248,-0.075923,-0.011662,0.056479,0.095279,0.14409,Twin Cays
TC5-65B,-0.18188,-0.12249,-0.075898,-0.011664,0.056452,0.095276,0.1441,Twin Cays
TC8-85B,-0.18195,-0.12257,-0.076046,-0.011683,0.056571,0.095312,0.14397,Twin Cays
TC-REU 1-64,-0.18186,-0.12245,-0.075821,-0.011631,0.056502,0.095248,0.14415,Twin Cays
TC3-64B,-0.18188,-0.12248,-0.075923,-0.011662,0.056479,0.095279,0.14409,Twin Cays
TC-REU 1-82,-0.18186,-0.12245,-0.075821,-0.011631,0.056502,0.095248,0.14415,Twin Cays
TC5-100B,-0.18188,-0.12249,-0.075898,-0.011664,0.056452,0.095276,0.1441,Twin Cays
TC3-80B,-0.18188,-0.12248,-0.075923,-0.011662,0.056479,0.095279,0.14409,Twin Cays
OS-58900,-0.18512,-0.12765,-0.081719,-0.011871,0.060644,0.10124,0.14949,Spanish Lookout Cay
OS-55440,-0.18512,-0.12765,-0.081719,-0.011871,0.060644,0.10124,0.14949,Spanish Lookout Cay
OS-58742,-0.18512,-0.12765,-0.081719,-0.011871,0.060644,0.10124,0.14949,Spanish Lookout Cay
OS-55648,-0.18512,-0.12765,-0.081719,-0.011871,0.060644,0.10124,0.14949,Spanish Lookout Cay
OS-58890,-0.18512,-0.12765,-0.081719,-0.011871,0.060644,0.10124,0.14949,Spanish Lookout Cay
OS-59240,-0.18512,-0.12765,-0.081719,-0.011871,0.060644,0.10124,0.14949,Spanish Lookout Cay
OS-55416,-0.18512,-0.12765,-0.081719,-0.011871,0.060644,0.10124,0.14949,Spanish Lookout Cay
OS-59247,-0.18512,-0.12765,-0.081719,-0.011871,0.060644,0.10124,0.14949,Spanish Lookout Cay
OS-55649,-0.18512,-0.12765,-0.081719,-0.011871,0.060644,0.10124,0.14949,Spanish Lookout Cay
OS-42359,-0.18188,-0.12249,-0.075926,-0.01167,0.056459,0.095278,0.14409,Twin Cays
OS-54559,-0.18188,-0.12249,-0.075926,-0.01167,0.056459,0.095278,0.14409,Twin Cays
OS-54558,-0.18188,-0.12249,-0.075926,-0.01167,0.056459,0.095278,0.14409,Twin Cays
OS-40701,-0.18188,-0.12249,-0.075926,-0.01167,0.056459,0.095278,0.14409,Twin Cays
OS-40700,-0.18188,-0.12249,-0.075926,-0.01167,0.056459,0.095278,0.14409,Twin Cays
OS-40699,-0.18188,-0.12249,-0.075926,-0.01167,0.056459,0.095278,0.14409,Twin Cays
OS-40698,-0.18188,-0.12249,-0.075926,-0.01167,0.056459,0.095278,0.14409,Twin Cays
OS-40697,-0.18188,-0.12249,-0.075926,-0.01167,0.056459,0.095278,0.14409,Twin Cays
OS-65273,-0.18317,-0.12673,-0.081908,-0.012033,0.060844,0.099658,0.14656,Turneffe Atoll
OS-65271,-0.18317,-0.12673,-0.081908,-0.012033,0.060844,0.099658,0.14656,Turneffe Atoll
OS-66026,-0.18317,-0.12673,-0.081908,-0.012033,0.060844,0.099658,0.14656,Turneffe Atoll
OS-65272,-0.18317,-0.12673,-0.081908,-0.012033,0.060844,0.099658,0.14656,Turneffe Atoll
GR/19/C1,-0.18188,-0.12249,-0.075912,-0.011663,0.056474,0.095278,0.14411,Twin Cays
GR/19/C1,-0.18188,-0.12249,-0.075912,-0.011663,0.056474,0.095278,0.14411,Twin Cays
GR/19/C1,-0.18188,-0.12249,-0.075912,-0.011663,0.056474,0.095278,0.14411,Twin Cays
GR/19/C1,-0.18188,-0.12249,-0.075912,-0.011663,0.056474,0.095278,0.14411,Twin Cays
GR/19/C1,-0.18188,-0.12249,-0.075912,-0.011663,0.056474,0.095278,0.14411,Twin Cays
GR/19/C1,-0.18188,-0.12249,-0.075912,-0.011663,0.056474,0.095278,0.14411,Twin Cays
GR/19/C1,-0.18188,-0.12249,-0.075912,-0.011663,0.056474,0.095278,0.14411,Twin Cays
GR/19/C1,-0.18188,-0.12249,-0.075912,-0.011663,0.056474,0.095278,0.14411,Twin Cays
GR/19/C1,-0.18188,-0.12249,-0.075912,-0.011663,0.056474,0.095278,0.14411,Twin Cays
GR/19/C1,-0.18188,-0.12249,-0.075912,-0.011663,0.056474,0.095278,0.14411,Twin Cays
GR/19/C1,-0.18188,-0.12249,-0.075912,-0.011663,0.056474,0.095278,0.14411,Twin Cays
GR/19/C1,-0.18188,-0.12249,-0.075912,-0.011663,0.056474,0.095278,0.14411,Twin Cays
GR/19/C1,-0.18188,-0.12249,-0.075912,-0.011663,0.056474,0.095278,0.14411,Twin Cays
GR/19/C1,-0.18188,-0.12249,-0.075912,-0.011663,0.056474,0.095278,0.14411,Twin Cays
GR/19/C1,-0.18188,-0.12249,-0.075912,-0.011663,0.056474,0.095278,0.14411,Twin Cays
GR/19/C1,-0.18188,-0.12249,-0.075912,-0.011663,0.056474,0.095278,0.14411,Twin Cays
GR/19/C1,-0.18188,-0.12249,-0.075912,-0.011663,0.056474,0.095278,0.14411,Twin Cays
GR/19/C1,-0.18188,-0.12249,-0.075912,-0.011663,0.056474,0.095278,0.14411,Twin Cays
GR/19/C1,-0.18188,-0.12249,-0.075912,-0.011663,0.056474,0.095278,0.14411,Twin Cays
GR/19/C1,-0.18188,-0.12249,-0.075912,-0.011663,0.056474,0.095278,0.14411,Twin Cays
GR/19/C1,-0.18188,-0.12249,-0.075912,-0.011663,0.056474,0.095278,0.14411,Twin Cays
GR/19/C1,-0.18188,-0.12249,-0.075912,-0.011663,0.056474,0.095278,0.14411,Twin Cays
GR/19/C1,-0.18188,-0.12249,-0.075912,-0.011663,0.056474,0.095278,0.14411,Twin Cays
GR/19/C1,-0.18188,-0.12249,-0.075912,-0.011663,0.056474,0.095278,0.14411,Twin Cays
GR/19/C1,-0.18188,-0.12249,-0.075912,-0.011663,0.056474,0.095278,0.14411,Twin Cays
GR/19/C1,-0.18188,-0.12249,-0.075912,-0.011663,0.056474,0.095278,0.14411,Twin Cays
GR/19/C1,-0.18188,-0.12249,-0.075912,-0.011663,0.056474,0.095278,0.14411,Twin Cays
GR/19/C1,-0.18188,-0.12249,-0.075912,-0.011663,0.056474,0.095278,0.14411,Twin Cays
GR/19/C1,-0.18188,-0.12249,-0.075912,-0.011663,0.056474,0.095278,0.14411,Twin Cays
GR/19/C1,-0.18188,-0.12249,-0.075912,-0.011663,0.056474,0.095278,0.14411,Twin Cays
GR/19/C1,-0.18188,-0.12249,-0.075912,-0.011663,0.056474,0.095278,0.14411,Twin Cays
GR/19/C1,-0.18188,-0.12249,-0.075912,-0.011663,0.056474,0.095278,0.14411,Twin Cays
GR/19/C1,-0.18188,-0.12249,-0.075912,-0.011663,0.056474,0.095278,0.14411,Twin Cays
GR/19/C1,-0.18188,-0.12249,-0.075912,-0.011663,0.056474,0.095278,0.14411,Twin Cays
GR/19/C1,-0.18188,-0.12249,-0.075912,-0.011663,0.056474,0.095278,0.14411,Twin Cays
GR/19/C1,-0.18188,-0.12249,-0.075912,-0.011663,0.056474,0.095278,0.14411,Twin Cays
GR/19/C1,-0.18188,-0.12249,-0.075912,-0.011663,0.056474,0.095278,0.14411,Twin Cays
GR/19/C1,-0.18188,-0.12249,-0.075912,-0.011663,0.056474,0.095278,0.14411,Twin Cays
GR/19/C1,-0.18188,-0.12249,-0.075912,-0.011663,0.056474,0.095278,0.14411,Twin Cays
GR/19/C1,-0.18188,-0.12249,-0.075912,-0.011663,0.056474,0.095278,0.14411,Twin Cays
GR/19/C1,-0.18188,-0.12249,-0.075912,-0.011663,0.056474,0.095278,0.14411,Twin Cays
GR/19/C1,-0.18188,-0.12249,-0.075912,-0.011663,0.056474,0.095278,0.14411,Twin Cays
GR/19/C1,-0.18188,-0.12249,-0.075912,-0.011663,0.056474,0.095278,0.14411,Twin Cays
GR/19/C1,-0.18188,-0.12249,-0.075912,-0.011663,0.056474,0.095278,0.14411,Twin Cays
GR/19/C1,-0.18188,-0.12249,-0.075912,-0.011663,0.056474,0.095278,0.14411,Twin Cays
GR/19/C1,-0.18188,-0.12249,-0.075912,-0.011663,0.056474,0.095278,0.14411,Twin Cays
GR/19/C1,-0.18188,-0.12249,-0.075912,-0.011663,0.056474,0.095278,0.14411,Twin Cays
GR/19/C1,-0.18188,-0.12249,-0.075912,-0.011663,0.056474,0.095278,0.14411,Twin Cays
GR/19/C1,-0.18188,-0.12249,-0.075912,-0.011663,0.056474,0.095278,0.14411,Twin Cays
GR/19/C1,-0.18188,-0.12249,-0.075912,-0.011663,0.056474,0.095278,0.14411,Twin Cays
GR/19/C1,-0.18188,-0.12249,-0.075912,-0.011663,0.056474,0.095278,0.14411,Twin Cays
GR/19/C1,-0.18188,-0.12249,-0.075912,-0.011663,0.056474,0.095278,0.14411,Twin Cays
GR/19/C1,-0.18188,-0.12249,-0.075912,-0.011663,0.056474,0.095278,0.14411,Twin Cays
GR/19/C1,-0.18188,-0.12249,-0.075912,-0.011663,0.056474,0.095278,0.14411,Twin Cays
GR/19/C1,-0.18188,-0.12249,-0.075912,-0.011663,0.056474,0.095278,0.14411,Twin Cays
GR/19/C1,-0.18188,-0.12249,-0.075912,-0.011663,0.056474,0.095278,0.14411,Twin Cays
GR/19/C1,-0.18188,-0.12249,-0.075912,-0.011663,0.056474,0.095278,0.14411,Twin Cays
GR/19/C1,-0.18188,-0.12249,-0.075912,-0.011663,0.056474,0.095278,0.14411,Twin Cays
GR/19/C1,-0.18188,-0.12249,-0.075912,-0.011663,0.056474,0.095278,0.14411,Twin Cays
GR/19/C1,-0.18188,-0.12249,-0.075912,-0.011663,0.056474,0.095278,0.14411,Twin Cays
GR/19/C1,-0.18188,-0.12249,-0.075912,-0.011663,0.056474,0.095278,0.14411,Twin Cays
GR/19/C1,-0.18188,-0.12249,-0.075912,-0.011663,0.056474,0.095278,0.14411,Twin Cays
GR/19/C1,-0.18188,-0.12249,-0.075912,-0.011663,0.056474,0.095278,0.14411,Twin Cays
GR/19/C1,-0.18188,-0.12249,-0.075912,-0.011663,0.056474,0.095278,0.14411,Twin Cays
GR/19/C1,-0.18188,-0.12249,-0.075912,-0.011663,0.056474,0.095278,0.14411,Twin Cays
GR/19/C1,-0.18188,-0.12249,-0.075912,-0.011663,0.056474,0.095278,0.14411,Twin Cays
GR/19/C1,-0.18188,-0.12249,-0.075912,-0.011663,0.056474,0.095278,0.14411,Twin Cays
GR/19/C1,-0.18188,-0.12249,-0.075912,-0.011663,0.056474,0.095278,0.14411,Twin Cays
GR/19/C1,-0.18188,-0.12249,-0.075912,-0.011663,0.056474,0.095278,0.14411,Twin Cays
GR/19/C1,-0.18188,-0.12249,-0.075912,-0.011663,0.056474,0.095278,0.14411,Twin Cays
GR/19/C1,-0.18188,-0.12249,-0.075912,-0.011663,0.056474,0.095278,0.14411,Twin Cays
GR/19/C1,-0.18188,-0.12249,-0.075912,-0.011663,0.056474,0.095278,0.14411,Twin Cays
GR/19/C1,-0.18188,-0.12249,-0.075912,-0.011663,0.056474,0.095278,0.14411,Twin Cays
GR/19/C1,-0.18188,-0.12249,-0.075912,-0.011663,0.056474,0.095278,0.14411,Twin Cays
GR/19/C1,-0.18188,-0.12249,-0.075912,-0.011663,0.056474,0.095278,0.14411,Twin Cays
GR/19/C1,-0.18188,-0.12249,-0.075912,-0.011663,0.056474,0.095278,0.14411,Twin Cays
GR/19/C1,-0.18188,-0.12249,-0.075912,-0.011663,0.056474,0.095278,0.14411,Twin Cays
GR/19/C1,-0.18188,-0.12249,-0.075912,-0.011663,0.056474,0.095278,0.14411,Twin Cays
GR/19/C1,-0.18188,-0.12249,-0.075912,-0.011663,0.056474,0.095278,0.14411,Twin Cays
GR/19/C1,-0.18188,-0.12249,-0.075912,-0.011663,0.056474,0.095278,0.14411,Twin Cays
GR/19/C1,-0.18188,-0.12249,-0.075912,-0.011663,0.056474,0.095278,0.14411,Twin Cays
GR/19/C1,-0.18188,-0.12249,-0.075912,-0.011663,0.056474,0.095278,0.14411,Twin Cays
GR/19/C1,-0.18188,-0.12249,-0.075912,-0.011663,0.056474,0.095278,0.14411,Twin Cays
GR/19/C1,-0.18188,-0.12249,-0.075912,-0.011663,0.056474,0.095278,0.14411,Twin Cays
GR/19/C1,-0.18188,-0.12249,-0.075912,-0.011663,0.056474,0.095278,0.14411,Twin Cays
GR/19/C1,-0.18188,-0.12249,-0.075912,-0.011663,0.056474,0.095278,0.14411,Twin Cays
GR/19/C1,-0.18188,-0.12249,-0.075912,-0.011663,0.056474,0.095278,0.14411,Twin Cays
GR/19/C1,-0.18188,-0.12249,-0.075912,-0.011663,0.056474,0.095278,0.14411,Twin Cays
GR/19/C1,-0.18188,-0.12249,-0.075912,-0.011663,0.056474,0.095278,0.14411,Twin Cays
GR/19/C1,-0.18188,-0.12249,-0.075912,-0.011663,0.056474,0.095278,0.14411,Twin Cays
GR/19/C1,-0.18188,-0.12249,-0.075912,-0.011663,0.056474,0.095278,0.14411,Twin Cays
GR/19/C1,-0.18188,-0.12249,-0.075912,-0.011663,0.056474,0.095278,0.14411,Twin Cays
GR/19/C1,-0.18188,-0.12249,-0.075912,-0.011663,0.056474,0.095278,0.14411,Twin Cays
GR/19/C1,-0.18188,-0.12249,-0.075912,-0.011663,0.056474,0.095278,0.14411,Twin Cays
GR/19/C1,-0.18188,-0.12249,-0.075912,-0.011663,0.056474,0.095278,0.14411,Twin Cays
GR/19/C1,-0.18188,-0.12249,-0.075912,-0.011663,0.056474,0.095278,0.14411,Twin Cays
GR/19/C1,-0.18188,-0.12249,-0.075912,-0.011663,0.056474,0.095278,0.14411,Twin Cays
GR/19/C1,-0.18188,-0.12249,-0.075912,-0.011663,0.056474,0.095278,0.14411,Twin Cays
GR/19/C1,-0.18188,-0.12249,-0.075912,-0.011663,0.056474,0.095278,0.14411,Twin Cays
GR/19/C1,-0.18188,-0.12249,-0.075912,-0.011663,0.056474,0.095278,0.14411,Twin Cays
GR/19/C1,-0.18188,-0.12249,-0.075912,-0.011663,0.056474,0.095278,0.14411,Twin Cays
GR/19/C1,-0.18188,-0.12249,-0.075912,-0.011663,0.056474,0.095278,0.14411,Twin Cays
GR/19/C1,-0.18188,-0.12249,-0.075912,-0.011663,0.056474,0.095278,0.14411,Twin Cays
GR/19/C1,-0.18188,-0.12249,-0.075912,-0.011663,0.056474,0.095278,0.14411,Twin Cays
GR/19/C1,-0.18188,-0.12249,-0.075912,-0.011663,0.056474,0.095278,0.14411,Twin Cays
GR/19/C1,-0.18188,-0.12249,-0.075912,-0.011663,0.056474,0.095278,0.14411,Twin Cays
GR/19/C1,-0.18188,-0.12249,-0.075912,-0.011663,0.056474,0.095278,0.14411,Twin Cays
GR/19/C1,-0.18188,-0.12249,-0.075912,-0.011663,0.056474,0.095278,0.14411,Twin Cays
GR/19/C1,-0.18188,-0.12249,-0.075912,-0.011663,0.056474,0.095278,0.14411,Twin Cays
GR/19/C1,-0.18188,-0.12249,-0.075912,-0.011663,0.056474,0.095278,0.14411,Twin Cays
GR/19/C1,-0.18188,-0.12249,-0.075912,-0.011663,0.056474,0.095278,0.14411,Twin Cays
GR/19/C1,-0.18188,-0.12249,-0.075912,-0.011663,0.056474,0.095278,0.14411,Twin Cays
GR/19/C1,-0.18188,-0.12249,-0.075912,-0.011663,0.056474,0.095278,0.14411,Twin Cays
GR/19/C1,-0.18188,-0.12249,-0.075912,-0.011663,0.056474,0.095278,0.14411,Twin Cays
GR/19/C1,-0.18188,-0.12249,-0.075912,-0.011663,0.056474,0.095278,0.14411,Twin Cays
GR/19/C1,-0.18188,-0.12249,-0.075912,-0.011663,0.056474,0.095278,0.14411,Twin Cays
GR/19/C1,-0.18188,-0.12249,-0.075912,-0.011663,0.056474,0.095278,0.14411,Twin Cays
GR/19/C1,-0.18188,-0.12249,-0.075912,-0.011663,0.056474,0.095278,0.14411,Twin Cays
GR/19/C1,-0.18188,-0.12249,-0.075912,-0.011663,0.056474,0.095278,0.14411,Twin Cays
GR/19/C1,-0.18188,-0.12249,-0.075912,-0.011663,0.056474,0.095278,0.14411,Twin Cays
GR/19/C1,-0.18188,-0.12249,-0.075912,-0.011663,0.056474,0.095278,0.14411,Twin Cays
GR/19/C1,-0.18188,-0.12249,-0.075912,-0.011663,0.056474,0.095278,0.14411,Twin Cays
GR/19/C1,-0.18188,-0.12249,-0.075912,-0.011663,0.056474,0.095278,0.14411,Twin Cays
GR/19/C1,-0.18188,-0.12249,-0.075912,-0.011663,0.056474,0.095278,0.14411,Twin Cays
GR/19/C1,-0.18188,-0.12249,-0.075912,-0.011663,0.056474,0.095278,0.14411,Twin Cays
GR/19/C1,-0.18188,-0.12249,-0.075912,-0.011663,0.056474,0.095278,0.14411,Twin Cays
GR/19/C1,-0.18188,-0.12249,-0.075912,-0.011663,0.056474,0.095278,0.14411,Twin Cays
GR/19/C1,-0.18188,-0.12249,-0.075912,-0.011663,0.056474,0.095278,0.14411,Twin Cays
GR/19/C1,-0.18188,-0.12249,-0.075912,-0.011663,0.056474,0.095278,0.14411,Twin Cays
GR/19/C1,-0.18188,-0.12249,-0.075912,-0.011663,0.056474,0.095278,0.14411,Twin Cays
GR/19/C1,-0.18188,-0.12249,-0.075912,-0.011663,0.056474,0.095278,0.14411,Twin Cays
GR/19/C1,-0.18188,-0.12249,-0.075912,-0.011663,0.056474,0.095278,0.14411,Twin Cays
GR/19/C1,-0.18188,-0.12249,-0.075912,-0.011663,0.056474,0.095278,0.14411,Twin Cays
GR/19/C1,-0.18188,-0.12249,-0.075912,-0.011663,0.056474,0.095278,0.14411,Twin Cays
GR/19/C1,-0.18188,-0.12249,-0.075912,-0.011663,0.056474,0.095278,0.14411,Twin Cays
GR/19/C1,-0.18188,-0.12249,-0.075912,-0.011663,0.056474,0.095278,0.14411,Twin Cays
GR/19/C1,-0.18188,-0.12249,-0.075912,-0.011663,0.056474,0.095278,0.14411,Twin Cays
GR/19/C1,-0.18188,-0.12249,-0.075912,-0.011663,0.056474,0.095278,0.14411,Twin Cays
GR/19/C1,-0.18188,-0.12249,-0.075912,-0.011663,0.056474,0.095278,0.14411,Twin Cays
GR/19/C1,-0.18188,-0.12249,-0.075912,-0.011663,0.056474,0.095278,0.14411,Twin Cays
GR/19/C1,-0.18188,-0.12249,-0.075912,-0.011663,0.056474,0.095278,0.14411,Twin Cays
GR/19/C1,-0.18188,-0.12249,-0.075912,-0.011663,0.056474,0.095278,0.14411,Twin Cays
GR/19/C1,-0.18188,-0.12249,-0.075912,-0.011663,0.056474,0.095278,0.14411,Twin Cays
GR/19/C1,-0.18188,-0.12249,-0.075912,-0.011663,0.056474,0.095278,0.14411,Twin Cays
GR/19/C1,-0.18188,-0.12249,-0.075912,-0.011663,0.056474,0.095278,0.14411,Twin Cays
GR/19/C1,-0.18188,-0.12249,-0.075912,-0.011663,0.056474,0.095278,0.14411,Twin Cays
GR/19/C1,-0.18188,-0.12249,-0.075912,-0.011663,0.056474,0.095278,0.14411,Twin Cays
GR/19/C1,-0.18188,-0.12249,-0.075912,-0.011663,0.056474,0.095278,0.14411,Twin Cays
GR/19/C1,-0.18188,-0.12249,-0.075912,-0.011663,0.056474,0.095278,0.14411,Twin Cays
GR/19/C1,-0.18188,-0.12249,-0.075912,-0.011663,0.056474,0.095278,0.14411,Twin Cays
GR/19/C1,-0.18188,-0.12249,-0.075912,-0.011663,0.056474,0.095278,0.14411,Twin Cays
GR/19/C1,-0.18188,-0.12249,-0.075912,-0.011663,0.056474,0.095278,0.14411,Twin Cays
GR/19/C1,-0.18188,-0.12249,-0.075912,-0.011663,0.056474,0.095278,0.14411,Twin Cays
GR/19/C1,-0.18188,-0.12249,-0.075912,-0.011663,0.056474,0.095278,0.14411,Twin Cays
GR/19/C1,-0.18188,-0.12249,-0.075912,-0.011663,0.056474,0.095278,0.14411,Twin Cays
GR/19/C1,-0.18188,-0.12249,-0.075912,-0.011663,0.056474,0.095278,0.14411,Twin Cays
GR/19/C1,-0.18188,-0.12249,-0.075912,-0.011663,0.056474,0.095278,0.14411,Twin Cays
GR/19/C1,-0.18188,-0.12249,-0.075912,-0.011663,0.056474,0.095278,0.14411,Twin Cays
GR/19/C1,-0.18188,-0.12249,-0.075912,-0.011663,0.056474,0.095278,0.14411,Twin Cays
GR/19/C1,-0.18188,-0.12249,-0.075912,-0.011663,0.056474,0.095278,0.14411,Twin Cays
GR/19/C1,-0.18188,-0.12249,-0.075912,-0.011663,0.056474,0.095278,0.14411,Twin Cays
GR/19/C1,-0.18188,-0.12249,-0.075912,-0.011663,0.056474,0.095278,0.14411,Twin Cays
GR/19/C1,-0.18188,-0.12249,-0.075912,-0.011663,0.056474,0.095278,0.14411,Twin Cays
GR/19/C1,-0.18188,-0.12249,-0.075912,-0.011663,0.056474,0.095278,0.14411,Twin Cays
GR/19/C1,-0.18188,-0.12249,-0.075912,-0.011663,0.056474,0.095278,0.14411,Twin Cays
GR/19/C1,-0.18188,-0.12249,-0.075912,-0.011663,0.056474,0.095278,0.14411,Twin Cays
GR/19/C1,-0.18188,-0.12249,-0.075912,-0.011663,0.056474,0.095278,0.14411,Twin Cays
GR/19/C1,-0.18188,-0.12249,-0.075912,-0.011663,0.056474,0.095278,0.14411,Twin Cays
GR/19/C1,-0.18188,-0.12249,-0.075912,-0.011663,0.056474,0.095278,0.14411,Twin Cays
GR/19/C1,-0.18188,-0.12249,-0.075912,-0.011663,0.056474,0.095278,0.14411,Twin Cays
GR/19/C1,-0.18188,-0.12249,-0.075912,-0.011663,0.056474,0.095278,0.14411,Twin Cays
GR/19/C1,-0.18188,-0.12249,-0.075912,-0.011663,0.056474,0.095278,0.14411,Twin Cays
GR/19/C1,-0.18188,-0.12249,-0.075912,-0.011663,0.056474,0.095278,0.14411,Twin Cays
GR/19/C1,-0.18188,-0.12249,-0.075912,-0.011663,0.056474,0.095278,0.14411,Twin Cays
GR/19/C1,-0.18188,-0.12249,-0.075912,-0.011663,0.056474,0.095278,0.14411,Twin Cays
GR/19/C1,-0.18188,-0.12249,-0.075912,-0.011663,0.056474,0.095278,0.14411,Twin Cays
GR/19/C1,-0.18188,-0.12249,-0.075912,-0.011663,0.056474,0.095278,0.14411,Twin Cays
GR/19/C1,-0.18188,-0.12249,-0.075912,-0.011663,0.056474,0.095278,0.14411,Twin Cays
GR/19/C1,-0.18188,-0.12249,-0.075912,-0.011663,0.056474,0.095278,0.14411,Twin Cays
GR/19/C1,-0.18188,-0.12249,-0.075912,-0.011663,0.056474,0.095278,0.14411,Twin Cays
GR/19/C1,-0.18188,-0.12249,-0.075912,-0.011663,0.056474,0.095278,0.14411,Twin Cays
GR/19/C1,-0.18188,-0.12249,-0.075912,-0.011663,0.056474,0.095278,0.14411,Twin Cays
GR/19/C1,-0.18188,-0.12249,-0.075912,-0.011663,0.056474,0.095278,0.14411,Twin Cays
GR/19/C1,-0.18188,-0.12249,-0.075912,-0.011663,0.056474,0.095278,0.14411,Twin Cays
GR/19/C1,-0.18188,-0.12249,-0.075912,-0.011663,0.056474,0.095278,0.14411,Twin Cays
GR/19/C1,-0.18188,-0.12249,-0.075912,-0.011663,0.056474,0.095278,0.14411,Twin Cays
GR/19/C1,-0.18188,-0.12249,-0.075912,-0.011663,0.056474,0.095278,0.14411,Twin Cays
GR/19/C1,-0.18188,-0.12249,-0.075912,-0.011663,0.056474,0.095278,0.14411,Twin Cays
GR/19/C1,-0.18188,-0.12249,-0.075912,-0.011663,0.056474,0.095278,0.14411,Twin Cays
GR/19/C1,-0.18188,-0.12249,-0.075912,-0.011663,0.056474,0.095278,0.14411,Twin Cays
GR/19/C1,-0.18188,-0.12249,-0.075912,-0.011663,0.056474,0.095278,0.14411,Twin Cays
GR/19/C1,-0.18188,-0.12249,-0.075912,-0.011663,0.056474,0.095278,0.14411,Twin Cays
GR/19/C1,-0.18188,-0.12249,-0.075912,-0.011663,0.056474,0.095278,0.14411,Twin Cays
GR/19/C1,-0.18188,-0.12249,-0.075912,-0.011663,0.056474,0.095278,0.14411,Twin Cays
GR/19/C1,-0.18188,-0.12249,-0.075912,-0.011663,0.056474,0.095278,0.14411,Twin Cays
GR/19/C1,-0.18188,-0.12249,-0.075912,-0.011663,0.056474,0.095278,0.14411,Twin Cays
GR/19/C1,-0.18188,-0.12249,-0.075912,-0.011663,0.056474,0.095278,0.14411,Twin Cays
GR/19/C1,-0.18188,-0.12249,-0.075912,-0.011663,0.056474,0.095278,0.14411,Twin Cays
GR/19/C1,-0.18188,-0.12249,-0.075912,-0.011663,0.056474,0.095278,0.14411,Twin Cays
GR/19/C1,-0.18188,-0.12249,-0.075912,-0.011663,0.056474,0.095278,0.14411,Twin Cays
GR/19/C1,-0.18188,-0.12249,-0.075912,-0.011663,0.056474,0.095278,0.14411,Twin Cays
GR/19/C1,-0.18188,-0.12249,-0.075912,-0.011663,0.056474,0.095278,0.14411,Twin Cays
GR/19/C1,-0.18188,-0.12249,-0.075912,-0.011663,0.056474,0.095278,0.14411,Twin Cays
GR/19/C1,-0.18188,-0.12249,-0.075912,-0.011663,0.056474,0.095278,0.14411,Twin Cays
GR/19/C1,-0.18188,-0.12249,-0.075912,-0.011663,0.056474,0.095278,0.14411,Twin Cays
GR/19/C1,-0.18188,-0.12249,-0.075912,-0.011663,0.056474,0.095278,0.14411,Twin Cays
GR/19/C1,-0.18188,-0.12249,-0.075912,-0.011663,0.056474,0.095278,0.14411,Twin Cays
GR/19/C1,-0.18188,-0.12249,-0.075912,-0.011663,0.056474,0.095278,0.14411,Twin Cays
GR/19/C1,-0.18188,-0.12249,-0.075912,-0.011663,0.056474,0.095278,0.14411,Twin Cays
GR/19/C1,-0.18188,-0.12249,-0.075912,-0.011663,0.056474,0.095278,0.14411,Twin Cays
GR/19/C1,-0.18188,-0.12249,-0.075912,-0.011663,0.056474,0.095278,0.14411,Twin Cays
GR/19/C1,-0.18188,-0.12249,-0.075912,-0.011663,0.056474,0.095278,0.14411,Twin Cays
GR/19/C1,-0.18188,-0.12249,-0.075912,-0.011663,0.056474,0.095278,0.14411,Twin Cays
GR/19/C1,-0.18188,-0.12249,-0.075912,-0.011663,0.056474,0.095278,0.14411,Twin Cays
GR/19/C1,-0.18188,-0.12249,-0.075912,-0.011663,0.056474,0.095278,0.14411,Twin Cays
GR/19/C1,-0.18188,-0.12249,-0.075912,-0.011663,0.056474,0.095278,0.14411,Twin Cays
GR/19/C1,-0.18188,-0.12249,-0.075912,-0.011663,0.056474,0.095278,0.14411,Twin Cays
GR/19/C1,-0.18188,-0.12249,-0.075912,-0.011663,0.056474,0.095278,0.14411,Twin Cays
GR/19/C1,-0.18188,-0.12249,-0.075912,-0.011663,0.056474,0.095278,0.14411,Twin Cays
GR/19/C1,-0.18188,-0.12249,-0.075912,-0.011663,0.056474,0.095278,0.14411,Twin Cays
GR/19/C1,-0.18188,-0.12249,-0.075912,-0.011663,0.056474,0.095278,0.14411,Twin Cays
GR/19/C1,-0.18188,-0.12249,-0.075912,-0.011663,0.056474,0.095278,0.14411,Twin Cays
GR/19/C1,-0.18188,-0.12249,-0.075912,-0.011663,0.056474,0.095278,0.14411,Twin Cays
GR/19/C1,-0.18188,-0.12249,-0.075912,-0.011663,0.056474,0.095278,0.14411,Twin Cays
GR/19/C1,-0.18188,-0.12249,-0.075912,-0.011663,0.056474,0.095278,0.14411,Twin Cays
GR/19/C1,-0.18188,-0.12249,-0.075912,-0.011663,0.056474,0.095278,0.14411,Twin Cays
GR/19/C1,-0.18188,-0.12249,-0.075912,-0.011663,0.056474,0.095278,0.14411,Twin Cays
GR/19/C1,-0.18188,-0.12249,-0.075912,-0.011663,0.056474,0.095278,0.14411,Twin Cays
GR/19/C1,-0.18188,-0.12249,-0.075912,-0.011663,0.056474,0.095278,0.14411,Twin Cays
GR/19/C1,-0.18188,-0.12249,-0.075912,-0.011663,0.056474,0.095278,0.14411,Twin Cays
GR/19/C1,-0.18188,-0.12249,-0.075912,-0.011663,0.056474,0.095278,0.14411,Twin Cays
GR/19/C1,-0.18188,-0.12249,-0.075912,-0.011663,0.056474,0.095278,0.14411,Twin Cays
GR/19/C1,-0.18188,-0.12249,-0.075912,-0.011663,0.056474,0.095278,0.14411,Twin Cays
GR/19/C1,-0.18188,-0.12249,-0.075912,-0.011663,0.056474,0.095278,0.14411,Twin Cays
GR/19/C1,-0.18188,-0.12249,-0.075912,-0.011663,0.056474,0.095278,0.14411,Twin Cays
GR/19/C1,-0.18188,-0.12249,-0.075912,-0.011663,0.056474,0.095278,0.14411,Twin Cays
GR/19/C1,-0.18188,-0.12249,-0.075912,-0.011663,0.056474,0.095278,0.14411,Twin Cays
GR/19/C1,-0.18188,-0.12249,-0.075912,-0.011663,0.056474,0.095278,0.14411,Twin Cays
GR/19/C1,-0.18188,-0.12249,-0.075912,-0.011663,0.056474,0.095278,0.14411,Twin Cays
GR/19/C1,-0.18188,-0.12249,-0.075912,-0.011663,0.056474,0.095278,0.14411,Twin Cays
GR/19/C1,-0.18188,-0.12249,-0.075912,-0.011663,0.056474,0.095278,0.14411,Twin Cays
GR/19/C1,-0.18188,-0.12249,-0.075912,-0.011663,0.056474,0.095278,0.14411,Twin Cays
GR/19/C1,-0.18188,-0.12249,-0.075912,-0.011663,0.056474,0.095278,0.14411,Twin Cays
GR/19/C1,-0.18188,-0.12249,-0.075912,-0.011663,0.056474,0.095278,0.14411,Twin Cays
GR/19/C1,-0.18188,-0.12249,-0.075912,-0.011663,0.056474,0.095278,0.14411,Twin Cays
GR/19/C1,-0.18188,-0.12249,-0.075912,-0.011663,0.056474,0.095278,0.14411,Twin Cays
GR/19/C1,-0.18188,-0.12249,-0.075912,-0.011663,0.056474,0.095278,0.14411,Twin Cays
GR/19/C1,-0.18188,-0.12249,-0.075912,-0.011663,0.056474,0.095278,0.14411,Twin Cays
GR/19/C1,-0.18188,-0.12249,-0.075912,-0.011663,0.056474,0.095278,0.14411,Twin Cays
GR/19/C1,-0.18188,-0.12249,-0.075912,-0.011663,0.056474,0.095278,0.14411,Twin Cays
GR/19/C1,-0.18188,-0.12249,-0.075912,-0.011663,0.056474,0.095278,0.14411,Twin Cays
GR/19/C1,-0.18188,-0.12249,-0.075912,-0.011663,0.056474,0.095278,0.14411,Twin Cays
GR/19/C1,-0.18188,-0.12249,-0.075912,-0.011663,0.056474,0.095278,0.14411,Twin Cays
GR/19/C1,-0.18188,-0.12249,-0.075912,-0.011663,0.056474,0.095278,0.14411,Twin Cays
GR/19/C1,-0.18188,-0.12249,-0.075912,-0.011663,0.056474,0.095278,0.14411,Twin Cays
GR/19/C1,-0.18188,-0.12249,-0.075912,-0.011663,0.056474,0.095278,0.14411,Twin Cays
GR/19/C1,-0.18188,-0.12249,-0.075912,-0.011663,0.056474,0.095278,0.14411,Twin Cays
GR/19/C1,-0.18188,-0.12249,-0.075912,-0.011663,0.056474,0.095278,0.14411,Twin Cays
GR/19/C1,-0.18188,-0.12249,-0.075912,-0.011663,0.056474,0.095278,0.14411,Twin Cays
GR/19/C1,-0.18188,-0.12249,-0.075912,-0.011663,0.056474,0.095278,0.14411,Twin Cays
GR/19/C1,-0.18188,-0.12249,-0.075912,-0.011663,0.056474,0.095278,0.14411,Twin Cays
GR/19/C1,-0.18188,-0.12249,-0.075912,-0.011663,0.056474,0.095278,0.14411,Twin Cays
GR/19/C1,-0.18188,-0.12249,-0.075912,-0.011663,0.056474,0.095278,0.14411,Twin Cays
GR/19/C1,-0.18188,-0.12249,-0.075912,-0.011663,0.056474,0.095278,0.14411,Twin Cays
GR/19/C1,-0.18188,-0.12249,-0.075912,-0.011663,0.056474,0.095278,0.14411,Twin Cays
GR/19/C1,-0.18188,-0.12249,-0.075912,-0.011663,0.056474,0.095278,0.14411,Twin Cays
GR/19/C1,-0.18188,-0.12249,-0.075912,-0.011663,0.056474,0.095278,0.14411,Twin Cays
GR/19/C1,-0.18188,-0.12249,-0.075912,-0.011663,0.056474,0.095278,0.14411,Twin Cays
GR/19/C1,-0.18188,-0.12249,-0.075912,-0.011663,0.056474,0.095278,0.14411,Twin Cays
GR/19/C1,-0.18188,-0.12249,-0.075912,-0.011663,0.056474,0.095278,0.14411,Twin Cays
GR/19/C1,-0.18188,-0.12249,-0.075912,-0.011663,0.056474,0.095278,0.14411,Twin Cays
GR/19/C1,-0.18188,-0.12249,-0.075912,-0.011663,0.056474,0.095278,0.14411,Twin Cays
GR/19/C1,-0.18188,-0.12249,-0.075912,-0.011663,0.056474,0.095278,0.14411,Twin Cays
GR/19/C1,-0.18188,-0.12249,-0.075912,-0.011663,0.056474,0.095278,0.14411,Twin Cays
GR/19/C1,-0.18188,-0.12249,-0.075912,-0.011663,0.056474,0.095278,0.14411,Twin Cays
GR/19/C1,-0.18188,-0.12249,-0.075912,-0.011663,0.056474,0.095278,0.14411,Twin Cays
GR/19/C1,-0.18188,-0.12249,-0.075912,-0.011663,0.056474,0.095278,0.14411,Twin Cays
GR/19/C1,-0.18188,-0.12249,-0.075912,-0.011663,0.056474,0.095278,0.14411,Twin Cays
GR/19/C1,-0.18188,-0.12249,-0.075912,-0.011663,0.056474,0.095278,0.14411,Twin Cays
GR/19/C1,-0.18188,-0.12249,-0.075912,-0.011663,0.056474,0.095278,0.14411,Twin Cays
GR/19/C1,-0.18188,-0.12249,-0.075912,-0.011663,0.056474,0.095278,0.14411,Twin Cays
GR/19/C1,-0.18188,-0.12249,-0.075912,-0.011663,0.056474,0.095278,0.14411,Twin Cays
GR/19/C1,-0.18188,-0.12249,-0.075912,-0.011663,0.056474,0.095278,0.14411,Twin Cays
GR/19/C1,-0.18188,-0.12249,-0.075912,-0.011663,0.056474,0.095278,0.14411,Twin Cays
GR/19/C1,-0.18188,-0.12249,-0.075912,-0.011663,0.056474,0.095278,0.14411,Twin Cays
GR/19/C1,-0.18188,-0.12249,-0.075912,-0.011663,0.056474,0.095278,0.14411,Twin Cays
GR/19/C1,-0.18188,-0.12249,-0.075912,-0.011663,0.056474,0.095278,0.14411,Twin Cays
GR/19/C1,-0.18188,-0.12249,-0.075912,-0.011663,0.056474,0.095278,0.14411,Twin Cays
GR/19/C1,-0.18188,-0.12249,-0.075912,-0.011663,0.056474,0.095278,0.14411,Twin Cays
GR/19/C1,-0.18188,-0.12249,-0.075912,-0.011663,0.056474,0.095278,0.14411,Twin Cays
GR/19/C1,-0.18188,-0.12249,-0.075912,-0.011663,0.056474,0.095278,0.14411,Twin Cays
GR/19/C1,-0.18188,-0.12249,-0.075912,-0.011663,0.056474,0.095278,0.14411,Twin Cays
GR/19/C1,-0.18188,-0.12249,-0.075912,-0.011663,0.056474,0.095278,0.14411,Twin Cays
GR/19/C1,-0.18188,-0.12249,-0.075912,-0.011663,0.056474,0.095278,0.14411,Twin Cays
GR/19/C1,-0.18188,-0.12249,-0.075912,-0.011663,0.056474,0.095278,0.14411,Twin Cays
GR/19/C1,-0.18188,-0.12249,-0.075912,-0.011663,0.056474,0.095278,0.14411,Twin Cays
GR/19/C1,-0.18188,-0.12249,-0.075912,-0.011663,0.056474,0.095278,0.14411,Twin Cays
GR/19/C1,-0.18188,-0.12249,-0.075912,-0.011663,0.056474,0.095278,0.14411,Twin Cays
GR/19/C1,-0.18188,-0.12249,-0.075912,-0.011663,0.056474,0.095278,0.14411,Twin Cays
GR/19/C1,-0.18188,-0.12249,-0.075912,-0.011663,0.056474,0.095278,0.14411,Twin Cays
GR/19/C1,-0.18188,-0.12249,-0.075912,-0.011663,0.056474,0.095278,0.14411,Twin Cays
GR/19/C1,-0.18188,-0.12249,-0.075912,-0.011663,0.056474,0.095278,0.14411,Twin Cays