"","age","RSL","model"
"1",-10,-21.5,"6G_3D_Mantle"
"2",-9.5,-16.21,"6G_3D_Mantle"
"3",-9,-12.36,"6G_3D_Mantle"
"4",-8.5,-8.27,"6G_3D_Mantle"
"5",-8,-5.92,"6G_3D_Mantle"
"6",-7.5,-3.33,"6G_3D_Mantle"
"7",-7,-2.06,"6G_3D_Mantle"
"8",-6.5,-1.2,"6G_3D_Mantle"
"9",-6,-0.86,"6G_3D_Mantle"
"10",-5.5,-0.78,"6G_3D_Mantle"
"11",-5,-0.65,"6G_3D_Mantle"
"12",-4.5,-0.55,"6G_3D_Mantle"
"13",-4,-0.45,"6G_3D_Mantle"
"14",-3.5,-0.4,"6G_3D_Mantle"
"15",-3,-0.36,"6G_3D_Mantle"
"16",-2.5,-0.28,"6G_3D_Mantle"
"17",-2,-0.13,"6G_3D_Mantle"
"18",-1.5,-0.11,"6G_3D_Mantle"
"19",-1,-0.07,"6G_3D_Mantle"
"20",-0.5,-0.04,"6G_3D_Mantle"
"21",0,0,"6G_3D_Mantle"
"22",-10,-20.46,"6G_Ant_Delay_1ka"
"23",-9.5,-15.3,"6G_Ant_Delay_1ka"
"24",-9,-11.31,"6G_Ant_Delay_1ka"
"25",-8.5,-7.1,"6G_Ant_Delay_1ka"
"26",-8,-4.82,"6G_Ant_Delay_1ka"
"27",-7.5,-2.8,"6G_Ant_Delay_1ka"
"28",-7,-1.46,"6G_Ant_Delay_1ka"
"29",-6.5,-0.18,"6G_Ant_Delay_1ka"
"30",-6,0.69,"6G_Ant_Delay_1ka"
"31",-5.5,1.23,"6G_Ant_Delay_1ka"
"32",-5,1.15,"6G_Ant_Delay_1ka"
"33",-4.5,1.06,"6G_Ant_Delay_1ka"
"34",-4,0.98,"6G_Ant_Delay_1ka"
"35",-3.5,0.89,"6G_Ant_Delay_1ka"
"36",-3,0.79,"6G_Ant_Delay_1ka"
"37",-2.5,0.65,"6G_Ant_Delay_1ka"
"38",-2,0.59,"6G_Ant_Delay_1ka"
"39",-1.5,0.41,"6G_Ant_Delay_1ka"
"40",-1,0.26,"6G_Ant_Delay_1ka"
"41",-0.5,0.12,"6G_Ant_Delay_1ka"
"42",0,0,"6G_Ant_Delay_1ka"
"43",-10,-31.43,"6G_Global_Delay_1ka"
"44",-9.5,-25.33,"6G_Global_Delay_1ka"
"45",-9,-19.81,"6G_Global_Delay_1ka"
"46",-8.5,-14.64,"6G_Global_Delay_1ka"
"47",-8,-10.65,"6G_Global_Delay_1ka"
"48",-7.5,-6.43,"6G_Global_Delay_1ka"
"49",-7,-3.94,"6G_Global_Delay_1ka"
"50",-6.5,-1.28,"6G_Global_Delay_1ka"
"51",-6,-0.02,"6G_Global_Delay_1ka"
"52",-5.5,0.76,"6G_Global_Delay_1ka"
"53",-5,0.98,"6G_Global_Delay_1ka"
"54",-4.5,0.9,"6G_Global_Delay_1ka"
"55",-4,0.86,"6G_Global_Delay_1ka"
"56",-3.5,0.78,"6G_Global_Delay_1ka"
"57",-3,0.69,"6G_Global_Delay_1ka"
"58",-2.5,0.53,"6G_Global_Delay_1ka"
"59",-2,0.38,"6G_Global_Delay_1ka"
"60",-1.5,0.26,"6G_Global_Delay_1ka"
"61",-1,0.22,"6G_Global_Delay_1ka"
"62",-0.5,0.07,"6G_Global_Delay_1ka"
"63",0,0,"6G_Global_Delay_1ka"
"64",-10,-24.42,"6G_UM_1E20_"
"65",-9.5,-19.42,"6G_UM_1E20_"
"66",-9,-15.6,"6G_UM_1E20_"
"67",-8.5,-11.48,"6G_UM_1E20_"
"68",-8,-8.97,"6G_UM_1E20_"
"69",-7.5,-6.26,"6G_UM_1E20_"
"70",-7,-4.87,"6G_UM_1E20_"
"71",-6.5,-3.87,"6G_UM_1E20_"
"72",-6,-3.35,"6G_UM_1E20_"
"73",-5.5,-3.05,"6G_UM_1E20_"
"74",-5,-2.67,"6G_UM_1E20_"
"75",-4.5,-2.32,"6G_UM_1E20_"
"76",-4,-1.95,"6G_UM_1E20_"
"77",-3.5,-1.68,"6G_UM_1E20_"
"78",-3,-1.42,"6G_UM_1E20_"
"79",-2.5,-1.13,"6G_UM_1E20_"
"80",-2,-0.79,"6G_UM_1E20_"
"81",-1.5,-0.59,"6G_UM_1E20_"
"82",-1,-0.38,"6G_UM_1E20_"
"83",-0.5,-0.19,"6G_UM_1E20_"
"84",0,0,"6G_UM_1E20_"
"85",-10,-19.5,"6G_VM5a"
"86",-9.5,-14.33,"6G_VM5a"
"87",-9,-10.34,"6G_VM5a"
"88",-8.5,-6.12,"6G_VM5a"
"89",-8,-3.62,"6G_VM5a"
"90",-7.5,-0.97,"6G_VM5a"
"91",-7,0.29,"6G_VM5a"
"92",-6.5,1.07,"6G_VM5a"
"93",-6,1.29,"6G_VM5a"
"94",-5.5,1.22,"6G_VM5a"
"95",-5,1.17,"6G_VM5a"
"96",-4.5,1.09,"6G_VM5a"
"97",-4,1,"6G_VM5a"
"98",-3.5,0.84,"6G_VM5a"
"99",-3,0.69,"6G_VM5a"
"100",-2.5,0.57,"6G_VM5a"
"101",-2,0.53,"6G_VM5a"
"102",-1.5,0.38,"6G_VM5a"
"103",-1,0.24,"6G_VM5a"
"104",-0.5,0.11,"6G_VM5a"
"105",0,0,"6G_VM5a"
"106",-10,-35.21,"ANU_3D_Mantle"
"107",-9.5,-27.09,"ANU_3D_Mantle"
"108",-9,-19.84,"ANU_3D_Mantle"
"109",-8.5,-13.78,"ANU_3D_Mantle"
"110",-8,-9.84,"ANU_3D_Mantle"
"111",-7.5,-6.42,"ANU_3D_Mantle"
"112",-7,-3.16,"ANU_3D_Mantle"
"113",-6.5,-1.86,"ANU_3D_Mantle"
"114",-6,-0.81,"ANU_3D_Mantle"
"115",-5.5,-0.68,"ANU_3D_Mantle"
"116",-5,-0.5,"ANU_3D_Mantle"
"117",-4.5,-0.31,"ANU_3D_Mantle"
"118",-4,-0.08,"ANU_3D_Mantle"
"119",-3.5,0.09,"ANU_3D_Mantle"
"120",-3,0.28,"ANU_3D_Mantle"
"121",-2.5,0.36,"ANU_3D_Mantle"
"122",-2,0.45,"ANU_3D_Mantle"
"123",-1.5,0.33,"ANU_3D_Mantle"
"124",-1,0.25,"ANU_3D_Mantle"
"125",-0.5,0.18,"ANU_3D_Mantle"
"126",0,0,"ANU_3D_Mantle"
"127",-10,-36.33,"ANU_Ant_Delay_1ka"
"128",-9.5,-28.57,"ANU_Ant_Delay_1ka"
"129",-9,-22.4,"ANU_Ant_Delay_1ka"
"130",-8.5,-19.91,"ANU_Ant_Delay_1ka"
"131",-8,-16.34,"ANU_Ant_Delay_1ka"
"132",-7.5,-9.44,"ANU_Ant_Delay_1ka"
"133",-7,-5,"ANU_Ant_Delay_1ka"
"134",-6.5,-2.78,"ANU_Ant_Delay_1ka"
"135",-6,-0.84,"ANU_Ant_Delay_1ka"
"136",-5.5,-0.26,"ANU_Ant_Delay_1ka"
"137",-5,0.34,"ANU_Ant_Delay_1ka"
"138",-4.5,0.31,"ANU_Ant_Delay_1ka"
"139",-4,0.34,"ANU_Ant_Delay_1ka"
"140",-3.5,0.37,"ANU_Ant_Delay_1ka"
"141",-3,0.42,"ANU_Ant_Delay_1ka"
"142",-2.5,0.45,"ANU_Ant_Delay_1ka"
"143",-2,0.51,"ANU_Ant_Delay_1ka"
"144",-1.5,0.46,"ANU_Ant_Delay_1ka"
"145",-1,0.46,"ANU_Ant_Delay_1ka"
"146",-0.5,0.22,"ANU_Ant_Delay_1ka"
"147",0,0,"ANU_Ant_Delay_1ka"
"148",-10,-49.19,"ANU_Global_Delay_1ka"
"149",-9.5,-42.91,"ANU_Global_Delay_1ka"
"150",-9,-34.59,"ANU_Global_Delay_1ka"
"151",-8.5,-26.32,"ANU_Global_Delay_1ka"
"152",-8,-19.19,"ANU_Global_Delay_1ka"
"153",-7.5,-12.8,"ANU_Global_Delay_1ka"
"154",-7,-8.59,"ANU_Global_Delay_1ka"
"155",-6.5,-5.09,"ANU_Global_Delay_1ka"
"156",-6,-1.78,"ANU_Global_Delay_1ka"
"157",-5.5,-0.54,"ANU_Global_Delay_1ka"
"158",-5,0.42,"ANU_Global_Delay_1ka"
"159",-4.5,0.41,"ANU_Global_Delay_1ka"
"160",-4,0.44,"ANU_Global_Delay_1ka"
"161",-3.5,0.47,"ANU_Global_Delay_1ka"
"162",-3,0.52,"ANU_Global_Delay_1ka"
"163",-2.5,0.52,"ANU_Global_Delay_1ka"
"164",-2,0.57,"ANU_Global_Delay_1ka"
"165",-1.5,0.5,"ANU_Global_Delay_1ka"
"166",-1,0.46,"ANU_Global_Delay_1ka"
"167",-0.5,0.21,"ANU_Global_Delay_1ka"
"168",0,0,"ANU_Global_Delay_1ka"
"169",-10,-38.72,"ANU_UM_1E20"
"170",-9.5,-30.54,"ANU_UM_1E20"
"171",-9,-23.07,"ANU_UM_1E20"
"172",-8.5,-16.97,"ANU_UM_1E20"
"173",-8,-13.11,"ANU_UM_1E20"
"174",-7.5,-9.79,"ANU_UM_1E20"
"175",-7,-6.58,"ANU_UM_1E20"
"176",-6.5,-5.27,"ANU_UM_1E20"
"177",-6,-4.02,"ANU_UM_1E20"
"178",-5.5,-3.72,"ANU_UM_1E20"
"179",-5,-3.28,"ANU_UM_1E20"
"180",-4.5,-2.79,"ANU_UM_1E20"
"181",-4,-2.26,"ANU_UM_1E20"
"182",-3.5,-1.79,"ANU_UM_1E20"
"183",-3,-1.32,"ANU_UM_1E20"
"184",-2.5,-0.96,"ANU_UM_1E20"
"185",-2,-0.58,"ANU_UM_1E20"
"186",-1.5,-0.44,"ANU_UM_1E20"
"187",-1,-0.27,"ANU_UM_1E20"
"188",-0.5,-0.08,"ANU_UM_1E20"
"189",0,0,"ANU_UM_1E20"
"190",-10,-34.13,"ANU_VM5a_"
"191",-9.5,-25.75,"ANU_VM5a_"
"192",-9,-18.25,"ANU_VM5a_"
"193",-8.5,-12.02,"ANU_VM5a_"
"194",-8,-7.98,"ANU_VM5a_"
"195",-7.5,-4.52,"ANU_VM5a_"
"196",-7,-1.26,"ANU_VM5a_"
"197",-6.5,-0.01,"ANU_VM5a_"
"198",-6,0.97,"ANU_VM5a_"
"199",-5.5,0.95,"ANU_VM5a_"
"200",-5,0.96,"ANU_VM5a_"
"201",-4.5,0.99,"ANU_VM5a_"
"202",-4,1.05,"ANU_VM5a_"
"203",-3.5,1.05,"ANU_VM5a_"
"204",-3,1.07,"ANU_VM5a_"
"205",-2.5,0.99,"ANU_VM5a_"
"206",-2,0.94,"ANU_VM5a_"
"207",-1.5,0.67,"ANU_VM5a_"
"208",-1,0.46,"ANU_VM5a_"
"209",-0.5,0.27,"ANU_VM5a_"
"210",0,0,"ANU_VM5a_"
