modelID,global_amp,global_tscale,local_amp,local_tscale,local_sscale,noise,logp,logp_out,plotstatus
1,55670.28409,4694.089254,1514.497586,846.6675946,6.26851653667815e-06,0.108365388,3921.693795,-4433.853053,optimal model
2,10000,6953.006191,1737.424495,741.7698612,0.000159876,0.119574474,4002.20108,-4072.362112,non-optimal model
3,10000,6953.259318,1737.513395,741.8242563,0.000159996,0.18554059,4002.20115,-4072.362022,non-optimal model
4,55608.91663,4699.529298,1512.026515,842.591582,2.84329520508791e-05,0.209259636,3921.693323,-4431.323192,optimal model
5,33937.57427,2000,1479.540999,1035.918881,3.50158027549316e-05,0.268420515,3935.112038,-4614.005258,non-optimal model
6,33925.28835,2000,1480.186062,1036.435685,2.89257157802157e-05,0.704505166,3935.113928,-4613.931168,non-optimal model
7,54513.74045,4649.679991,1516.219883,850.1396435,2.55864613614606e-05,1.992540717,3921.709838,-4430.762682,optimal model
8,54156.86014,3613.633577,800,593.5819841,1.03902950971655e-05,0.68600563,3972.206342,-4643.514699,non-optimal model
9,53917.33455,3614.970383,800,589.3254133,1.01212481637176e-05,0.338411651,3972.205901,-4639.290088,non-optimal model
10,55613.15156,4704.279239,1516.307898,846.3638211,3.85103058124868e-05,1.669809851,3921.7011,-4431.431944,optimal model
11,55943.55479,4517.072042,1153.728847,200,1.25552524144491e-05,1.42739017,3985.635182,-4437.38352,non-optimal model
12,55404.52257,4682.154941,1516.457231,846.6650079,1.85123491076835e-06,0.102314067,3921.694103,-4432.571923,optimal model
13,55682.28713,4698.193055,1515.216227,846.4268559,3.5413813941401e-05,0.403515173,3921.692255,-4433.11274,optimal model
14,55553.95732,4694.70334,1514.794378,845.4736816,5.42811891582194e-05,0.506852107,3921.698331,-4431.919947,optimal model
15,55713.39368,4701.307128,1515.16728,846.1520156,3.60017175065742e-05,0.081729768,3921.691716,-4432.864251,optimal model
16,55665.3515,4698.892642,1515.110114,846.6444662,3.51973118388931e-05,0.620165415,3921.693005,-4433.017861,optimal model
17,55838.27617,4708.184454,1515.963777,846.5210319,6.75162856609936e-05,0.947834868,3921.711229,-4432.575003,optimal model
18,56478.5799,4733.335875,1526.441407,849.9292566,6.49057331067557e-05,0.626717601,3921.712752,-4433.737157,optimal model
19,56478.5799,4733.335875,1526.441407,849.9292566,6.49057331067557e-05,0.626717601,3921.712752,-4433.737157,optimal model
20,56478.5799,4733.335875,1526.441407,849.9292566,6.49057331067557e-05,0.626717601,3921.712752,-4433.737157,optimal model
21,56478.5799,4733.335875,1526.441407,849.9292566,6.49057331067557e-05,0.626717601,3921.712752,-4433.737157,optimal model
22,56478.5799,4733.335875,1526.441407,849.9292566,6.49057331067557e-05,0.626717601,3921.712752,-4433.737157,optimal model
23,56478.5799,4733.335875,1526.441407,849.9292566,6.49057331067557e-05,0.626717601,3921.712752,-4433.737157,optimal model
24,56478.5799,4733.335875,1526.441407,849.9292566,6.49057331067557e-05,0.626717601,3921.712752,-4433.737157,optimal model
25,56478.5799,4733.335875,1526.441407,849.9292566,6.49057331067557e-05,0.626717601,3921.712752,-4433.737157,optimal model
26,56478.5799,4733.335875,1526.441407,849.9292566,6.49057331067557e-05,0.626717601,3921.712752,-4433.737157,optimal model
27,56478.5799,4733.335875,1526.441407,849.9292566,6.49057331067557e-05,0.626717601,3921.712752,-4433.737157,optimal model
28,56478.5799,4733.335875,1526.441407,849.9292566,6.49057331067557e-05,0.626717601,3921.712752,-4433.737157,optimal model
29,56478.5799,4733.335875,1526.441407,849.9292566,6.49057331067557e-05,0.626717601,3921.712752,-4433.737157,optimal model
30,56478.5799,4733.335875,1526.441407,849.9292566,6.49057331067557e-05,0.626717601,3921.712752,-4433.737157,optimal model
31,56478.5799,4733.335875,1526.441407,849.9292566,6.49057331067557e-05,0.626717601,3921.712752,-4433.737157,optimal model
32,56478.5799,4733.335875,1526.441407,849.9292566,6.49057331067557e-05,0.626717601,3921.712752,-4433.737157,optimal model
33,56478.5799,4733.335875,1526.441407,849.9292566,6.49057331067557e-05,0.626717601,3921.712752,-4433.737157,optimal model
34,56478.5799,4733.335875,1526.441407,849.9292566,6.49057331067557e-05,0.626717601,3921.712752,-4433.737157,optimal model
35,56478.5799,4733.335875,1526.441407,849.9292566,6.49057331067557e-05,0.626717601,3921.712752,-4433.737157,optimal model
36,55341.54151,4695.989075,1513.923708,843.9244078,1.2877785162536e-05,2.423025884,3921.713822,-4429.649703,optimal model
37,55712.38429,4698.807013,1515.141331,846.6500313,1.96412188907943e-05,0.214701962,3921.693715,-4433.440938,optimal model
38,67031.4712,12195.55955,1681.752413,731.9516047,1.33087735768418e-05,1.924787741,3921.698964,-4175.290481,optimal model
39,65359,12211,1673,729,0.00,2,3922,-4173,chosen model
40,55787.6242,4691.428322,1514.447091,847.1788419,2.04981703043414e-05,0.749637149,3921.695517,-4435.431296,optimal model
41,66941.93447,12203.51294,1694.679609,736.9081602,0.000147991,0.117268703,3921.593903,-4174.987729,optimal model
42,55637.37398,4698.544494,1515.385352,846.6499946,3.2542804352544e-05,0.308966986,3921.692257,-4432.76457,optimal model
43,55589.31224,4696.490723,1515.317937,846.2419737,3.96693802551511e-05,1.273584172,3921.697246,-4432.398236,optimal model
44,66545.04975,12328.69116,1692.34416,735.1953593,0.000140385,0.405868746,3921.60029,-4177.231217,optimal model
45,55567.48951,4694.877763,1514.097534,845.4157063,3.72983798158543e-05,0.150100452,3921.691842,-4432.354783,optimal model
46,53655.14415,3067.137341,1766.040226,3000,1.07759604952981e-05,3.173495876,3940.844482,-4881.99469,non-optimal model
47,55573.52238,4711.62087,1515.812823,845.4006236,5e-05,0.232112531,3921.695256,-4429.732682,optimal model
48,55785.11744,4718.970289,1517.259635,846.5875267,5.83218636898645e-05,0.314058934,3921.700715,-4430.656139,optimal model
49,55675.67442,4701.984186,1515.78695,846.3116078,5e-05,0.13771488,3921.694989,-4432.247599,optimal model
50,55668.08212,4707.194008,1515.938948,846.3305508,3.58532780089618e-05,1.134376004,3921.696035,-4431.631107,optimal model
51,55602.72597,4707.474867,1515.66016,847.1425167,3.75265435215655e-05,0.13684134,3921.691893,-4431.509242,optimal model
52,55585.84846,4695.328085,1514.753585,845.9456344,4.85715136592261e-05,1,3921.697626,-4432.434047,optimal model