Site,Latitude,Longitude,RSL,RSL_er_max,RSL_er_min,Age,Age_er_max,Age_er_min,Type,Indicator,SubRegion_No
Belize_4,16.831979000000000,-88.105595,-0.030352389,0.320409273,0.320409273,-68,1,1,0,1,4
Belize_4,16.831979000000000,-88.105595,-0.069005802,0.320410771,0.320410771,14,74,74,0,1,4
Belize_4,16.831979000000000,-88.105595,-0.107832927,0.320413083,0.320413083,43,95,95,0,1,4
Belize_4,16.831979000000000,-88.105595,-0.14675457,0.320416356,0.320416356,65.5,107.525,107.525,0,1,4
Belize_4,16.831979000000000,-88.105595,-0.185732135,0.320420613,0.320420613,86.5125,115.5125,115.5125,0,1,4
Belize_4,16.831979000000000,-88.105595,-0.224759024,0.320425871,0.320425871,106.975,117.05,117.05,0,1,4
Belize_4,16.831979000000000,-88.105595,-0.263822569,0.320432262,0.320432262,143.5,116.5,116.5,0,1,4
Belize_4,16.831979000000000,-88.105595,-0.302951102,0.319753405,0.319753405,261.05,187.05,187.05,0,1,4
Belize_4,16.831979000000000,-88.105595,-0.342078769,0.319761862,0.319761862,314.525,215.55,215.55,0,1,4
Belize_4,16.831979000000000,-88.105595,-0.381224694,0.319771363,0.319771363,354.925,224.125,224.125,0,1,4
Belize_4,16.831979000000000,-88.105595,-0.420397887,0.319781866,0.319781866,386.4875,238.5625,238.5625,0,1,4
Belize_4,16.831979000000000,-88.105595,-0.459588663,0.319793409,0.319793409,424.5125,253.6125,253.6125,0,1,4
Belize_4,16.831979000000000,-88.105595,-0.498793716,0.319806048,0.319806048,455.475,262.525,262.525,0,1,4
Belize_4,16.831979000000000,-88.105595,-0.538023585,0.319819762,0.319819762,489.9125,257.1375,257.1375,0,1,4
Belize_4,16.831979000000000,-88.105595,-0.577269311,0.319834503,0.319834503,540.0125,240.0375,240.0375,0,1,4
Belize_4,16.831979000000000,-88.105595,-0.616526198,0.31985028,0.31985028,583.5125,235.5125,235.5125,0,1,4
Belize_4,16.831979000000000,-88.105595,-0.655797012,0.319867016,0.319867016,688.9375,243.0875,243.0875,0,1,4
Belize_4,16.831979000000000,-88.105595,-0.695083187,0.319884878,0.319884878,847.125,253.125,253.125,0,1,4
Belize_4,16.831979000000000,-88.105595,-0.734375888,0.319903829,0.319903829,1074,223,223,0,1,4
Belize_4,16.831979000000000,-88.105595,-0.800062393,0.286221563,0.286221563,1254.55,213.575,213.575,0,1,4
Belize_4,16.831979000000000,-88.105595,-0.839380273,0.286244975,0.286244975,1438.0125,294.0125,294.0125,0,1,4
Belize_4,16.831979000000000,-88.105595,-0.878707465,0.286269632,0.286269632,1516.4625,291.5875,291.5875,0,1,4
Belize_4,16.831979000000000,-88.105595,-0.918045735,0.286295462,0.286295462,1574.9625,295.0375,295.0375,0,1,4
Belize_4,16.831979000000000,-88.105595,-0.957392808,0.286322392,0.286322392,1641.5375,296.5375,296.5375,0,1,4
Belize_4,16.831979000000000,-88.105595,-0.996747586,0.286350424,0.286350424,1706.475,289.55,289.55,0,1,4
Belize_4,16.831979000000000,-88.105595,-1.036112649,0.286379529,0.286379529,1831.4875,286.5125,286.5125,0,1,4
Belize_4,16.831979000000000,-88.105595,-1.075481445,0.286409827,0.286409827,2025.0375,247.0625,247.0625,0,1,4
Belize_4,16.831979000000000,-88.105595,-1.095906514,0.300012617,0.300012617,2292.0375,271.0375,271.0375,0,1,4
Belize_4,16.831979000000000,-88.105595,-1.135297673,0.3000438,0.3000438,2489.5125,369.5125,369.5125,0,1,4
Belize_4,16.831979000000000,-88.105595,-1.174695083,0.300076229,0.300076229,2566.0125,410.0125,410.0125,0,1,4
Belize_4,16.831979000000000,-88.105595,-1.21409854,0.300109524,0.300109524,2620.5,433.6,433.6,0,1,4
Belize_4,16.831979000000000,-88.105595,-1.25351089,0.300143903,0.300143903,2665.525,450.55,450.55,0,1,4
Belize_4,16.831979000000000,-88.105595,-1.292936819,0.300179528,0.300179528,2713.5,468.525,468.525,0,1,4
Belize_4,16.831979000000000,-88.105595,-1.33235876,0.300215993,0.300215993,2751.4125,478.6125,478.6125,0,1,4
Belize_4,16.831979000000000,-88.105595,-1.371800282,0.300253659,0.300253659,2796.5125,477.5125,477.5125,0,1,4
Belize_4,16.831979000000000,-88.105595,-1.411232535,0.300292684,0.300292684,2840.475,479.525,479.525,0,1,4
Belize_4,16.831979000000000,-88.105595,-1.450678353,0.300332448,0.300332448,2895,485.025,485.025,0,1,4
Belize_4,16.831979000000000,-88.105595,-1.490137401,0.300373454,0.300373454,3050.05,534.075,534.075,0,1,4
Belize_4,16.831979000000000,-88.105595,-1.529605671,0.300415337,0.300415337,3136.4625,537.5375,537.5375,0,1,4
Belize_4,16.831979000000000,-88.105595,-1.569072527,0.300458605,0.300458605,3176.9625,536.0875,536.0875,0,1,4
Belize_4,16.831979000000000,-88.105595,-1.608544826,0.300502787,0.300502787,3241.4625,549.5375,549.5375,0,1,4
Belize_4,16.831979000000000,-88.105595,-1.665717176,0.287868023,0.287868023,3303.5,553.525,553.525,0,1,4
Belize_4,16.831979000000000,-88.105595,-1.705200285,0.287916487,0.287916487,3340.9625,558.0875,558.0875,0,1,4
Belize_4,16.831979000000000,-88.105595,-1.744685769,0.287965945,0.287965945,3370.9375,556.1375,556.1375,0,1,4
Belize_4,16.831979000000000,-88.105595,-1.784178878,0.288016653,0.288016653,3395.5,547.525,547.525,0,1,4
Belize_4,16.831979000000000,-88.105595,-1.823681693,0.288068215,0.288068215,3424,537.05,537.05,0,1,4
Belize_4,16.831979000000000,-88.105595,-1.863191109,0.288120915,0.288120915,3448.3625,531.6375,531.6375,0,1,4
Belize_4,16.831979000000000,-88.105595,-1.902702775,0.288174553,0.288174553,3476.475,525.55,525.55,0,1,4
Belize_4,16.831979000000000,-88.105595,-1.942210666,0.288229121,0.288229121,3507.4875,522.5125,522.5125,0,1,4
Belize_4,16.831979000000000,-88.105595,-1.981726647,0.28828507,0.28828507,3547.35,511.65,511.65,0,1,4
Belize_4,16.831979000000000,-88.105595,-2.021257351,0.288342496,0.288342496,3593.4875,495.5625,495.5625,0,1,4
Belize_4,16.831979000000000,-88.105595,-2.060792693,0.288400649,0.288400649,3624.9875,479.0375,479.0375,0,1,4
Belize_4,16.831979000000000,-88.105595,-2.100324217,0.288459963,0.288459963,3652.4375,474.5875,474.5875,0,1,4
Belize_4,16.831979000000000,-88.105595,-2.139859699,0.28852033,0.28852033,3669.4875,466.6125,466.6125,0,1,4
Belize_4,16.831979000000000,-88.105595,-2.179398437,0.288581806,0.288581806,3699.3875,457.6375,457.6375,0,1,4
Belize_4,16.831979000000000,-88.105595,-2.218945053,0.288644453,0.288644453,3721.4625,448.5875,448.5875,0,1,4
Belize_4,16.831979000000000,-88.105595,-2.258497919,0.288708033,0.288708033,3737.95,445.05,445.05,0,1,4
Belize_4,16.831979000000000,-88.105595,-2.298054433,0.288772552,0.288772552,3752.4875,439.5375,439.5375,0,1,4
Belize_4,16.831979000000000,-88.105595,-2.337610978,0.28883794,0.28883794,3774.9125,423.0875,423.0875,0,1,4
Belize_4,16.831979000000000,-88.105595,-2.377174907,0.28890452,0.28890452,3805.4375,399.6625,399.6625,0,1,4
Belize_4,16.831979000000000,-88.105595,-2.416742282,0.288972383,0.288972383,3828.4875,387.5625,387.5625,0,1,4
Belize_4,16.831979000000000,-88.105595,-2.456312731,0.289041409,0.289041409,3856.425,374.575,374.575,0,1,4
Belize_4,16.831979000000000,-88.105595,-2.495889774,0.289111475,0.289111475,3878.425,365.625,365.625,0,1,4
Belize_4,16.831979000000000,-88.105595,-2.535471471,0.289182583,0.289182583,3909.325,355.7,355.7,0,1,4
Belize_4,16.831979000000000,-88.105595,-2.575055244,0.28925462,0.28925462,3964.9625,351.0625,351.0625,0,1,4
Belize_4,16.831979000000000,-88.105595,-2.614640307,0.289327485,0.289327485,4062.9625,362.0625,362.0625,0,1,4
Belize_4,16.831979000000000,-88.105595,-2.654232,0.289401115,0.289401115,4137.85,343.15,343.15,0,1,4
Belize_4,16.831979000000000,-88.105595,-2.693823703,0.289476366,0.289476366,4191.45,339.575,339.575,0,1,4
Belize_4,16.831979000000000,-88.105595,-2.733423134,0.289552564,0.289552564,4227.425,334.6,334.6,0,1,4
Belize_4,16.831979000000000,-88.105595,-2.747481033,0.338253782,0.338253782,4280.9125,328.1875,328.1875,0,1,4
Belize_4,16.831979000000000,-88.105595,-2.787094203,0.338320893,0.338320893,4321.525,312.55,312.55,0,1,4
Belize_4,16.831979000000000,-88.105595,-2.826712448,0.338389052,0.338389052,4354.4125,300.6125,300.6125,0,1,4
Belize_4,16.831979000000000,-88.105595,-2.866337463,0.338457829,0.338457829,4383.425,292.6,292.6,0,1,4
Belize_4,16.831979000000000,-88.105595,-2.905967107,0.338527466,0.338527466,4408.3875,283.6375,283.6375,0,1,4
Belize_4,16.831979000000000,-88.105595,-2.945588849,0.338598264,0.338598264,4435,280.025,280.025,0,1,4
Belize_4,16.831979000000000,-88.105595,-2.985223346,0.338669929,0.338669929,4453,277.1,277.1,0,1,4
Belize_4,16.831979000000000,-88.105595,-3.024857872,0.338742591,0.338742591,4484.975,263.05,263.05,0,1,4
Belize_4,16.831979000000000,-88.105595,-3.064499746,0.338816014,0.338816014,4515.375,249.625,249.625,0,1,4
Belize_4,16.831979000000000,-88.105595,-3.104147078,0.338890106,0.338890106,4537.4625,242.5625,242.5625,0,1,4
Belize_4,16.831979000000000,-88.105595,-3.143788367,0.338965563,0.338965563,4566.475,229.525,229.525,0,1,4
Belize_4,16.831979000000000,-88.105595,-3.183441865,0.339041496,0.339041496,4599,211.025,211.025,0,1,4
Belize_4,16.831979000000000,-88.105595,-3.223096834,0.339118288,0.339118288,4645.975,180.025,180.025,0,1,4
Belize_4,16.831979000000000,-88.105595,-3.262750605,0.339196208,0.339196208,4690.4875,164.5375,164.5375,0,1,4
Belize_4,16.831979000000000,-88.105595,-3.302407786,0.339275251,0.339275251,4791.55,158.55,158.55,0,1,4
Belize_4,16.831979000000000,-88.105595,-3.342076191,0.339354658,0.339354658,4958.525,177.575,177.575,0,1,4
Belize_4,16.831979000000000,-88.105595,-3.381744875,0.339435742,0.339435742,5045.05,182.075,182.075,0,1,4
Belize_4,16.831979000000000,-88.105595,-3.421408449,0.339517185,0.339517185,5074.9875,194.0125,194.0125,0,1,4
Belize_4,16.831979000000000,-88.105595,-3.461085237,0.339599499,0.339599499,5100.5125,209.5375,209.5375,0,1,4
Belize_4,16.831979000000000,-88.105595,-3.50076011,0.339682622,0.339682622,5119.9875,216.0125,216.0125,0,1,4
Belize_4,16.831979000000000,-88.105595,-3.540440188,0.339766772,0.339766772,5139.95,226.075,226.075,0,1,4
Belize_4,16.831979000000000,-88.105595,-3.580127755,0.339851546,0.339851546,5163.4875,245.5125,245.5125,0,1,4
Belize_4,16.831979000000000,-88.105595,-3.619811057,0.339937131,0.339937131,5201,263,263,0,1,4
Belize_4,16.831979000000000,-88.105595,-3.659498748,0.340023652,0.340023652,5223.5,274.525,274.525,0,1,4
Belize_4,16.831979000000000,-88.105595,-3.699188863,0.340110731,0.340110731,5240.525,284.525,284.525,0,1,4
Belize_4,16.831979000000000,-88.105595,-3.738856111,0.341167013,0.341167013,5253.5125,287.5125,287.5125,0,1,4
Belize_4,16.831979000000000,-88.105595,-3.778548902,0.341256009,0.341256009,5263.0125,290.0125,290.0125,0,1,4
Belize_4,16.831979000000000,-88.105595,-3.818256486,0.341346113,0.341346113,5272.5,290.525,290.525,0,1,4
Belize_4,16.831979000000000,-88.105595,-3.857965428,0.341436546,0.341436546,5282.9875,293.0125,293.0125,0,1,4
Belize_4,16.831979000000000,-88.105595,-3.897681316,0.341527995,0.341527995,5288.5,294.5,294.5,0,1,4
Belize_4,16.831979000000000,-88.105595,-3.93739353,0.34162048,0.34162048,5296.5,295.5,295.5,0,1,4
Belize_4,16.831979000000000,-88.105595,-3.977108146,0.341713889,0.341713889,5305.5125,297.5125,297.5125,0,1,4
Belize_4,16.831979000000000,-88.105595,-4.016826921,0.341808042,0.341808042,5325.9875,301.0375,301.0375,0,1,4
Belize_4,16.831979000000000,-88.105595,-4.056556677,0.341902928,0.341902928,5357.5,296.525,296.525,0,1,4
Belize_4,16.831979000000000,-88.105595,-4.096279378,0.34199876,0.34199876,5370.0125,290.0125,290.0125,0,1,4
Belize_4,16.831979000000000,-88.105595,-4.136006945,0.342095603,0.342095603,5381,286,286,0,1,4
Belize_4,16.831979000000000,-88.105595,-4.175739411,0.342193393,0.342193393,5386.5125,283.5125,283.5125,0,1,4
Belize_4,16.831979000000000,-88.105595,-4.215472789,0.342291458,0.342291458,5391.975,283.025,283.025,0,1,4
Belize_4,16.831979000000000,-88.105595,-4.255202499,0.342390588,0.342390588,5395.5125,282.5125,282.5125,0,1,4
Belize_4,16.831979000000000,-88.105595,-4.294945935,0.342490488,0.342490488,5403.975,279.025,279.025,0,1,4
Belize_4,16.831979000000000,-88.105595,-4.33468808,0.342590867,0.342590867,5410.475,276.525,276.525,0,1,4
Belize_4,16.831979000000000,-88.105595,-4.374432822,0.342692479,0.342692479,5419.475,270.525,270.525,0,1,4
Belize_4,16.831979000000000,-88.105595,-4.414179642,0.342794652,0.342794652,5425.5,267.5,267.5,0,1,4
Belize_4,16.831979000000000,-88.105595,-4.453935584,0.342897642,0.342897642,5429.025,267.025,267.025,0,1,4
Belize_4,16.831979000000000,-88.105595,-4.493687003,0.343001634,0.343001634,5436.4875,263.5375,263.5375,0,1,4
Belize_4,16.831979000000000,-88.105595,-4.533437045,0.343107092,0.343107092,5440.975,264.05,264.05,0,1,4
Belize_4,16.831979000000000,-88.105595,-4.573196685,0.343212915,0.343212915,5446.4875,262.5125,262.5125,0,1,4
Belize_4,16.831979000000000,-88.105595,-4.612960677,0.343319504,0.343319504,5450.5125,259.5125,259.5125,0,1,4
Belize_4,16.831979000000000,-88.105595,-4.652727696,0.343427072,0.343427072,5458.0125,257.0125,257.0125,0,1,4
Belize_4,16.831979000000000,-88.105595,-4.69249573,0.343535621,0.343535621,5464.5125,253.5125,253.5125,0,1,4
Belize_4,16.831979000000000,-88.105595,-4.732269606,0.343644638,0.343644638,5469.4875,251.5125,251.5125,0,1,4
Belize_4,16.831979000000000,-88.105595,-4.772046294,0.343754642,0.343754642,5482.5125,243.5125,243.5125,0,1,4
Belize_4,16.831979000000000,-88.105595,-4.811821559,0.343865587,0.343865587,5497.475,239.525,239.525,0,1,4
Belize_4,16.831979000000000,-88.105595,-4.851600007,0.343977162,0.343977162,5510,236,236,0,1,4
Belize_4,16.831979000000000,-88.105595,-4.89137323,0.344089636,0.344089636,5521,235,235,0,1,4
Belize_4,16.831979000000000,-88.105595,-4.931154704,0.344202398,0.344202398,5540.55,232.6,232.6,0,1,4
Belize_4,16.831979000000000,-88.105595,-4.970941183,0.344316527,0.344316527,5593,255,255,0,1,4
Belize_4,16.831979000000000,-88.105595,-5.010731089,0.344431279,0.344431279,5692.025,261.025,261.025,0,1,4
Belize_4,16.831979000000000,-88.105595,-5.050516197,0.344546861,0.344546861,5769.0125,237.0125,237.0125,0,1,4
Belize_4,16.831979000000000,-88.105595,-5.090313648,0.344663343,0.344663343,5811.9875,232.0375,232.0375,0,1,4
Belize_4,16.831979000000000,-88.105595,-5.130111674,0.344781273,0.344781273,5832.025,227.05,227.05,0,1,4
Belize_4,16.831979000000000,-88.105595,-5.169910325,0.344899204,0.344899204,5851.575,229.6,229.6,0,1,4
Belize_4,16.831979000000000,-88.105595,-5.20971416,0.345018017,0.345018017,5876.425,233.575,233.575,0,1,4
Belize_4,16.831979000000000,-88.105595,-5.249518632,0.34513724,0.34513724,5894.5625,229.6875,229.6875,0,1,4
Belize_4,16.831979000000000,-88.105595,-5.289326617,0.345257715,0.345257715,5915.5375,227.5375,227.5375,0,1,4
Belize_4,16.831979000000000,-88.105595,-5.329136603,0.34537891,0.34537891,5935.9875,224.1625,224.1625,0,1,4
Belize_4,16.831979000000000,-88.105595,-5.368946419,0.345500796,0.345500796,5959.5125,219.5375,219.5375,0,1,4
Belize_4,16.831979000000000,-88.105595,-5.408760694,0.345623638,0.345623638,5982.9625,213.0375,213.0375,0,1,4
Belize_4,16.831979000000000,-88.105595,-5.44857656,0.345747603,0.345747603,6007.0125,207.0625,207.0625,0,1,4
Belize_4,16.831979000000000,-88.105595,-5.488399286,0.34587173,0.34587173,6043.025,202.025,202.025,0,1,4
Belize_4,16.831979000000000,-88.105595,-5.528218646,0.345997335,0.345997335,6086,187.025,187.025,0,1,4
Belize_4,16.831979000000000,-88.105595,-5.568045569,0.346123576,0.346123576,6113.525,181.525,181.525,0,1,4
Belize_4,16.831979000000000,-88.105595,-5.607876288,0.346250178,0.346250178,6144,172.05,172.05,0,1,4
Belize_4,16.831979000000000,-88.105595,-5.647710547,0.346378582,0.346378582,6173.5,166.5,166.5,0,1,4
Belize_4,16.831979000000000,-88.105595,-5.687542718,0.34650676,0.34650676,6224.4875,175.5375,175.5375,0,1,4
Belize_4,16.831979000000000,-88.105595,-5.727524105,0.33920235,0.33920235,6315.5375,166.5625,166.5625,0,1,4
Belize_4,16.831979000000000,-88.105595,-5.767361799,0.339334572,0.339334572,6376,137.05,137.05,0,1,4
Belize_4,16.831979000000000,-88.105595,-5.807199824,0.339467945,0.339467945,6401.5125,126.5125,126.5125,0,1,4
Belize_4,16.831979000000000,-88.105595,-5.847043877,0.33960221,0.33960221,6417.9875,123.0125,123.0125,0,1,4
Belize_4,16.831979000000000,-88.105595,-5.886892288,0.33973728,0.33973728,6439.475,120.55,120.55,0,1,4
Belize_4,16.831979000000000,-88.105595,-5.926729401,0.339872549,0.339872549,6463.5,120.525,120.525,0,1,4
Belize_4,16.831979000000000,-88.105595,-5.966574007,0.340009226,0.340009226,6473.4875,117.5125,117.5125,0,1,4
Belize_4,16.831979000000000,-88.105595,-6.006430847,0.340146513,0.340146513,6483.5,115.525,115.525,0,1,4
Belize_4,16.831979000000000,-88.105595,-6.046279296,0.340284881,0.340284881,6492,110.025,110.025,0,1,4
Belize_4,16.831979000000000,-88.105595,-6.086131553,0.340423834,0.340423834,6498,108,108,0,1,4
Belize_4,16.831979000000000,-88.105595,-6.125994293,0.340564026,0.340564026,6507.475,104.525,104.525,0,1,4
Belize_4,16.831979000000000,-88.105595,-6.165855616,0.340704868,0.340704868,6512.95,104.05,104.05,0,1,4
Belize_4,16.831979000000000,-88.105595,-6.20571608,0.340846172,0.340846172,6521.0125,100.0125,100.0125,0,1,4
Belize_4,16.831979000000000,-88.105595,-6.245590152,0.340988383,0.340988383,6526.9875,98.0125,98.0125,0,1,4
Belize_4,16.831979000000000,-88.105595,-6.285451714,0.34113071,0.34113071,6534,96,96,0,1,4
Belize_4,16.831979000000000,-88.105595,-6.3253188,0.341274635,0.341274635,6541.4625,92.5375,92.5375,0,1,4
Belize_4,16.831979000000000,-88.105595,-6.365185826,0.341419405,0.341419405,6548.9875,88.0125,88.0125,0,1,4
Belize_4,16.831979000000000,-88.105595,-6.405062003,0.341564504,0.341564504,6606.975,81.05,81.05,0,1,4
Belize_4,16.831979000000000,-88.105595,-6.444935284,0.341711095,0.341711095,6664.4875,70.5125,70.5125,0,1,4
Belize_4,16.831979000000000,-88.105595,-6.48481342,0.341857871,0.341857871,6724.5,49.525,49.525,0,1,4
Belize_4,16.831979000000000,-88.105595,-6.524692068,0.342005575,0.342005575,6753.4875,36.5125,36.5125,0,1,4
Belize_4,16.831979000000000,-88.105595,-6.564574788,0.34215389,0.34215389,6757.9875,35.0125,35.0125,0,1,4
Belize_4,16.831979000000000,-88.105595,-6.604468053,0.342303102,0.342303102,6766.9875,38.0125,38.0125,0,1,4
Belize_4,16.831979000000000,-88.105595,-6.644358516,0.34245283,0.34245283,6800.0125,51.0125,51.0125,0,1,4
Belize_4,16.831979000000000,-88.105595,-6.684252516,0.342603802,0.342603802,6848.9875,53.0125,53.0125,0,1,4
Belize_4,16.831979000000000,-88.105595,-6.72415441,0.342755674,0.342755674,6880,41,41,0,1,4
Belize_4,16.831979000000000,-88.105595,-6.764058341,0.34290831,0.34290831,6885,39,39,0,1,4
Belize_4,16.831979000000000,-88.105595,-6.803958279,0.343060954,0.343060954,6887.475,37.525,37.525,0,1,4
Belize_4,16.831979000000000,-88.105595,-6.843862071,0.343214473,0.343214473,6888.5,37.5,37.5,0,1,4
Belize_4,16.831979000000000,-88.105595,-6.883772216,0.343369408,0.343369408,6890.5,37.5,37.5,0,1,4
Belize_4,16.831979000000000,-88.105595,-6.923682426,0.343524579,0.343524579,6891.5,37.5,37.5,0,1,4
Belize_4,16.831979000000000,-88.105595,-6.96359469,0.343680553,0.343680553,6892,38,38,0,1,4
Belize_4,16.831979000000000,-88.105595,-7.003509672,0.343837082,0.343837082,6894,37,37,0,1,4
Belize_4,16.831979000000000,-88.105595,-7.043428922,0.343994534,0.343994534,6895.5,37.5,37.5,0,1,4
Belize_4,16.831979000000000,-88.105595,-7.083353459,0.344153167,0.344153167,6897.4875,37.5125,37.5125,0,1,4
Belize_4,16.831979000000000,-88.105595,-7.123284212,0.34431205,0.34431205,6898.4875,37.5125,37.5125,0,1,4
Belize_4,16.831979000000000,-88.105595,-7.163221243,0.344471405,0.344471405,6899.0125,37.0125,37.0125,0,1,4
Belize_4,16.831979000000000,-88.105595,-7.203151788,0.344632076,0.344632076,6901,37,37,0,1,4
Belize_4,16.831979000000000,-88.105595,-7.243088214,0.344793575,0.344793575,6902.5,36.5,36.5,0,1,4
Belize_4,16.831979000000000,-88.105595,-7.283028277,0.344955116,0.344955116,6903,36,36,0,1,4
Belize_4,16.831979000000000,-88.105595,-7.322975101,0.345117062,0.345117062,6904.9875,36.0125,36.0125,0,1,4
Belize_4,16.831979000000000,-88.105595,-7.362912933,0.345280721,0.345280721,6906.0125,36.0125,36.0125,0,1,4
Belize_4,16.831979000000000,-88.105595,-7.402860803,0.345444414,0.345444414,6920.0125,42.0125,42.0125,0,1,4
Belize_4,16.831979000000000,-88.105595,-7.442811919,0.345609326,0.345609326,6955.4875,54.5125,54.5125,0,1,4
Belize_4,16.831979000000000,-88.105595,-7.482762399,0.345775455,0.345775455,7009,63.025,63.025,0,1,4
Belize_4,16.831979000000000,-88.105595,-7.522722574,0.345941794,0.345941794,7044,51,51,0,1,4
Belize_4,16.831979000000000,-88.105595,-7.562680895,0.346108905,0.346108905,7050.4875,49.5125,49.5125,0,1,4
Belize_4,16.831979000000000,-88.105595,-7.602653995,0.346276162,0.346276162,7056.5,50.5,50.5,0,1,4
Belize_4,16.831979000000000,-88.105595,-7.642624088,0.346445406,0.346445406,7063.5,50.525,50.525,0,1,4
Belize_4,16.831979000000000,-88.105595,-7.682598569,0.346614444,0.346614444,7066.025,51.025,51.025,0,1,4
Belize_4,16.831979000000000,-88.105595,-7.722565125,0.346784272,0.346784272,7069.4875,50.5125,50.5125,0,1,4
Belize_4,16.831979000000000,-88.105595,-7.762544206,0.346955222,0.346955222,7071.0125,50.0125,50.0125,0,1,4
Belize_4,16.831979000000000,-88.105595,-7.80253182,0.347126117,0.347126117,7072,50,50,0,1,4
Belize_4,16.831979000000000,-88.105595,-7.842510551,0.347298114,0.347298114,7073,50,50,0,1,4
Belize_4,16.831979000000000,-88.105595,-7.882497373,0.347471311,0.347471311,7074.0125,49.0125,49.0125,0,1,4
Belize_4,16.831979000000000,-88.105595,-7.922489889,0.347644815,0.347644815,7077,49,49,0,1,4
Belize_4,16.831979000000000,-88.105595,-7.962482349,0.347819275,0.347819275,7077.5125,49.5125,49.5125,0,1,4
Belize_4,16.831979000000000,-88.105595,-8.002475328,0.347993705,0.347993705,7079,50,50,0,1,4
Belize_4,16.831979000000000,-88.105595,-8.042470852,0.34816905,0.34816905,7081,49.025,49.025,0,1,4
Belize_4,16.831979000000000,-88.105595,-8.082471263,0.348345392,0.348345392,7082.9875,49.0125,49.0125,0,1,4
Belize_4,16.831979000000000,-88.105595,-8.122484742,0.348521892,0.348521892,7084.4875,48.5125,48.5125,0,1,4
Belize_4,16.831979000000000,-88.105595,-8.162494078,0.348698974,0.348698974,7086,48.025,48.025,0,1,4
Belize_4,16.831979000000000,-88.105595,-8.202512229,0.348877001,0.348877001,7087,48.025,48.025,0,1,4
Belize_4,16.831979000000000,-88.105595,-8.242522251,0.349055583,0.349055583,7088.9875,48.0125,48.0125,0,1,4
Belize_4,16.831979000000000,-88.105595,-8.282547459,0.349234831,0.349234831,7090,48,48,0,1,4
Belize_4,16.831979000000000,-88.105595,-8.322571807,0.349415301,0.349415301,7093.5,49.5,49.5,0,1,4
Belize_4,16.831979000000000,-88.105595,-8.362604116,0.34959555,0.34959555,7100.0375,52.0375,52.0375,0,1,4
Belize_4,16.831979000000000,-88.105595,-8.402640693,0.349777152,0.349777152,7126.5125,66.5375,66.5375,0,1,4
Belize_4,16.831979000000000,-88.105595,-8.442668627,0.34995909,0.34995909,7199.5,94.5,94.5,0,1,4
Belize_4,16.831979000000000,-88.105595,-8.482611112,0.341081271,0.341081271,7268.5,87.5,87.5,0,1,4
Belize_4,16.831979000000000,-88.105595,-8.522639729,0.341268713,0.341268713,7303.5,72.525,72.525,0,1,4
Belize_4,16.831979000000000,-88.105595,-8.562682971,0.341457054,0.341457054,7322,65,65,0,1,4
Belize_4,16.831979000000000,-88.105595,-8.602734373,0.341646441,0.341646441,7338,60.025,60.025,0,1,4
Belize_4,16.831979000000000,-88.105595,-8.642775035,0.341836322,0.341836322,7355.5,56.5,56.5,0,1,4
Belize_4,16.831979000000000,-88.105595,-8.682831135,0.342027151,0.342027151,7393,58.025,58.025,0,1,4
Belize_4,16.831979000000000,-88.105595,-8.722890215,0.342218516,0.342218516,7415.05,71.05,71.05,0,1,4
Belize_4,16.831979000000000,-88.105595,-8.762952765,0.342409825,0.342409825,7430.5,80.5,80.5,0,1,4
Belize_4,16.831979000000000,-88.105595,-8.8030171,0.342601958,0.342601958,7441.9875,86.0125,86.0125,0,1,4
Belize_4,16.831979000000000,-88.105595,-8.843079696,0.34279484,0.34279484,7450.5,91.5,91.5,0,1,4
Belize_4,16.831979000000000,-88.105595,-8.883161884,0.342987579,0.342987579,7459.4875,92.5375,92.5375,0,1,4
Belize_4,16.831979000000000,-88.105595,-8.923237509,0.343182359,0.343182359,7468.025,94.025,94.025,0,1,4
Belize_4,16.831979000000000,-88.105595,-8.963317834,0.343377865,0.343377865,7478.0375,98.0375,98.0375,0,1,4
Belize_4,16.831979000000000,-88.105595,-9.003393483,0.343573633,0.343573633,7488.5125,98.5375,98.5375,0,1,4
Belize_4,16.831979000000000,-88.105595,-9.043484911,0.343769106,0.343769106,7496.0125,99.0375,99.0375,0,1,4
Belize_4,16.831979000000000,-88.105595,-9.083584591,0.343965959,0.343965959,7501.9875,99.0125,99.0125,0,1,4
Belize_4,16.831979000000000,-88.105595,-9.123676882,0.344163563,0.344163563,7509.5125,97.5125,97.5125,0,1,4
Belize_4,16.831979000000000,-88.105595,-9.163784268,0.344361291,0.344361291,7517.025,96.025,96.025,0,1,4
Belize_4,16.831979000000000,-88.105595,-9.203880679,0.344559865,0.344559865,7520.9875,97.0125,97.0125,0,1,4
Belize_4,16.831979000000000,-88.105595,-9.243994205,0.344758773,0.344758773,7526.9875,97.0125,97.0125,0,1,4
Belize_4,16.831979000000000,-88.105595,-9.284107444,0.344958884,0.344958884,7535.5,94.5,94.5,0,1,4
Belize_4,16.831979000000000,-88.105595,-9.324212168,0.345159997,0.345159997,7542.9875,93.0125,93.0125,0,1,4
Belize_4,16.831979000000000,-88.105595,-9.364339994,0.345361636,0.345361636,7559,86.025,86.025,0,1,4
Belize_4,16.831979000000000,-88.105595,-9.404470798,0.345563161,0.345563161,7566,81,81,0,1,4
Belize_4,16.831979000000000,-88.105595,-9.444616361,0.345765475,0.345765475,7569.9875,79.0125,79.0125,0,1,4
Belize_4,16.831979000000000,-88.105595,-9.484752232,0.345968668,0.345968668,7572.5,78.5,78.5,0,1,4
Belize_4,16.831979000000000,-88.105595,-9.524897075,0.346172401,0.346172401,7576.0125,76.0125,76.0125,0,1,4
Belize_4,16.831979000000000,-88.105595,-9.565044647,0.346376353,0.346376353,7582,73,73,0,1,4
Belize_4,16.831979000000000,-88.105595,-9.605206156,0.34658137,0.34658137,7586.9875,69.0375,69.0375,0,1,4
Belize_4,16.831979000000000,-88.105595,-9.645368043,0.346786158,0.346786158,7590.4875,67.5125,67.5125,0,1,4
Belize_4,16.831979000000000,-88.105595,-9.685537385,0.346991817,0.346991817,7593,66,66,0,1,4
Belize_4,16.831979000000000,-88.105595,-9.725715756,0.34719796,0.34719796,7596.5,63.525,63.525,0,1,4
Belize_4,16.831979000000000,-88.105595,-9.765890009,0.347405288,0.347405288,7601.5,61.5,61.5,0,1,4
Belize_4,16.831979000000000,-88.105595,-9.806066862,0.34761266,0.34761266,7605,59,59,0,1,4
Belize_4,16.831979000000000,-88.105595,-9.846253579,0.347821223,0.347821223,7610,55.025,55.025,0,1,4
Belize_4,16.831979000000000,-88.105595,-9.886457368,0.348029551,0.348029551,7615.5,51.5,51.5,0,1,4
Belize_4,16.831979000000000,-88.105595,-9.926654781,0.34823825,0.34823825,7621.975,48.025,48.025,0,1,4
Belize_4,16.831979000000000,-88.105595,-9.966857902,0.348448225,0.348448225,7626.475,45.525,45.525,0,1,4
Belize_4,16.831979000000000,-88.105595,-10.00707729,0.348658754,0.348658754,7638.9875,45.0125,45.0125,0,1,4
Belize_4,16.831979000000000,-88.105595,-10.04729486,0.348870386,0.348870386,7651.9875,46.0125,46.0125,0,1,4
Belize_4,16.831979000000000,-88.105595,-10.08751181,0.349082609,0.349082609,7660,50,50,0,1,4
Belize_4,16.831979000000000,-88.105595,-10.12775327,0.349294603,0.349294603,7668.0125,51.0125,51.0125,0,1,4
Belize_4,16.831979000000000,-88.105595,-10.16799711,0.349507634,0.349507634,7673.5125,51.5125,51.5125,0,1,4
Belize_4,16.831979000000000,-88.105595,-10.20824852,0.349720837,0.349720837,7680.5,52.525,52.525,0,1,4
Belize_4,16.831979000000000,-88.105595,-10.24849435,0.349935023,0.349935023,7689.4875,53.5125,53.5125,0,1,4
Belize_4,16.831979000000000,-88.105595,-10.28875477,0.350150108,0.350150108,7697,55,55,0,1,4
Belize_4,16.831979000000000,-88.105595,-10.32901506,0.350365766,0.350365766,7704.9875,55.0375,55.0375,0,1,4
Belize_4,16.831979000000000,-88.105595,-10.36928899,0.350581119,0.350581119,7710.9875,56.0125,56.0125,0,1,4
Belize_4,16.831979000000000,-88.105595,-10.40956333,0.35079782,0.35079782,7719.5,54.5,54.5,0,1,4
Belize_4,16.831979000000000,-88.105595,-10.44985038,0.351013938,0.351013938,7737.4875,56.5125,56.5125,0,1,4
Belize_4,16.831979000000000,-88.105595,-10.5221088,0.31490847,0.31490847,7755.0125,64.0125,64.0125,0,1,4
Belize_4,16.831979000000000,-88.105595,-10.56239176,0.315146336,0.315146336,7765.5125,66.5125,66.5125,0,1,4
Belize_4,16.831979000000000,-88.105595,-10.60268932,0.315384673,0.315384673,7774.025,67.025,67.025,0,1,4
Belize_4,16.831979000000000,-88.105595,-10.64300569,0.315623139,0.315623139,7785.5125,70.5375,70.5375,0,1,4
Belize_4,16.831979000000000,-88.105595,-10.68334503,0.315861946,0.315861946,7793.5,73.525,73.525,0,1,4
Belize_4,16.831979000000000,-88.105595,-10.72367988,0.316101809,0.316101809,7807.525,75.525,75.525,0,1,4
Belize_4,16.831979000000000,-88.105595,-10.76401,0.316342167,0.316342167,7822.5,75.525,75.525,0,1,4
Belize_4,16.831979000000000,-88.105595,-10.8043617,0.316583484,0.316583484,7845,77,77,0,1,4
Belize_4,16.831979000000000,-88.105595,-10.84472107,0.316824685,0.316824685,7855.9875,72.0125,72.0125,0,1,4
Belize_4,16.831979000000000,-88.105595,-10.88509759,0.31706671,0.31706671,7865,72,72,0,1,4
Belize_4,16.831979000000000,-88.105595,-10.92548292,0.31730874,0.31730874,7874.5,77.5,77.5,0,1,4
Belize_4,16.831979000000000,-88.105595,-10.96587258,0.317552101,0.317552101,7882.475,75.525,75.525,0,1,4
Belize_4,16.831979000000000,-88.105595,-11.00628255,0.31779546,0.31779546,7888,77,77,0,1,4
Belize_4,16.831979000000000,-88.105595,-11.04670898,0.318039132,0.318039132,7896.5,76.525,76.525,0,1,4
Belize_4,16.831979000000000,-88.105595,-11.08714784,0.318283985,0.318283985,7901.9875,76.0125,76.0125,0,1,4
Belize_4,16.831979000000000,-88.105595,-11.12761751,0.31852942,0.31852942,7909.475,73.55,73.55,0,1,4
Belize_4,16.831979000000000,-88.105595,-11.16808041,0.318774953,0.318774953,7916,72.025,72.025,0,1,4
Belize_4,16.831979000000000,-88.105595,-11.20856778,0.319021625,0.319021625,7921.5,69.5,69.5,0,1,4
Belize_4,16.831979000000000,-88.105595,-11.24908821,0.319266694,0.319266694,7928,67,67,0,1,4
Belize_4,16.831979000000000,-88.105595,-11.28961664,0.319512863,0.319512863,7934.9875,66.0125,66.0125,0,1,4
Belize_4,16.831979000000000,-88.105595,-11.33016619,0.319759241,0.319759241,7942.475,60.55,60.55,0,1,4
Belize_4,16.831979000000000,-88.105595,-11.37074078,0.320006572,0.320006572,7950.525,56.525,56.525,0,1,4
Belize_4,16.831979000000000,-88.105595,-11.41134755,0.320253963,0.320253963,7962.5125,50.5125,50.5125,0,1,4
Belize_4,16.831979000000000,-88.105595,-11.45199042,0.320501737,0.320501737,7985.025,48.025,48.025,0,1,4
Belize_4,16.831979000000000,-88.105595,-11.49265426,0.320750704,0.320750704,8033.5,79.525,79.525,0,1,4
Belize_4,16.831979000000000,-88.105595,-11.53337184,0.32099923,0.32099923,8060.5,98.5,98.5,0,1,4
Belize_4,16.831979000000000,-88.105595,-11.57415472,0.321247866,0.321247866,8079.5375,108.5375,108.5375,0,1,4
Belize_4,16.831979000000000,-88.105595,-11.61500182,0.32149796,0.32149796,8096.0125,116.0375,116.0375,0,1,4
Belize_7,16.74493333,-87.80166667,2.168495484,2.534478505,2.534478505,87,8,8,0,1,7
Belize_7,16.74493333,-87.80166667,-1.096897662,2.578824212,2.578824212,5541,41,41,0,1,7
Belize_7,16.74493333,-87.80166667,-2.59755048,2.544190368,2.544190368,6637,48,48,0,1,7
Belize_7,16.78643333,-87.8623,-2.572780489,2.523336077,2.523336077,6322,45,45,0,1,7
Belize_7,16.78503333,-87.8313,1.94500977,2.558874842,2.558874842,120,7,7,0,1,7
Belize_6,17.225095,-87.52871,-1.137577644,0.29795664,0.29795664,1464,14,14,-1,1,6
Belize_6,17.225095,-87.52871,-0.593340761,2.543409698,2.543409698,4397,35,35,0,1,6
Belize_6,17.37716667,-87.576,-0.928977875,2.520658113,2.520658113,137,1,1,0,1,6
Belize_6,17.4705,-87.48716667,0.887380417,2.531442884,2.531442884,1990,18,18,0,1,6
Belize_6,17.37333333,-87.53333333,-1.787704686,0.456964613,0.456964613,2980,42,42,-1,1,6
Belize_4,16.90983333,-88.08,1.819035658,2.54049727,2.54049727,8,10,10,0,1,4
Belize_4,16.90983333,-88.08,-2.702946756,2.524361491,2.524361491,6289,57,57,0,1,4
Belize_4,17.06933333,-87.99283333,1.844574048,2.536783936,2.536783936,122,2,2,0,1,4
Belize_4,17.06933333,-87.99283333,-1.337685164,0.420045381,0.420045381,1452,41,41,-1,1,4
Belize_4,17.06933333,-87.99283333,-4.508826412,0.409854693,0.409854693,7877,74,74,-1,1,4
Belize_2,17.22616667,-88.04766667,0.458304155,2.555526532,2.555526532,3684,26,26,0,1,2
Belize_2,17.22616667,-88.04766667,-6.408400117,0.610681507,0.610681507,6679,48,48,-1,1,2
Belize_2,17.22616667,-88.04766667,-18.09690388,0.709266159,0.709266159,8307,64,64,-1,1,2
Belize_2,17.47933333,-88.042,-3.294837693,2.602549468,2.602549468,5538,48,48,0,1,2
Belize_2,17.47933333,-88.042,-5.844827798,2.529288272,2.529288272,6990,49,49,0,1,2
Belize_5,16.6955,-88.07483333,-1.612745675,0.606076949,0.606076949,1105,20,20,-1,1,5
Belize_5,16.6955,-88.07483333,-0.267600233,2.550758617,2.550758617,4202,30,30,0,1,5
Belize_5,16.6955,-88.07483333,-7.528723014,0.505411175,0.505411175,5146,40,40,-1,1,5
Belize_5,16.6955,-88.07483333,-11.87084872,0.730308748,0.730308748,6420,48,48,-1,1,5
Belize_5,16.6955,-88.07483333,1.294613732,2.578336647,2.578336647,119,5,5,0,1,5
Belize_5,16.6955,-88.07483333,0.894508085,2.578360072,2.578360072,1035,8,8,0,1,5
Belize_8,16.11466667,-88.26166667,1.407722411,2.584928618,2.584928618,1670,13,13,0,1,8
Belize_8,16.11466667,-88.26166667,-7.594964871,2.618046196,2.618046196,6252,44,44,0,1,8
Belize_8,16.11466667,-88.26166667,-11.6411108,2.544248129,2.544248129,6423,45,45,0,1,8
Belize_8,16.29966667,-88.155,0.720133331,2.574127757,2.574127757,336,4,4,0,1,8
Belize_4,16.979,-88.0285,1.694396939,2.550545572,2.550545572,99,2,2,0,1,4
Belize_4,16.979,-88.0285,-3.476451567,2.548717293,2.548717293,7037,50,50,0,1,4
Belize_7,16.74493333,-87.80166667,1.566815264,2.534539199,2.534539199,2361.5,257.5,257.5,0,1,7
Belize_7,16.74493333,-87.80166667,0.003162566,2.550787597,2.550787597,4544,250,250,0,1,7
Belize_7,16.74493333,-87.80166667,-2.896261395,2.5443147,2.5443147,6229,220,220,0,1,7
Belize_7,16.78503333,-87.8313,1.584320769,2.558928701,2.558928701,2249,247,247,0,1,7
Belize_7,16.78503333,-87.8313,-2.386870961,0.713994508,0.713994508,3009,249,249,-1,1,7
Belize_3,17.32776667,-87.78701833,-3.15980965,0.298323442,0.298323442,4498,267,267,-1,1,3
Belize_3,17.54334,-87.79733,-0.303895505,2.53149708,2.53149708,1088.5,177.5,177.5,0,1,3
Belize_6,17.225095,-87.52871,-1.612714599,2.519938047,2.519938047,4019.5,256.5,256.5,0,1,6
Belize_3,17.17014667,-87.89780667,-3.926938646,0.755693876,0.755693876,6750.5,1266.5,1266.5,0,1,3
Belize_6,17.37716667,-87.576,-7.239247585,0.761451727,0.761451727,6755,1266,1266,0,1,6
Belize_6,17.37333333,-87.53333333,-11.17762177,0.766019543,0.766019543,7670.5,1315.5,1315.5,0,1,6
Belize_6,17.33966667,-87.52316667,-7.890141391,0.75977851,0.75977851,7275,1269,1269,0,1,6
Belize_4,16.90983333,-88.08,-0.652012796,2.550836132,2.550836132,4877.5,272.5,272.5,0,1,4
Belize_4,17.06933333,-87.99283333,0.149337923,2.53693674,2.53693674,5049.5,230.5,230.5,0,1,4
Belize_2,17.22616667,-88.04766667,-1.950682282,2.573604743,2.573604743,6678.5,292.5,292.5,0,1,2
Belize_2,17.22616667,-88.04766667,-6.848218994,2.570889227,2.570889227,7714,253,253,0,1,2
Belize_2,17.47933333,-88.042,0.135519836,2.55475943,2.55475943,3324.5,291.5,291.5,0,1,2
Belize_2,17.47933333,-88.042,-4.145765851,2.560301678,2.560301678,6643,290,290,0,1,2
Belize_2,17.47933333,-88.042,-7.449666809,2.550164626,2.550164626,7717,221,221,0,1,2
Belize_8,16.485,-88.002,-1.254485989,2.568417289,2.568417289,971,194,194,0,1,8
Belize_8,16.485,-88.002,-5.745577054,2.597401802,2.597401802,6105.5,203.5,203.5,0,1,8
Belize_5,16.6955,-88.07483333,-1.350384586,2.568521076,2.568521076,4454,266,266,0,1,5
Belize_5,16.6955,-88.07483333,-1.150431588,2.559209361,2.559209361,4725.5,244.5,244.5,0,1,5
Belize_8,16.11466667,-88.26166667,-0.759725942,2.584086554,2.584086554,2995,230,230,0,1,8
Belize_8,16.11466667,-88.26166667,-6.146591048,2.617046518,2.617046518,5947.5,241.5,241.5,0,1,8
Belize_8,16.29966667,-88.155,-1.654550574,2.573419025,2.573419025,663.5,162.5,162.5,0,1,8
Belize_8,16.29966667,-88.155,-9.441414352,2.582750446,2.582750446,5296.5,255.5,255.5,0,1,8
Belize_4,16.979,-88.0285,-0.050567243,2.583956208,2.583956208,5315,250,250,0,1,4
Belize_4,16.979,-88.0285,-4.633686722,0.40670671,0.40670671,6175.5,230.5,230.5,-1,1,4
Belize_4,16.979,-88.0285,-4.852233876,2.530939927,2.530939927,7403,168,168,0,1,4
Belize_4,16.979,-88.0285,0.149400578,2.578475654,2.578475654,5297.5,255.5,255.5,0,1,4
Belize_4,16.979,-88.0285,-2.25193417,2.551294707,2.551294707,6486,199,199,0,1,4
Belize_4,16.979,-88.0285,-4.650873727,2.541673257,2.541673257,6938,213,213,0,1,4
Belize_2,17.47933333,-88.042,-8.969244182,2.555234369,2.555234369,8209,635,635,0,1,2
Belize_5,16.6955,-88.07483333,-12.91817978,0.755831579,0.755831579,7023,928,928,-1,1,5
Belize_5,16.6955,-88.07483333,-6.149572313,2.561355894,2.561355894,6362,751,751,0,1,5
Belize_5,16.6955,-88.07483333,-9.624520017,0.593245214,0.593245214,6629,529,529,-1,1,5
Belize_7,16.83795,-87.75508,-18.29801299,0.776344416,0.776344416,8954,1341,1341,0,1,7
Belize_7,16.8903,-87.77204,-15.80011975,0.774682347,0.774682347,8790.5,1360.5,1360.5,0,1,7
Belize_7,16.74135,-87.84175,-17.51041161,0.775325495,0.775325495,9687,1514,1514,0,1,7
Belize_3,17.25384,-87.92925,-5.399858207,0.757641448,0.757641448,6381.5,1327.5,1327.5,0,1,3
Belize_3,17.38704,-87.91873,-5.802635502,0.759479171,0.759479171,5277,1445,1445,0,1,3
Belize_3,17.38002,-87.87405,-9.401128985,0.758864285,0.758864285,6822,1221,1221,0,1,3
Belize_3,17.48103,-87.83574,-3.392345067,0.753503998,0.753503998,2924,1493,1493,0,1,3
Belize_6,17.39239,-87.52498,-7.491016275,0.755459006,0.755459006,7955,1315,1315,0,1,6
Belize_6,17.15225,-87.61203,-8.49489968,0.754812243,0.754812243,7641.5,1340.5,1340.5,0,1,6
Belize_3,17.1768,-87.89899,-2.956399958,0.76075802,0.76075802,6295.5,1317.5,1317.5,0,1,3
Belize_7,16.74493333,-87.80166667,-2.236673942,0.497149246,0.497149246,4371,33,33,-1,1,7
Belize_7,16.74493333,-87.80166667,-6.803384081,0.485518351,0.485518351,7185,53,53,-1,1,7
Belize_7,16.74493333,-87.80166667,-8.403903053,0.790899061,0.790899061,7260,52,52,-1,1,7
Belize_7,16.78643333,-87.8623,-6.705516696,0.608684517,0.608684517,7512,58,58,-1,1,7
Belize_7,16.78643333,-87.8623,-9.673319865,0.637818308,0.637818308,7459,54,54,-1,1,7
Belize_7,16.78643333,-87.8623,-9.922578893,0.638559281,0.638559281,7451,54,54,-1,1,7
Belize_7,16.78503333,-87.8313,-7.081269569,0.765438984,0.765438984,6413,264,264,-1,1,7
Belize_3,17.32776667,-87.78701833,-0.387856025,0.297974259,0.297974259,436,17,17,-1,1,3
Belize_3,17.32776667,-87.78701833,-1.487266578,0.298563707,0.298563707,2517,25,25,-1,1,3
Belize_3,17.32776667,-87.78701833,-3.259600674,0.298066352,0.298066352,5968,52,52,-1,1,3
Belize_3,17.54334,-87.79733,-1.487984507,0.38576762,0.38576762,1084,14,14,-1,1,3
Belize_3,17.54334,-87.79733,-2.187694435,0.386057693,0.386057693,1191,14,14,-1,1,3
Belize_6,17.225095,-87.52871,-5.929622411,0.301686626,0.301686626,7479,85,85,-1,1,6
Belize_6,17.225095,-87.52871,-7.324638761,0.306670276,0.306670276,8086,73,73,-1,1,6
Belize_6,17.37716667,-87.576,-4.208141899,0.307782142,0.307782142,4424,31,31,-1,1,6
Belize_6,17.37333333,-87.53333333,-1.337695115,0.668092925,0.668092925,4277,41,41,-1,1,6
Belize_6,17.37333333,-87.53333333,-6.13341214,0.6723759,0.6723759,5250,40,40,-1,1,6
Belize_6,17.4705,-87.48716667,-3.16221473,0.691233577,0.691233577,4569,33,33,-1,1,6
Belize_6,17.4705,-87.48716667,-3.412052169,0.691396138,0.691396138,5178,37,37,-1,1,6
Belize_6,17.4705,-87.48716667,-6.507925804,0.606524409,0.606524409,6891,50,50,-1,1,6
Belize_6,17.37333333,-87.53333333,-9.377523665,0.633744509,0.633744509,9272,93,93,-1,1,6
Belize_6,17.33966667,-87.52316667,-1.812637603,0.558521515,0.558521515,1797,16,16,-1,1,6
Belize_6,17.33966667,-87.52316667,-4.011050585,0.439692661,0.439692661,6499,64,64,-1,1,6
Belize_4,16.90983333,-88.08,-2.537326942,0.497149246,0.497149246,4601,35,35,-1,1,4
Belize_4,16.90983333,-88.08,-6.855343458,0.524495318,0.524495318,6375,46,46,-1,1,4
Belize_4,16.90983333,-88.08,-10.49426144,0.535577338,0.535577338,6911,49,49,-1,1,4
Belize_4,16.90983333,-88.08,-13.91492093,0.782421621,0.782421621,7098,51,51,-1,1,4
Belize_4,17.06933333,-87.99283333,-3.710229813,0.405017619,0.405017619,6988,73,73,-1,1,4
Belize_4,17.06933333,-87.99283333,-4.658489487,0.406757945,0.406757945,8165,76,76,-1,1,4
Belize_2,17.22616667,-88.04766667,-1.46309604,0.516659737,0.516659737,147,8,8,-1,1,2
Belize_2,17.47933333,-88.042,-1.488114346,0.537483626,0.537483626,1968,22,22,-1,1,2
Belize_2,17.47933333,-88.042,-3.311938722,0.517905054,0.517905054,5170,43,43,-1,1,2
Belize_2,17.47933333,-88.042,-12.3124431,0.522038085,0.522038085,9002,74,74,-1,1,2
Belize_8,16.485,-88.002,-3.036945036,0.580582195,0.580582195,645,8,8,-1,1,8
Belize_8,16.485,-88.002,-4.910466454,0.692747852,0.692747852,5247,41,41,-1,1,8
Belize_8,16.485,-88.002,-9.279027725,0.790847388,0.790847388,7066,57,57,-1,1,8
Belize_8,16.485,-88.002,-14.9221173,0.478581948,0.478581948,8521,80,80,-1,1,8
Belize_5,16.6955,-88.07483333,-1.362807074,0.601647139,0.601647139,83,4,4,-1,1,5
Belize_5,16.6955,-88.07483333,-5.683350414,0.541900558,0.541900558,5188,47,47,-1,1,5
Belize_5,16.6955,-88.07483333,-8.727037898,0.590727333,0.590727333,6309,46,46,-1,1,5
Belize_8,16.11466667,-88.26166667,-16.30200804,0.703952,0.703952,7320,65,65,-1,1,8
Belize_8,16.11466667,-88.26166667,-18.88392861,0.633885622,0.633885622,7706,55,55,-1,1,8
Belize_8,16.29966667,-88.155,-12.76743769,0.643880483,0.643880483,6777,50,50,-1,1,8
Belize_8,16.29966667,-88.155,-14.30998936,0.607702874,0.607702874,7071,50,50,-1,1,8
Belize_4,16.831826,-88.105615,-1.290611808,0.445495064,0.445495064,1053,1061,1061,0,1,4
Belize_4,16.831826,-88.105615,-1.775741781,0.422931512,0.422931512,4206,1454,1454,0,1,4
Belize_4,16.831826,-88.105615,-2.858606694,0.458477174,0.458477174,4385.5,1492.5,1492.5,0,1,4
Belize_4,16.831826,-88.105615,-4.516416547,0.456103264,0.456103264,6749,1264,1264,0,1,4
Belize_4,16.831826,-88.105615,-8.551211284,0.433175826,0.433175826,7982,1309,1309,0,1,4
Belize_1,17.9405,-87.9559,-0.773087541,0.317432664,0.317432664,2707,1527,1527,0,1,1
Belize_1,17.9895,-87.96347,-0.950717943,0.315817697,0.315817697,3711,1605,1605,0,1,1
Belize_1,17.9148,-87.9895,-1.408205123,0.314249623,0.314249623,5399,1554,1554,0,1,1
Belize_3,17.33305,-87.78844,-1.171581616,0.772461729,0.772461729,932.5,936.5,936.5,-1,1,3
Belize_3,17.55281,-87.75377,-2.771394344,0.772649001,0.772649001,2043.5,313.5,313.5,-1,1,3
Belize_7,16.78564,-87.8303,-1.321529995,0.77251335,0.77251335,2411,1422,1422,-1,1,7
Belize_7,16.74667,-87.80076,-1.071635701,0.772407643,0.772407643,2487,1433,1433,-1,1,7
Belize_7,16.78564,-87.8303,-2.870787888,0.773255457,0.773255457,3155,1502,1502,-1,1,7
Belize_6,17.21307,-87.53128,-2.071153116,0.772890229,0.772890229,3496.5,1485.5,1485.5,-1,1,6
Belize_6,17.21307,-87.53128,-3.57008477,0.773958575,0.773958575,4133.5,1448.5,1448.5,-1,1,6
Belize_6,17.21307,-87.53128,-5.168266004,0.775777341,0.775777341,4189,1439,1439,-1,1,6
Belize_3,17.33305,-87.78844,-3.070614241,0.773429104,0.773429104,4530.5,1452.5,1452.5,-1,1,3
Belize_7,16.74667,-87.80076,-2.870802212,0.773241133,0.773241133,4565.5,1434.5,1434.5,-1,1,7
Belize_7,16.77432,-87.86298,-4.669138851,0.774904494,0.774904494,5048,1426,1426,-1,1,7
Belize_7,16.77432,-87.86298,-8.811817529,0.782225815,0.782225815,6175.5,1322.5,1322.5,-1,1,7
Belize_7,16.74667,-87.80076,-5.667929235,0.77611411,0.77611411,6308,1314,1314,-1,1,7
Belize_6,17.21307,-87.53128,-7.964081543,0.779961802,0.779961802,6498.5,1285.5,1285.5,-1,1,6
Belize_7,16.74667,-87.80076,-8.063835053,0.780208292,0.780208292,6621,1275,1275,-1,1,7
Belize_7,16.77432,-87.86298,-11.05651487,0.787528473,0.787528473,7532.5,1329.5,1329.5,-1,1,7
Belize_5,16.6955,-88.07483333,-8.330535573,0.766662507,0.766662507,5865.5,1367.5,1367.5,-1,1,5
Belize_5,16.6955,-88.07483333,-7.132711682,0.764486398,0.764486398,5890,1353,1353,-1,1,5
Belize_4,16.90983333,-88.08,-8.529522943,0.767675137,0.767675137,6505.5,1257.5,1257.5,-1,1,4
Belize_4,17.06933333,-87.99283333,-4.835527745,0.761670335,0.761670335,6702,1255,1255,-1,1,4
Belize_8,16.11466667,-88.26166667,-14.91131614,0.785881935,0.785881935,6989.5,1273.5,1273.5,-1,1,8
Belize_8,16.29966667,-88.155,-16.80764107,0.789557008,0.789557008,7068.5,1258.5,1258.5,-1,1,8
Belize_4,16.90983333,-88.08,-14.31341846,0.783779615,0.783779615,7300,1299,1299,-1,1,4
Belize_8,16.485,-88.002,-15.0130735,0.784124581,0.784124581,7767,1354,1354,-1,1,8
Belize_2,17.22616667,-88.04766667,-18.44353803,2.631432782,2.631432782,7991.5,1369.5,1369.5,0,1,2
Belize_8,16.29966667,-88.155,-21.0895298,0.807668282,0.807668282,8016,239,239,-1,1,8
Belize_8,16.11466667,-88.26166667,-20.38860112,0.808596956,0.808596956,8013,238,238,-1,1,8
Belize_7,16.83795,-87.75508,-14.71279399,0.744856733,0.744856733,1877,1328,1328,-1,1,7
Belize_7,16.83795,-87.75508,-15.91199113,0.745659598,0.745659598,2781.5,1437.5,1437.5,-1,1,7
Belize_6,17.3739,-87.49748,-11.91200392,0.7456468,0.7456468,4807.5,1417.5,1417.5,-1,1,6
Belize_7,16.83795,-87.75508,-17.31039264,0.747258085,0.747258085,5263.5,1409.5,1409.5,-1,1,7
Belize_3,17.25859,-87.88834,-5.712484121,0.745166603,0.745166603,8273.5,1285.5,1285.5,1,1,3
Belize_7,16.77466,-87.81556,-15.31157697,0.746073753,0.746073753,8214,1335,1335,-1,1,7
Belize_7,16.83795,-87.75508,-19.2086594,0.748991323,0.748991323,11530.5,1628.5,1628.5,1,1,7
Belize_3,17.32531,-87.84138,-5.112703755,0.74494697,0.74494697,5695,1459,1459,1,1,3
Belize_4,16.902127,-88.08683,-1.297832837,0.315204079,0.315204079,1929,1280,1280,0,1,4
Belize_4,16.901508,-88.086359,-1.107542874,0.315494043,0.315494043,2309,1378,1378,0,1,4
Belize_4,16.896892,-88.082872,-0.757843622,0.315193294,0.315193294,2639.5,1450.5,1450.5,0,1,4
Belize_4,16.901508,-88.086359,-3.434300768,0.318736148,0.318736148,2919,1501,1501,0,1,4
Belize_4,16.907414,-88.08148,-2.557895662,0.315141255,0.315141255,3428.5,1541.5,1541.5,0,1,4
Belize_4,16.899691,-88.084984,-1.63717856,0.315858356,0.315858356,4054,1541,1541,0,1,4
Belize_4,16.902127,-88.08683,-3.14623311,0.316803806,0.316803806,4056.5,1538.5,1538.5,0,1,4
Belize_4,16.896892,-88.082872,-3.644487392,0.318549524,0.318549524,5482,1478,1478,0,1,4
Belize_4,16.902127,-88.08683,-3.974826739,0.318210178,0.318210178,6275.5,1305.5,1305.5,0,1,4
Belize_4,16.904141,-88.088323,-4.947783363,0.315253553,0.315253553,6298.5,1324.5,1324.5,0,1,4
Belize_4,16.90365,-88.087999,-6.467811523,0.315225393,0.315225393,6324.5,1348.5,1348.5,0,1,4
Belize_4,16.899691,-88.084984,-7.312245894,0.330791022,0.330791022,6632.5,1307.5,1307.5,0,1,4
Belize_4,16.902874,-88.08738,-7.107888038,0.315148878,0.315148878,6644.5,1318.5,1318.5,0,1,4
Belize_4,16.90365,-88.087999,-6.887618498,0.315418418,0.315418418,6887,1279,1279,0,1,4
Belize_4,16.896892,-88.082872,-5.948223635,0.324813281,0.324813281,6925,1258,1258,0,1,4
Belize_4,16.90365,-88.087999,-7.666965106,0.316071811,0.316071811,7173,1243,1243,0,1,4
Belize_4,16.904141,-88.088323,-7.474826739,0.318210178,0.318210178,7182.5,1245.5,1245.5,0,1,4
Belize_4,16.902127,-88.08683,-8.46041611,0.332620806,0.332620806,7531,1321,1321,0,1,4
Belize_4,16.907414,-88.08148,-8.177895662,0.315141255,0.315141255,7612.5,1330.5,1330.5,0,1,4
Belize_4,16.902874,-88.08738,-8.387243582,0.315793335,0.315793335,7626,1348,1348,0,1,4
Belize_4,16.902874,-88.08738,-9.515821605,0.317215311,0.317215311,7820.5,1323.5,1323.5,0,1,4
Belize_4,16.901508,-88.086359,-8.028773037,0.334263879,0.334263879,7959,1320,1320,0,1,4
Belize_4,16.904141,-88.088323,-10.05785178,0.325185141,0.325185141,7972,1326,1326,0,1,4
Belize_4,16.830427,-88.098941,-1.115668152,0.645634245,0.645634245,1016.5,1028.5,1028.5,0,1,4
Belize_4,16.835852,-88.103607,-2.212187547,0.413560588,0.413560588,820.5,834.5,834.5,-1,1,4
Belize_4,16.830427,-88.098941,-1.492474908,0.437625443,0.437625443,1148.5,1149.5,1149.5,-1,1,4
Belize_4,16.827442,-88.105276,-2.467569811,0.415923123,0.415923123,2760,1455,1455,0,1,4
Belize_4,16.829922,-88.098336,-2.642494328,0.413301884,0.413301884,1807,1326,1326,-1,1,4
Belize_4,16.829922,-88.098336,-3.90082303,0.414711729,0.414711729,1891,1344,1344,-1,1,4
Belize_4,16.823118,-88.105349,-1.868454026,0.464505074,0.464505074,3219.5,1591.5,1591.5,0,1,4
Belize_4,16.834795,-88.10395,-1.646089272,0.456491892,0.456491892,3904.5,1552.5,1552.5,0,1,4
Belize_4,16.824409,-88.105068,-1.850546013,0.630529591,0.630529591,4198.5,1461.5,1461.5,0,1,4
Belize_4,16.829136,-88.107392,-2.4018397,0.413853969,0.413853969,3202,1494,1494,-1,1,4
Belize_4,16.833215,-88.107582,-1.615011133,0.653701721,0.653701721,4502,1496,1496,0,1,4
Belize_4,16.829922,-88.098336,-5.157984664,0.417108639,0.417108639,3552,1498,1498,-1,1,4
Belize_4,16.829136,-88.107392,-4.277638065,0.417401552,0.417401552,3830.5,1480.5,1480.5,-1,1,4
Belize_4,16.834778,-88.10474,-3.168683581,0.447208116,0.447208116,4862.5,1450.5,1450.5,0,1,4
Belize_4,16.830536,-88.101026,-5.198980669,0.424733261,0.424733261,4131,1448,1448,-1,1,4
Belize_4,16.823744,-88.105482,-4.589825862,0.439858384,0.439858384,4608.5,1432.5,1432.5,-1,1,4
Belize_4,16.833278,-88.108154,-4.613170747,0.589260294,0.589260294,6040,1395,1395,0,1,4
Belize_4,16.8363,-88.103443,-3.77334527,0.589123587,0.589123587,6235.5,1335.5,1335.5,0,1,4
Belize_4,16.834778,-88.10474,-6.234795133,0.446408663,0.446408663,6579,1267,1267,0,1,4
Belize_4,16.823118,-88.105349,-5.818215596,0.655970852,0.655970852,6626.5,1306.5,1306.5,0,1,4
Belize_4,16.832209,-88.106094,-3.488982065,0.442221732,0.442221732,6751.5,1275.5,1275.5,0,1,4
Belize_4,16.833278,-88.108154,-6.589846064,0.587820519,0.587820519,6750,1269,1269,0,1,4
Belize_4,16.833215,-88.107582,-4.3135833,0.651688302,0.651688302,6874,1292,1292,0,1,4
Belize_4,16.823118,-88.105349,-7.243276686,0.659920351,0.659920351,6897,1285,1285,0,1,4
Belize_4,16.824409,-88.105068,-4.790491195,0.654154034,0.654154034,6917.5,1262.5,1262.5,0,1,4
Belize_4,16.833215,-88.107582,-4.243681702,0.651609889,0.651609889,6923.5,1257.5,1257.5,0,1,4
Belize_4,16.823744,-88.105482,-7.147732102,0.486617883,0.486617883,6947,1253,1253,0,1,4
Belize_4,16.824409,-88.105068,-4.650352786,0.654264486,0.654264486,6950.5,1235.5,1235.5,0,1,4
Belize_4,16.832209,-88.106094,-6.534795133,0.446408663,0.446408663,7177.5,1244.5,1244.5,0,1,4
Belize_4,16.824409,-88.105068,-5.758380528,0.65583911,0.65583911,7204.5,1253.5,1253.5,0,1,4
Belize_4,16.829136,-88.107392,-8.171770015,0.436838644,0.436838644,7320.5,1314.5,1314.5,0,1,4
Belize_4,16.834795,-88.10395,-4.589444112,0.47887635,0.47887635,7580,1396,1396,0,1,4
Belize_4,16.832209,-88.106094,-8.890050966,0.444478108,0.444478108,7700.5,1301.5,1301.5,0,1,4
Belize_4,16.827442,-88.105276,-6.967723456,0.414378456,0.414378456,7968,1326,1326,0,1,4
Belize_4,16.834778,-88.10474,-8.600537629,0.41535909,0.41535909,7972.5,1318.5,1318.5,0,1,4
Belize_4,16.824409,-88.105068,-7.141135462,0.457536497,0.457536497,8130.5,1333.5,1333.5,0,1,4
Belize_1,17.93425,-88.14624,-5.365220682,0.303318686,0.303318686,7173,1241,1241,0,1,1
Belize_1,17.86761,-88.04587,-0.857871205,0.230167796,0.230167796,612,629,629,-1,1,1
Belize_1,17.86815,-88.05989,-4.353734626,0.241292231,0.241292231,2244,1411,1411,-1,1,1
Belize_1,17.87431,-88.04948,-3.307307718,0.236046658,0.236046658,2502,1433,1433,-1,1,1
Belize_1,17.8657,-88.05373,-3.834784628,0.235405231,0.235405231,2658,1499,1499,-1,1,1
Belize_1,17.96957,-88.0861,-1.088775833,0.295585845,0.295585845,3117,1494,1494,0,1,1
Belize_1,17.8657,-88.05373,-5.047735076,0.24147708,0.24147708,4874,1420,1420,-1,1,1
Belize_1,17.86995,-88.04873,-5.163693077,0.242161299,0.242161299,5006,1455,1455,-1,1,1
Belize_1,17.97122,-88.08158,-1.758884822,0.287762445,0.287762445,5703,1460,1460,0,1,1
Belize_1,17.93425,-88.14624,-4.028677558,0.299647477,0.299647477,5981,1433,1433,0,1,1
Belize_1,17.86761,-88.04587,-3.966654797,0.297059,0.297059,6720,1250,1250,0,1,1
Belize_1,17.87431,-88.04948,-4.876580382,0.289255149,0.289255149,6508,1427,1427,0,1,1
Belize_1,17.94833,-88.12242,-3.480208287,0.293553551,0.293553551,6700,1240,1240,0,1,1
Belize_1,17.93758,-88.07111,-4.497616768,0.301467072,0.301467072,7159,1232,1232,0,1,1
Belize_1,17.97122,-88.08158,-3.283545356,0.295583348,0.295583348,7173,1239,1239,0,1,1
Belize_3,17.30281,-87.83093,-0.604878715,0.296822438,0.296822438,841,853,853,0,1,3
Belize_3,17.30281,-87.83093,-1.509058199,0.238144617,0.238144617,1708,1240,1240,-1,1,3
Belize_3,17.30281,-87.83093,-3.155718748,0.241484068,0.241484068,4876,1428,1428,-1,1,3
Belize_3,17.30281,-87.83093,-4.298893807,0.302807346,0.302807346,5348.5,1443.5,1443.5,0,1,3
Belize_3,17.30281,-87.83093,-4.149304663,0.30239649,0.30239649,6387.5,1330.5,1330.5,0,1,3
Belize_4,16.829843,-88.105838,-0.489813813,0.442787452,0.442787452,666,678,678,0,1,4
Belize_4,16.829215,-88.106504,-0.5477581,0.391956273,0.391956273,757,769,769,0,1,4
Belize_5,16.661201,-88.183934,-0.604878715,0.296822438,0.296822438,837,849,849,0,1,5
Belize_4,16.831119,-88.101389,-0.808761489,1.115785195,1.115785195,904,916,916,0,1,4
Belize_4,16.830873,-88.107373,-1.660290584,0.783230907,0.783230907,1541,1231,1231,0,1,4
Belize_4,16.830817,-88.101729,-3.11475894,1.111622559,1.111622559,2628,1450,1450,0,1,4
Belize_4,16.830817,-88.101729,-1.91592997,1.110657169,1.110657169,2719,1427,1427,0,1,4
Belize_4,16.831119,-88.101389,-2.115779037,1.110781584,1.110781584,3130,1498,1498,0,1,4
Belize_4,16.830873,-88.107373,-4.057522935,0.785077244,0.785077244,4029,1535,1535,0,1,4
Belize_4,16.829215,-88.106504,-3.244410919,0.407831292,0.407831292,4590,1514,1514,0,1,4
Belize_4,16.830754,-88.105715,-3.985718683,0.458603017,0.458603017,5429,1460,1460,0,1,4
Belize_4,16.829215,-88.106504,-6.237699439,0.409346414,0.409346414,6805,1216,1216,0,1,4
Belize_4,16.830817,-88.101729,-8.991806311,1.132106206,1.132106206,6812,1216,1216,0,1,4
Belize_4,16.830873,-88.107373,-7.22748594,0.805659715,0.805659715,6813,1219,1219,0,1,4
Belize_4,16.830754,-88.105715,-6.779624536,0.459427936,0.459427936,7132,1222,1222,0,1,4
Belize_4,16.830873,-88.107373,-9.024456062,0.805239491,0.805239491,7572,1286,1286,0,1,4
Belize_4,16.829215,-88.106504,-9.724708756,0.414913496,0.414913496,7638,1338,1338,0,1,4
Belize_4,16.830754,-88.105715,-8.374804915,0.457715485,0.457715485,7714,1310,1310,0,1,4
Belize_2,17.4179,-88.06963,-0.359957531,0.296743622,0.296743622,633,645,645,0,1,2
Belize_2,17.4179,-88.06963,-1.269461638,0.297239515,0.297239515,1148,1154,1154,0,1,2
Belize_2,17.4179,-88.06963,-2.388095074,0.298606079,0.298606079,843,855,855,0,1,2
Belize_2,17.4179,-88.06963,-3.246492432,0.300208721,0.300208721,2265,1344,1344,0,1,2
Belize_2,17.4179,-88.06963,-3.954818508,0.301882645,0.301882645,6704,1235,1235,0,1,2
Belize_2,17.4179,-88.06963,-4.752565802,0.304135351,0.304135351,6627,1312,1312,0,1,2
Belize_2,17.4179,-88.06963,-5.250967617,0.305733536,0.305733536,7029,1275,1275,0,1,2
Belize_2,17.4179,-88.06963,-6.346961308,0.309739845,0.309739845,4871,1618,1618,0,1,2
Belize_2,17.4179,-88.06963,-7.243210042,0.313491111,0.313491111,7915,1356,1356,0,1,2
Belize_4,16.829924,-88.105889,-0.539804215,0.442797049,0.442797049,684,696,696,0,1,4
Belize_4,16.829924,-88.105889,-1.61473138,0.420299932,0.420299932,3250,1544,1544,0,1,4
Belize_4,16.829924,-88.105889,-2.347916184,0.456405516,0.456405516,5291,1444,1444,0,1,4
Belize_4,16.829924,-88.105889,-3.037131801,0.457189899,0.457189899,6010,1411,1411,0,1,4
Belize_4,16.829924,-88.105889,-4.335413691,0.453638782,0.453638782,6953,1226,1226,0,1,4
Belize_4,16.829924,-88.105889,-4.734637072,0.454415401,0.454415401,7165,1230,1230,0,1,4
Belize_4,16.829924,-88.105889,-6.281335953,0.451184447,0.451184447,7627,1341,1341,0,1,4
Belize_4,16.829924,-88.105889,-7.234116549,0.426596605,0.426596605,8075,1332,1332,0,1,4
Belize_3,17.441901,-87.839003,-0.739779928,0.245476443,0.245476443,2720,1426,1426,0,1,3
Belize_3,17.441901,-87.839003,-2.247961934,0.247294437,0.247294437,4205,1450,1450,0,1,3
Belize_3,17.441901,-87.839003,-2.972424622,0.254267374,0.254267374,4251,1487,1487,0,1,3
Belize_3,17.441901,-87.839003,-4.312123148,0.225119251,0.225119251,6187,1320,1320,-1,1,3
Barbados,13,-60,-93.5,2.5,2.5,14082,56,56,0,1,999
Barbados,13,-60,-94.4,2.5,2.5,14295,58,58,0,1,999
Barbados,13,-60,-95.6,2.5,2.5,14255,40,40,0,1,999
Barbados,13,-60,-97.4,2.5,2.5,14408,40,40,0,1,999
Barbados,13,-60,-97.5,2.5,2.5,14396,36,36,0,1,999
Barbados,13,-60,-98.9,2.5,2.5,14539,46,46,0,1,999
Barbados,13,-60,-111.4,2.5,2.5,18116,74,74,0,1,999
Barbados,13,-60,-112,2.5,2.5,18174,66,66,0,1,999
Barbados,13,-60,-112.2,2.5,2.5,18448,100,100,0,1,999
Barbados,13,-60,-112.2,2.5,2.5,18218,88,88,0,1,999
Barbados,13,-60,-112.2,2.5,2.5,18176,112,112,0,1,999
Barbados,13,-60,-113.2,2.5,2.5,18549,52,52,0,1,999
Barbados,13,-60,-113.7,2.5,2.5,18746,128,128,0,1,999
Barbados,13,-60,-113.9,2.5,2.5,18783,160,160,0,1,999
Barbados,13,-60,-115.5,2.5,2.5,18716,56,56,0,1,999
Barbados,13,-60,-115.7,2.5,2.5,18806,66,66,0,1,999
Barbados,13,-60,-120.3,2.5,2.5,19075,110,110,0,1,999
Barbados,13,-60,-61.5,2.5,2.5,12002,50,50,0,1,999
Barbados,13,-60,-61.8,2.5,2.5,12203,76,76,0,1,999
Barbados,13,-60,-61.9,2.5,2.5,12170,30,30,0,1,999
Barbados,13,-60,-64.8,2.5,2.5,12798,50,50,0,1,999
Barbados,13,-60,-66.6,2.5,2.5,12844,78,78,0,1,999
Barbados,13,-60,-68.2,2.5,2.5,12993,34,34,0,1,999
Barbados,13,-60,-69.8,2.5,2.5,13088,112,112,0,1,999
Barbados,13,-60,-70.3,2.5,2.5,13179,32,32,0,1,999
Barbados,13,-60,-73.7,2.5,2.5,13555,38,38,0,1,999
Barbados,13,-60,-74,2.5,2.5,13574,52,52,0,1,999
Barbados,13,-60,-74.2,2.5,2.5,13578,52,52,0,1,999
Barbados,13,-60,-74.5,2.5,2.5,13632,32,32,0,1,999
Barbados,13,-60,-87.5,2.5,2.5,29540,82,82,0,1,999
Barbados,13,-60,-87.8,2.5,2.5,30147,114,114,0,1,999
Barbados,13,-60,-88.2,2.5,2.5,30225,150,150,0,1,999
Barbados,13,-60,-88.8,2.5,2.5,30298,220,220,0,1,999
Barbados,13,-60,-88.9,2.5,2.5,30242,96,96,0,1,999
Barbados,13,-60,-111.9,2.5,2.5,17580,138,138,0,1,999
Barbados,13,-60,-96.3,2.5,2.5,14573,30,30,0,1,999
Barbados,13,-60,-107.9,2.5,2.5,18408,52,52,0,1,999
Barbados,13,-60,-108.3,2.5,2.5,19392,58,58,0,1,999
Barbados,13,-60,-109.9,2.5,2.5,19518,66,66,0,1,999
Barbados,13,-60,-110.3,2.5,2.5,19708,52,52,0,1,999