"","sampleID","LAT","MLWS","MLWN","MTL","MHWN","MHWS","HAT","StudySite","model"
"1","306-20",-0.18397,-0.12681,-0.082372,-0.012439,0.061251,0.09817,0.14222,"Glover's Reef","OSU"
"2","308-20",-0.18397,-0.12681,-0.082372,-0.012439,0.061251,0.09817,0.14222,"Glover's Reef","OSU"
"3","309-20",-0.18397,-0.12681,-0.082372,-0.012439,0.061251,0.09817,0.14222,"Glover's Reef","OSU"
"4","312-20",-0.18357,-0.12646,-0.082138,-0.012381,0.060985,0.098085,0.14226,"Glover's Reef","OSU"
"5","318-20",-0.18379,-0.12666,-0.082265,-0.01242,0.061054,0.098192,0.14239,"Glover's Reef","OSU"
"6","325-20",-0.1858,-0.1284,-0.083469,-0.012419,0.06175,0.10045,0.14693,"Lighthouse Reef","OSU"
"7","326-20",-0.1858,-0.1284,-0.083469,-0.012419,0.06175,0.10045,0.14693,"Lighthouse Reef","OSU"
"8","331-20",-0.18518,-0.12812,-0.083196,-0.012228,0.061834,0.10057,0.14753,"Lighthouse Reef","OSU"
"9","336-20",-0.18585,-0.12861,-0.083513,-0.012132,0.062372,0.10122,0.1487,"Lighthouse Reef","OSU"
"10","342-20",-0.18558,-0.12842,-0.083374,-0.012251,0.062044,0.10074,0.14781,"Lighthouse Reef","OSU"
"11","346-20",-0.18217,-0.12291,-0.076559,-0.011786,0.056698,0.09563,0.14434,"Tobacco Cay","OSU"
"12","348-20",-0.18217,-0.12291,-0.076559,-0.011786,0.056698,0.09563,0.14434,"Tobacco Cay","OSU"
"13","354-20",-0.18308,-0.12574,-0.080534,-0.012122,0.059749,0.098031,0.14389,"Emily","OSU"
"14","355-20",-0.18308,-0.12574,-0.080534,-0.012122,0.059749,0.098031,0.14389,"Emily","OSU"
"15","226-21",-0.18308,-0.12574,-0.080534,-0.012122,0.059749,0.098031,0.14389,"Emily","OSU"
"16","359-20",-0.18423,-0.12618,-0.079944,-0.011869,0.059391,0.099257,0.14705,"Rendezvous Cay","OSU"
"17","360-20",-0.18423,-0.12618,-0.079944,-0.011869,0.059391,0.099257,0.14705,"Rendezvous Cay","OSU"
"18","362-20",-0.18423,-0.12618,-0.079944,-0.011869,0.059391,0.099257,0.14705,"Rendezvous Cay","OSU"
"19","367-20",-0.18484,-0.12763,-0.081969,-0.011781,0.060888,0.10159,0.14967,"Gallow's Point Reef","OSU"
"20","368-20",-0.18484,-0.12763,-0.081969,-0.011781,0.060888,0.10159,0.14967,"Gallow's Point Reef","OSU"
"21","375-20",-0.18314,-0.1252,-0.079484,-0.012128,0.059061,0.097114,0.14274,"Carrie Bow Cay","OSU"
"22","378-20",-0.18314,-0.1252,-0.079484,-0.012128,0.059061,0.097114,0.14274,"Carrie Bow Cay","OSU"
"23","379-20",-0.18314,-0.1252,-0.079484,-0.012128,0.059061,0.097114,0.14274,"Carrie Bow Cay","OSU"
"24","380-20",-0.18314,-0.1252,-0.079484,-0.012128,0.059061,0.097114,0.14274,"Carrie Bow Cay","OSU"
"25","381-20",-0.18314,-0.1252,-0.079484,-0.012128,0.059061,0.097114,0.14274,"Carrie Bow Cay","OSU"
"26","382-20",-0.18314,-0.1252,-0.079484,-0.012128,0.059061,0.097114,0.14274,"Carrie Bow Cay","OSU"
"27","385-20",-0.18188,-0.12501,-0.080931,-0.012079,0.060587,0.097033,0.13804,"Nicholas Cay","OSU"
"28","386-20",-0.18188,-0.12501,-0.080931,-0.012079,0.060587,0.097033,0.13804,"Nicholas Cay","OSU"
"29","387-20",-0.18188,-0.12501,-0.080931,-0.012079,0.060587,0.097033,0.13804,"Nicholas Cay","OSU"
"30","392-20",-0.18232,-0.12545,-0.081219,-0.012201,0.060817,0.097049,0.13903,"Ranguana Cay","OSU"
"31","395-20",-0.18279,-0.12409,-0.078396,-0.011976,0.057901,0.096679,0.14407,"Cross Cay","OSU"
"32","396-20",-0.18279,-0.12409,-0.078396,-0.011976,0.057901,0.096679,0.14407,"Cross Cay","OSU"
"33","BETA-89831",-0.18397,-0.12681,-0.082372,-0.012439,0.061251,0.09817,0.14222,"Glover's Reef","OSU"
"34","BETA-87920",-0.18397,-0.12681,-0.082372,-0.012439,0.061251,0.09817,0.14222,"Glover's Reef","OSU"
"35","BETA-87921",-0.18397,-0.12681,-0.082372,-0.012439,0.061251,0.09817,0.14222,"Glover's Reef","OSU"
"36","BETA-89832",-0.18379,-0.12666,-0.082265,-0.01242,0.061054,0.098192,0.14239,"Glover's Reef","OSU"
"37","BETA-89833",-0.18379,-0.12666,-0.082265,-0.01242,0.061054,0.098192,0.14239,"Glover's Reef","OSU"
"38","BETA-96587",-0.18372,-0.12689,-0.082184,-0.012123,0.060887,0.099693,0.14622,"Turneffe Island","OSU"
"39","BETA-96645",-0.18344,-0.12697,-0.082134,-0.011963,0.061266,0.099991,0.14741,"Turneffe Island","OSU"
"40","BETA-98360",-0.1858,-0.1284,-0.083469,-0.012419,0.06175,0.10045,0.14693,"Lighthouse Reef","OSU"
"41","BETA-171884",-0.18322,-0.12645,-0.081915,-0.012275,0.060477,0.098788,0.14477,"Turneffe Island","OSU"
"42","BETA-171885",-0.18518,-0.12812,-0.083196,-0.012228,0.061834,0.10057,0.14753,"Lighthouse Reef","OSU"
"43","BETA-117889",-0.18558,-0.12842,-0.083374,-0.012251,0.062044,0.10074,0.14781,"Lighthouse Reef","OSU"
"44","BETA-117890",-0.18572,-0.1285,-0.083461,-0.012322,0.061873,0.1008,0.14768,"Lighthouse Reef","OSU"
"45","BBR 1-2.8",-0.18217,-0.12291,-0.076559,-0.011786,0.056698,0.09563,0.14434,"Tobacco Cay","OSU"
"46","BBR 2-2.0",-0.18308,-0.12574,-0.080534,-0.012122,0.059749,0.098031,0.14389,"Emily","OSU"
"47","BBR 3-3.5",-0.18423,-0.12618,-0.079944,-0.011869,0.059391,0.099257,0.14705,"Rendezvous Cay","OSU"
"48","BBR 3-8.4",-0.18423,-0.12618,-0.079944,-0.011869,0.059391,0.099257,0.14705,"Rendezvous Cay","OSU"
"49","BBR 4-1.7",-0.18484,-0.12763,-0.081969,-0.011781,0.060888,0.10159,0.14967,"Gallow's Point Reef","OSU"
"50","BBR 4-6.0",-0.18484,-0.12763,-0.081969,-0.011781,0.060888,0.10159,0.14967,"Gallow's Point Reef","OSU"
"51","BBR 4-9.3",-0.18484,-0.12763,-0.081969,-0.011781,0.060888,0.10159,0.14967,"Gallow's Point Reef","OSU"
"52","BBR 5-2.8",-0.18272,-0.12581,-0.081616,-0.012366,0.060858,0.097105,0.13981,"Gladden spit","OSU"
"53","BBR 5-7.3",-0.18272,-0.12581,-0.081616,-0.012366,0.060858,0.097105,0.13981,"Gladden spit","OSU"
"54","BBR 6-3.2",-0.18314,-0.1252,-0.079484,-0.012128,0.059061,0.097114,0.14274,"Carrie Bow Cay","OSU"
"55","BBR 7-3.0",-0.18314,-0.1252,-0.079484,-0.012128,0.059061,0.097114,0.14274,"Carrie Bow Cay","OSU"
"56","BBR 8-2.9",-0.18188,-0.12501,-0.080931,-0.012079,0.060587,0.097033,0.13804,"Nicholas Cay","OSU"
"57","BBR 8-8.3",-0.18188,-0.12501,-0.080931,-0.012079,0.060587,0.097033,0.13804,"Nicholas Cay","OSU"
"58","BBR 9-2.9",-0.18232,-0.12545,-0.081219,-0.012201,0.060817,0.097049,0.13903,"Ranguana Cay","OSU"
"59","BBR 9-10.7",-0.18232,-0.12545,-0.081219,-0.012201,0.060817,0.097049,0.13903,"Ranguana Cay","OSU"
"60","BBR 10-2.2",-0.18279,-0.12409,-0.078396,-0.011976,0.057901,0.096679,0.14407,"Cross Cay","OSU"
"61","BBR 10-4.2",-0.18279,-0.12409,-0.078396,-0.011976,0.057901,0.096679,0.14407,"Cross Cay","OSU"
"62","BBR 10-7.0",-0.18279,-0.12409,-0.078396,-0.011976,0.057901,0.096679,0.14407,"Cross Cay","OSU"
"63","BBR 11-2.0",-0.18279,-0.12409,-0.078396,-0.011976,0.057901,0.096679,0.14407,"Cross Cay","OSU"
"64","BBR 11-4.4",-0.18279,-0.12409,-0.078396,-0.011976,0.057901,0.096679,0.14407,"Cross Cay","OSU"
"65","BBR 11-6.8",-0.18279,-0.12409,-0.078396,-0.011976,0.057901,0.096679,0.14407,"Cross Cay","OSU"
"66","BBR 4-10.8",-0.18484,-0.12763,-0.081969,-0.011781,0.060888,0.10159,0.14967,"Gallow's Point Reef","OSU"
"67","BBR 6-12.2",-0.18314,-0.1252,-0.079484,-0.012128,0.059061,0.097114,0.14274,"Carrie Bow Cay","OSU"
"68","BBR 6-8.0",-0.18314,-0.1252,-0.079484,-0.012128,0.059061,0.097114,0.14274,"Carrie Bow Cay","OSU"
"69","BBR 7-8.9",-0.18314,-0.1252,-0.079484,-0.012128,0.059061,0.097114,0.14274,"Carrie Bow Cay","OSU"
"70","G5-460/465",-0.1843,-0.12712,-0.082623,-0.012504,0.061231,0.098492,0.14311,"Glover's Reef","OSU"
"71","G7-base",-0.18414,-0.12694,-0.082585,-0.01245,0.061151,0.098572,0.14337,"Glover's Reef","OSU"
"72","G9-base",-0.18369,-0.12657,-0.082182,-0.012399,0.06114,0.098015,0.142,"Glover's Reef","OSU"
"73","T4-base",-0.18288,-0.12625,-0.081652,-0.012197,0.060127,0.098985,0.14518,"Turneffe Island","OSU"
"74","T6-base",-0.1834,-0.12675,-0.081771,-0.012006,0.060624,0.09987,0.14675,"Turneffe Island","OSU"
"75","T7-base",-0.18313,-0.12658,-0.081836,-0.012045,0.060654,0.099582,0.14618,"Turneffe Island","OSU"
"76","T12-base",-0.18314,-0.12671,-0.081981,-0.012017,0.060964,0.099665,0.1468,"Turneffe Island","OSU"
"77","L5-base",-0.18563,-0.12846,-0.083385,-0.012242,0.062056,0.10083,0.14798,"Lighthouse Reef","OSU"
"78","L6-base",-0.18511,-0.1278,-0.083157,-0.012438,0.061349,0.099852,0.14586,"Lighthouse Reef","OSU"
"79","BETA-96642",-0.18321,-0.12645,-0.081895,-0.012265,0.060431,0.098856,0.14482,"Cay Bokel Island, Turneffe Atoll","OSU"
"80","GR 1-2.1",-0.18397,-0.12681,-0.082372,-0.012439,0.061251,0.09817,0.14222,"Glover's Reef","OSU"
"81","GR 1-6.675",-0.18397,-0.12681,-0.082372,-0.012439,0.061251,0.09817,0.14222,"Glover's Reef","OSU"
"82","GR 1-8.275",-0.18397,-0.12681,-0.082372,-0.012439,0.061251,0.09817,0.14222,"Glover's Reef","OSU"
"83","GR 2-6.575",-0.18357,-0.12646,-0.082138,-0.012381,0.060985,0.098085,0.14226,"Glover's Reef","OSU"
"84","GR 2-9.55",-0.18357,-0.12646,-0.082138,-0.012381,0.060985,0.098085,0.14226,"Glover's Reef","OSU"
"85","GR 2-9.8",-0.18357,-0.12646,-0.082138,-0.012381,0.060985,0.098085,0.14226,"Glover's Reef","OSU"
"86","GR 3-6.95",-0.18379,-0.12666,-0.082265,-0.01242,0.061054,0.098192,0.14239,"Glover's Reef","OSU"
"87","TR 4-0.25",-0.18372,-0.12689,-0.082184,-0.012123,0.060887,0.099693,0.14622,"Turneffe Island","OSU"
"88","TR 4-1.35",-0.18372,-0.12689,-0.082184,-0.012123,0.060887,0.099693,0.14622,"Turneffe Island","OSU"
"89","TR 4-3.125",-0.18372,-0.12689,-0.082184,-0.012123,0.060887,0.099693,0.14622,"Turneffe Island","OSU"
"90","TR 5-0.45",-0.18344,-0.12697,-0.082134,-0.011963,0.061266,0.099991,0.14741,"Turneffe Island","OSU"
"91","TR 5-1.15",-0.18344,-0.12697,-0.082134,-0.011963,0.061266,0.099991,0.14741,"Turneffe Island","OSU"
"92","LR 7-4.9",-0.1858,-0.1284,-0.083469,-0.012419,0.06175,0.10045,0.14693,"Lighthouse Reef","OSU"
"93","LR 7-6.3",-0.1858,-0.1284,-0.083469,-0.012419,0.06175,0.10045,0.14693,"Lighthouse Reef","OSU"
"94","LR 10-3.775",-0.18518,-0.12812,-0.083196,-0.012228,0.061834,0.10057,0.14753,"Lighthouse Reef","OSU"
"95","LR 11-0.6",-0.18558,-0.12842,-0.083374,-0.012251,0.062044,0.10074,0.14781,"Lighthouse Reef","OSU"
"96","LR 11-5.4",-0.18558,-0.12842,-0.083374,-0.012251,0.062044,0.10074,0.14781,"Lighthouse Reef","OSU"
"97","LR 12-2.125",-0.18585,-0.12861,-0.083513,-0.012132,0.062372,0.10122,0.1487,"Lighthouse Reef","OSU"
"98","LR 12-2.375",-0.18585,-0.12861,-0.083513,-0.012132,0.062372,0.10122,0.1487,"Lighthouse Reef","OSU"
"99","LR 12-5.475",-0.18585,-0.12861,-0.083513,-0.012132,0.062372,0.10122,0.1487,"Lighthouse Reef","OSU"
"100","LR 13-8.05",-0.18558,-0.12842,-0.083374,-0.012251,0.062044,0.10074,0.14781,"Lighthouse Reef","OSU"
"101","LR 14-0.475",-0.18572,-0.1285,-0.083461,-0.012322,0.061873,0.1008,0.14768,"Lighthouse Reef","OSU"
"102","LR 14-2.675",-0.18572,-0.1285,-0.083461,-0.012322,0.061873,0.1008,0.14768,"Lighthouse Reef","OSU"
"103","BBR 1-2.1",-0.18217,-0.12291,-0.076559,-0.011786,0.056698,0.09563,0.14434,"Tobacco Cay","OSU"
"104","BBR 1-6.425",-0.18217,-0.12291,-0.076559,-0.011786,0.056698,0.09563,0.14434,"Tobacco Cay","OSU"
"105","BBR 1-10.075",-0.18217,-0.12291,-0.076559,-0.011786,0.056698,0.09563,0.14434,"Tobacco Cay","OSU"
"106","BBR 1-13.5",-0.18217,-0.12291,-0.076559,-0.011786,0.056698,0.09563,0.14434,"Tobacco Cay","OSU"
"107","BBR 2-3.275",-0.18308,-0.12574,-0.080534,-0.012122,0.059749,0.098031,0.14389,"Emily","OSU"
"108","BBR 2-4.225",-0.18308,-0.12574,-0.080534,-0.012122,0.059749,0.098031,0.14389,"Emily","OSU"
"109","BBR 3-0.425",-0.18423,-0.12618,-0.079944,-0.011869,0.059391,0.099257,0.14705,"Rendezvous Cay","OSU"
"110","BBR 4-0.75",-0.18484,-0.12763,-0.081969,-0.011781,0.060888,0.10159,0.14967,"Gallow's Point Reef","OSU"
"111","BBR 4-2.575",-0.18484,-0.12763,-0.081969,-0.011781,0.060888,0.10159,0.14967,"Gallow's Point Reef","OSU"
"112","BBR 4-11.6",-0.18484,-0.12763,-0.081969,-0.011781,0.060888,0.10159,0.14967,"Gallow's Point Reef","OSU"
"113","BBR 5-2",-0.18272,-0.12581,-0.081616,-0.012366,0.060858,0.097105,0.13981,"Gladden spit","OSU"
"114","BBR 5-3.875",-0.18272,-0.12581,-0.081616,-0.012366,0.060858,0.097105,0.13981,"Gladden spit","OSU"
"115","BBR 5-8.25",-0.18272,-0.12581,-0.081616,-0.012366,0.060858,0.097105,0.13981,"Gladden spit","OSU"
"116","BBR 5-13.925",-0.18272,-0.12581,-0.081616,-0.012366,0.060858,0.097105,0.13981,"Gladden spit","OSU"
"117","BBR 6-0.625",-0.18314,-0.1252,-0.079484,-0.012128,0.059061,0.097114,0.14274,"Carrie Bow Cay","OSU"
"118","BBR 7-4.95",-0.18314,-0.1252,-0.079484,-0.012128,0.059061,0.097114,0.14274,"Carrie Bow Cay","OSU"
"119","BBR 7-8",-0.18314,-0.1252,-0.079484,-0.012128,0.059061,0.097114,0.14274,"Carrie Bow Cay","OSU"
"120","BBR 8-15.9",-0.18188,-0.12501,-0.080931,-0.012079,0.060587,0.097033,0.13804,"Nicholas Cay","OSU"
"121","BBR 8-18.5",-0.18188,-0.12501,-0.080931,-0.012079,0.060587,0.097033,0.13804,"Nicholas Cay","OSU"
"122","BBR 9-11.45",-0.18232,-0.12545,-0.081219,-0.012201,0.060817,0.097049,0.13903,"Ranguana Cay","OSU"
"123","BBR 9-13",-0.18232,-0.12545,-0.081219,-0.012201,0.060817,0.097049,0.13903,"Ranguana Cay","OSU"
"124","OS-37476",-0.256088203969791,-0.119248681303925,-0.086394642594996,-0.011930473157879,0.0639017868164501,0.103870652362912,0.237721796030209,"Twin Cays","UTide"
"125","OS-40695",-0.256088203969791,-0.119248681303925,-0.086394642594996,-0.011930473157879,0.0639017868164501,0.103870652362912,0.237721796030209,"Twin Cays","UTide"
"126","OS-40696",-0.256088203969791,-0.119248681303925,-0.086394642594996,-0.011930473157879,0.0639017868164501,0.103870652362912,0.237721796030209,"Twin Cays","UTide"
"127","OS-37475",-0.256088203969791,-0.119248681303925,-0.086394642594996,-0.011930473157879,0.0639017868164501,0.103870652362912,0.237721796030209,"Twin Cays","UTide"
"128","OS-37477",-0.256088203969791,-0.119248681303925,-0.086394642594996,-0.011930473157879,0.0639017868164501,0.103870652362912,0.237721796030209,"Twin Cays","UTide"
"129","491",-0.1830276,-0.1270151,-0.08143524,-0.01126491,0.06183802,0.1015527,0.1506464,"Ambergris Cay","OSU"
"130","663",-0.1828759,-0.1267306,-0.08103818,-0.01116402,0.06173719,0.1013755,0.1507555,"Ambergris Cay","OSU"
"131","465",-0.1829534,-0.1268199,-0.08124831,-0.01131524,0.06147515,0.1013321,0.1504858,"Ambergris Cay","OSU"
"132","TR 4-1.1",-0.18371,-0.12688,-0.082179,-0.012115,0.06089,0.099707,0.14624,"Soldier Cay, Turneffe Atoll","OSU"
"133","TR 5-2.7",-0.18372,-0.12723,-0.082322,-0.01197,0.061468,0.10021,0.1477,"Three Corner Cay, Turneffe Atoll","OSU"
"134","TR 4-1.1",-0.18371,-0.12688,-0.082179,-0.012115,0.06089,0.099707,0.14624,"Glover's Reef","OSU"
"135","TR 5-2.7",-0.18372,-0.12723,-0.082322,-0.01197,0.061468,0.10021,0.1477,"Glover's Reef","OSU"
"136","GR 3-1.25",-0.18379,-0.12666,-0.08227,-0.012416,0.061071,0.098198,0.1424,"Glover's Reef","OSU"
"137","LR 7-2",-0.1858,-0.12839,-0.083548,-0.012455,0.061721,0.1004,0.14684,"Lighthouse Reef","OSU"
"138","LR 7-3.5",-0.1858,-0.12839,-0.083548,-0.012455,0.061721,0.1004,0.14684,"Lighthouse Reef","OSU"
"139","LR 7-5.1",-0.1858,-0.12839,-0.083548,-0.012455,0.061721,0.1004,0.14684,"Lighthouse Reef","OSU"
"140","TR 4-3",-0.18371,-0.12688,-0.082179,-0.012115,0.06089,0.099707,0.14624,"Soldier Cay, Turneffe Atoll","OSU"
"141","LR 7-5.1",-0.1858,-0.12839,-0.083548,-0.012455,0.061721,0.1004,0.14684,"Glover's Reef","OSU"
"142","TR 4-3",-0.18371,-0.12688,-0.082179,-0.012115,0.06089,0.099707,0.14624,"Glover's Reef","OSU"
"143","GR 1-2.8",-0.18356,-0.12644,-0.082127,-0.012376,0.061014,0.098052,0.14216,"Glover's Reef","OSU"
"144","GR 2-4.6",-0.18398,-0.12684,-0.082377,-0.012447,0.061259,0.098172,0.14223,"Glover's Reef","OSU"
"145","LR 7-7.9",-0.1858,-0.12839,-0.083548,-0.012455,0.061721,0.1004,0.14684,"Lighthouse Reef","OSU"
"146","GR 1-5.6",-0.18398,-0.12684,-0.082377,-0.012447,0.061259,0.098172,0.14223,"Glover's Reef","OSU"
"147","LR 7-7.9",-0.1858,-0.12839,-0.083548,-0.012455,0.061721,0.1004,0.14684,"Glover's Reef","OSU"
"148","BBR 6-7.6",-0.18314,-0.1252,-0.079484,-0.012128,0.059061,0.097114,0.14274,"Carrie Bow Cay","OSU"
"149","BBR 7-6.4",-0.18314,-0.1252,-0.079484,-0.012128,0.059061,0.097114,0.14274,"Carrie Bow Cay","OSU"
"150","BBR 1-8.1",-0.18217,-0.12291,-0.076559,-0.011786,0.056698,0.09563,0.14434,"Tobacco Cay","OSU"
"151","BBR 2-4.4",-0.18308,-0.12574,-0.080534,-0.012122,0.059749,0.098031,0.14389,"Emily","OSU"
"152","BBR 8-14.5",-0.18188,-0.12501,-0.080931,-0.012079,0.060587,0.097033,0.13804,"Nicholas Cay","OSU"
"153","BBR 9-15.5",-0.18232,-0.12545,-0.081219,-0.012201,0.060817,0.097049,0.13903,"Ranguana Cay","OSU"
"154","BBR 1-13.9",-0.18217,-0.12291,-0.076559,-0.011786,0.056698,0.09563,0.14434,"Tobacco Cay","OSU"
"155","BBR 5-14.0",-0.18272,-0.12581,-0.081616,-0.012366,0.060858,0.097105,0.13981,"Gladden spit","OSU"
"156","BBR 3-20.0",-0.18423,-0.12618,-0.079944,-0.011869,0.059391,0.099257,0.14705,"Rendezvous Cay","OSU"
"157","BBR 9-19.8",-0.18232,-0.12545,-0.081219,-0.012201,0.060817,0.097049,0.13903,"Ranguana Cay","OSU"
"158","BBR 8-20.0",-0.18188,-0.12501,-0.080931,-0.012079,0.060587,0.097033,0.13804,"Nicholas Cay","OSU"
"159","G5-120/125",-0.1843,-0.12712,-0.082623,-0.012504,0.061231,0.098492,0.14311,"Glover's Reef","OSU"
"160","G5-240/245",-0.1843,-0.12712,-0.082623,-0.012504,0.061231,0.098492,0.14311,"Glover's Reef","OSU"
"161","L4-base",-0.18591,-0.12867,-0.083519,-0.012274,0.062153,0.10094,0.14807,"Lighthouse Reef","OSU"
"162","G5-380/385",-0.1843,-0.12712,-0.082623,-0.012504,0.061231,0.098492,0.14311,"Glover's Reef","OSU"
"163","T5-base",-0.18313,-0.12645,-0.081806,-0.012253,0.060237,0.099007,0.14533,"Turneffe Island","OSU"
"164","G4-base",-0.18389,-0.12675,-0.082336,-0.012429,0.061141,0.098228,0.14238,"Glover's Reef","OSU"
"165","G5-base",-0.1843,-0.12712,-0.082623,-0.012504,0.061231,0.098492,0.14311,"Glover's Reef","OSU"
"166","T9-base",-0.18338,-0.12667,-0.082003,-0.012127,0.060648,0.099522,0.14597,"Turneffe Island","OSU"
"167","Beta-22919",-0.18206,-0.12277,-0.076199,-0.011724,0.056612,0.095462,0.14438,"Tobacco Range","OSU"
"168","Beta-22916",-0.18207,-0.12278,-0.076223,-0.011728,0.056637,0.095457,0.14437,"Tobacco Range","OSU"
"169","Beta-22923",-0.18211,-0.12282,-0.076476,-0.011747,0.056784,0.095522,0.14424,"Tobacco Range","OSU"
"170","Beta-22917",-0.18207,-0.12278,-0.076223,-0.011728,0.056637,0.095457,0.14437,"Tobacco Range","OSU"
"171","Beta-22936",-0.18215,-0.12285,-0.076528,-0.011757,0.056753,0.095597,0.14434,"Tobacco Range","OSU"
"172","Beta-31605",-0.18208,-0.12282,-0.076315,-0.011712,0.056783,0.095507,0.14432,"Tobacco Range","OSU"
"173","Beta-22920",-0.18206,-0.12277,-0.076199,-0.011724,0.056612,0.095462,0.14438,"Tobacco Range","OSU"
"174","Beta-22924",-0.18211,-0.12282,-0.076476,-0.011747,0.056784,0.095522,0.14424,"Tobacco Range","OSU"
"175","Beta-22921",-0.18206,-0.12277,-0.076199,-0.011724,0.056612,0.095462,0.14438,"Tobacco Range","OSU"
"176","Beta-22929",-0.18204,-0.12273,-0.076143,-0.011706,0.056586,0.09546,0.14444,"Tobacco Range","OSU"
"177","Beta-22926",-0.18205,-0.12274,-0.07616,-0.011712,0.056583,0.095464,0.14443,"Tobacco Range","OSU"
"178","Beta-31606",-0.18208,-0.12282,-0.076315,-0.011712,0.056783,0.095507,0.14432,"Tobacco Range","OSU"
"179","Beta-22932",-0.18205,-0.12276,-0.076182,-0.011722,0.056591,0.095461,0.1444,"Tobacco Range","OSU"
"180","Beta-22927",-0.18205,-0.12274,-0.07616,-0.011712,0.056583,0.095464,0.14443,"Tobacco Range","OSU"
"181","Beta-22925",-0.18211,-0.12282,-0.076476,-0.011747,0.056784,0.095522,0.14424,"Tobacco Range","OSU"
"182","Beta-22928",-0.18205,-0.12274,-0.07616,-0.011712,0.056583,0.095464,0.14443,"Tobacco Range","OSU"
"183","Beta-22930",-0.18204,-0.12273,-0.076143,-0.011706,0.056586,0.09546,0.14444,"Tobacco Range","OSU"
"184","Beta-22922",-0.18206,-0.12277,-0.076199,-0.011724,0.056612,0.095462,0.14438,"Tobacco Range","OSU"
"185","Beta-22937",-0.18215,-0.12285,-0.076528,-0.011757,0.056753,0.095597,0.14434,"Tobacco Range","OSU"
"186","Beta-22933",-0.18205,-0.12276,-0.076182,-0.011722,0.056591,0.095461,0.1444,"Tobacco Range","OSU"
"187","Beta-22934",-0.18205,-0.12276,-0.076182,-0.011722,0.056591,0.095461,0.1444,"Tobacco Range","OSU"
"188","Beta-22918",-0.18207,-0.12278,-0.076223,-0.011728,0.056637,0.095457,0.14437,"Tobacco Range","OSU"
"189","Beta-22931",-0.18204,-0.12273,-0.076143,-0.011706,0.056586,0.09546,0.14444,"Tobacco Range","OSU"
"190","20180",-0.256088203969791,-0.119248681303925,-0.086394642594996,-0.011930473157879,0.0639017868164501,0.103870652362912,0.237721796030209,"Twin Cays","UTide"
"191","10-115-125",-0.256088203969791,-0.119248681303925,-0.086394642594996,-0.011930473157879,0.0639017868164501,0.103870652362912,0.237721796030209,"Twin Cays","UTide"
"192","34790",-0.256088203969791,-0.119248681303925,-0.086394642594996,-0.011930473157879,0.0639017868164501,0.103870652362912,0.237721796030209,"Twin Cays","UTide"
"193","6-200-216",-0.256088203969791,-0.119248681303925,-0.086394642594996,-0.011930473157879,0.0639017868164501,0.103870652362912,0.237721796030209,"Twin Cays","UTide"
"194","12-90-100",-0.256088203969791,-0.119248681303925,-0.086394642594996,-0.011930473157879,0.0639017868164501,0.103870652362912,0.237721796030209,"Twin Cays","UTide"
"195","12-190-200",-0.256088203969791,-0.119248681303925,-0.086394642594996,-0.011930473157879,0.0639017868164501,0.103870652362912,0.237721796030209,"Twin Cays","UTide"
"196","1C-60",-0.256088203969791,-0.119248681303925,-0.086394642594996,-0.011930473157879,0.0639017868164501,0.103870652362912,0.237721796030209,"Twin Cays","UTide"
"197","32933",-0.256088203969791,-0.119248681303925,-0.086394642594996,-0.011930473157879,0.0639017868164501,0.103870652362912,0.237721796030209,"Twin Cays","UTide"
"198","1A-128",-0.256088203969791,-0.119248681303925,-0.086394642594996,-0.011930473157879,0.0639017868164501,0.103870652362912,0.237721796030209,"Twin Cays","UTide"
"199","16-138-148",-0.256088203969791,-0.119248681303925,-0.086394642594996,-0.011930473157879,0.0639017868164501,0.103870652362912,0.237721796030209,"Twin Cays","UTide"
"200","45703",-0.256088203969791,-0.119248681303925,-0.086394642594996,-0.011930473157879,0.0639017868164501,0.103870652362912,0.237721796030209,"Twin Cays","UTide"
"201","12-290-300",-0.256088203969791,-0.119248681303925,-0.086394642594996,-0.011930473157879,0.0639017868164501,0.103870652362912,0.237721796030209,"Twin Cays","UTide"
"202","16-300-310",-0.256088203969791,-0.119248681303925,-0.086394642594996,-0.011930473157879,0.0639017868164501,0.103870652362912,0.237721796030209,"Twin Cays","UTide"
"203","15-250-270",-0.256088203969791,-0.119248681303925,-0.086394642594996,-0.011930473157879,0.0639017868164501,0.103870652362912,0.237721796030209,"Twin Cays","UTide"
"204","14-490-500",-0.256088203969791,-0.119248681303925,-0.086394642594996,-0.011930473157879,0.0639017868164501,0.103870652362912,0.237721796030209,"Twin Cays","UTide"
"205","1B-237",-0.256088203969791,-0.119248681303925,-0.086394642594996,-0.011930473157879,0.0639017868164501,0.103870652362912,0.237721796030209,"Twin Cays","UTide"
"206","9-200-220",-0.256088203969791,-0.119248681303925,-0.086394642594996,-0.011930473157879,0.0639017868164501,0.103870652362912,0.237721796030209,"Twin Cays","UTide"
"207","11-190-210",-0.256088203969791,-0.119248681303925,-0.086394642594996,-0.011930473157879,0.0639017868164501,0.103870652362912,0.237721796030209,"Twin Cays","UTide"
"208","15-500-520",-0.256088203969791,-0.119248681303925,-0.086394642594996,-0.011930473157879,0.0639017868164501,0.103870652362912,0.237721796030209,"Twin Cays","UTide"
"209","1C-425",-0.256088203969791,-0.119248681303925,-0.086394642594996,-0.011930473157879,0.0639017868164501,0.103870652362912,0.237721796030209,"Twin Cays","UTide"
"210","7-250-270",-0.256088203969791,-0.119248681303925,-0.086394642594996,-0.011930473157879,0.0639017868164501,0.103870652362912,0.237721796030209,"Twin Cays","UTide"
"211","9-350-370",-0.256088203969791,-0.119248681303925,-0.086394642594996,-0.011930473157879,0.0639017868164501,0.103870652362912,0.237721796030209,"Twin Cays","UTide"
"212","2-210",-0.256088203969791,-0.119248681303925,-0.086394642594996,-0.011930473157879,0.0639017868164501,0.103870652362912,0.237721796030209,"Twin Cays","UTide"
"213","1C-555",-0.256088203969791,-0.119248681303925,-0.086394642594996,-0.011930473157879,0.0639017868164501,0.103870652362912,0.237721796030209,"Twin Cays","UTide"
"214","1A-350",-0.256088203969791,-0.119248681303925,-0.086394642594996,-0.011930473157879,0.0639017868164501,0.103870652362912,0.237721796030209,"Twin Cays","UTide"
"215","2-204",-0.256088203969791,-0.119248681303925,-0.086394642594996,-0.011930473157879,0.0639017868164501,0.103870652362912,0.237721796030209,"Twin Cays","UTide"
"216","1B-360",-0.256088203969791,-0.119248681303925,-0.086394642594996,-0.011930473157879,0.0639017868164501,0.103870652362912,0.237721796030209,"Twin Cays","UTide"
"217","1A-355",-0.256088203969791,-0.119248681303925,-0.086394642594996,-0.011930473157879,0.0639017868164501,0.103870652362912,0.237721796030209,"Twin Cays","UTide"
"218","7-500-520",-0.256088203969791,-0.119248681303925,-0.086394642594996,-0.011930473157879,0.0639017868164501,0.103870652362912,0.237721796030209,"Twin Cays","UTide"
"219","1A-420",-0.256088203969791,-0.119248681303925,-0.086394642594996,-0.011930473157879,0.0639017868164501,0.103870652362912,0.237721796030209,"Twin Cays","UTide"
"220","16-630-644",-0.256088203969791,-0.119248681303925,-0.086394642594996,-0.011930473157879,0.0639017868164501,0.103870652362912,0.237721796030209,"Twin Cays","UTide"
"221","3-260",-0.256088203969791,-0.119248681303925,-0.086394642594996,-0.011930473157879,0.0639017868164501,0.103870652362912,0.237721796030209,"Twin Cays","UTide"
"222","7-693-713",-0.256088203969791,-0.119248681303925,-0.086394642594996,-0.011930473157879,0.0639017868164501,0.103870652362912,0.237721796030209,"Twin Cays","UTide"
"223","6-620-640",-0.256088203969791,-0.119248681303925,-0.086394642594996,-0.011930473157879,0.0639017868164501,0.103870652362912,0.237721796030209,"Twin Cays","UTide"
"224","15-690-709",-0.256088203969791,-0.119248681303925,-0.086394642594996,-0.011930473157879,0.0639017868164501,0.103870652362912,0.237721796030209,"Twin Cays","UTide"
"225","1A-518",-0.256088203969791,-0.119248681303925,-0.086394642594996,-0.011930473157879,0.0639017868164501,0.103870652362912,0.237721796030209,"Twin Cays","UTide"
"226","Geochron BS30-5.3",-0.18372,-0.12716,-0.080607,-0.01114,0.061189,0.10202,0.1521,"Bulkhead","OSU"
"227","Geochron 22-1",-0.18321,-0.12691,-0.081227,-0.011349,0.061377,0.10137,0.15064,"Cangrejo","OSU"
"228","Geochron 14-4",-0.18325,-0.1269,-0.08107,-0.011284,0.061358,0.10148,0.15075,"Cangrejo","OSU"
"229","Geochron 7-3",-0.18325,-0.12694,-0.081201,-0.011323,0.061403,0.10144,0.15076,"Cangrejo","OSU"
"230","Geochron 16-4",-0.18322,-0.1269,-0.081191,-0.011324,0.061356,0.10144,0.15067,"Cangrejo","OSU"
"231","Geochron BS44-.9",-0.18365,-0.12712,-0.080702,-0.011185,0.06123,0.10185,0.15194,"Bulkhead","OSU"
"232","Geochron 16-5.4",-0.18322,-0.1269,-0.081191,-0.011324,0.061356,0.10144,0.15067,"Cangrejo","OSU"
"233","Geochron 9-5.4",-0.18323,-0.12692,-0.081221,-0.011343,0.061378,0.10139,0.15069,"Cangrejo","OSU"
"234","Geochron BS8-1.6",-0.18358,-0.12697,-0.080673,-0.011159,0.061201,0.1018,0.15185,"Bulkhead","OSU"
"235","Geochron BS30-3.8",-0.18372,-0.12716,-0.080607,-0.01114,0.061189,0.10202,0.1521,"Bulkhead","OSU"
"236","Geochron 22-3.9",-0.18321,-0.12691,-0.081227,-0.011349,0.061377,0.10137,0.15064,"Cangrejo","OSU"
"237","Geochron 7-4.9",-0.18325,-0.12694,-0.081201,-0.011323,0.061403,0.10144,0.15076,"Cangrejo","OSU"
"238","Geochron BS42-3.4",-0.1841,-0.12756,-0.080808,-0.011165,0.061413,0.10229,0.15252,"Bulkhead","OSU"
"239","Geochron BS25A-4.3",-0.18368,-0.12717,-0.080951,-0.011278,0.06119,0.10182,0.15174,"Bulkhead","OSU"
"240","Geochron BS8-3.2",-0.18358,-0.12697,-0.080673,-0.011159,0.061201,0.1018,0.15185,"Bulkhead","OSU"
"241","Beta-234828",-0.18347,-0.12673,-0.082051,-0.012174,0.060627,0.099463,0.14588,"Turneffe Island","OSU"
"242","WHOI-63006",-0.18347,-0.12673,-0.082051,-0.012174,0.060627,0.099463,0.14588,"Turneffe Island","OSU"
"243","WHOI-63028",-0.18347,-0.12673,-0.082051,-0.012174,0.060627,0.099463,0.14588,"Turneffe Island","OSU"
"244","Beta-234830",-0.18347,-0.12673,-0.082051,-0.012174,0.060627,0.099463,0.14588,"Turneffe Island","OSU"
"245","Beta-234829",-0.18347,-0.12673,-0.082051,-0.012174,0.060627,0.099463,0.14588,"Turneffe Island","OSU"
"246","TC-SSA",-0.256088203969791,-0.119248681303925,-0.086394642594996,-0.011930473157879,0.0639017868164501,0.103870652362912,0.237721796030209,"Twin Cays","UTide"
"247","TC5-8B",-0.256088203969791,-0.119248681303925,-0.086394642594996,-0.011930473157879,0.0639017868164501,0.103870652362912,0.237721796030209,"Twin Cays","UTide"
"248","CC10-7",-0.18174,-0.1224,-0.075716,-0.011549,0.056627,0.095288,0.14371,"Cat Cay","OSU"
"249","TC9-6B",-0.256088203969791,-0.119248681303925,-0.086394642594996,-0.011930473157879,0.0639017868164501,0.103870652362912,0.237721796030209,"Twin Cays","UTide"
"250","TC-REU 1-8",-0.256088203969791,-0.119248681303925,-0.086394642594996,-0.011930473157879,0.0639017868164501,0.103870652362912,0.237721796030209,"Twin Cays","UTide"
"251","TC8-26B",-0.256088203969791,-0.119248681303925,-0.086394642594996,-0.011930473157879,0.0639017868164501,0.103870652362912,0.237721796030209,"Twin Cays","UTide"
"252","TC8-14B",-0.256088203969791,-0.119248681303925,-0.086394642594996,-0.011930473157879,0.0639017868164501,0.103870652362912,0.237721796030209,"Twin Cays","UTide"
"253","TC9-19",-0.256088203969791,-0.119248681303925,-0.086394642594996,-0.011930473157879,0.0639017868164501,0.103870652362912,0.237721796030209,"Twin Cays","UTide"
"254","TC-REU 1-32",-0.256088203969791,-0.119248681303925,-0.086394642594996,-0.011930473157879,0.0639017868164501,0.103870652362912,0.237721796030209,"Twin Cays","UTide"
"255","TC5-35B",-0.256088203969791,-0.119248681303925,-0.086394642594996,-0.011930473157879,0.0639017868164501,0.103870652362912,0.237721796030209,"Twin Cays","UTide"
"256","TC3-36B",-0.256088203969791,-0.119248681303925,-0.086394642594996,-0.011930473157879,0.0639017868164501,0.103870652362912,0.237721796030209,"Twin Cays","UTide"
"257","TC5-65B",-0.256088203969791,-0.119248681303925,-0.086394642594996,-0.011930473157879,0.0639017868164501,0.103870652362912,0.237721796030209,"Twin Cays","UTide"
"258","TC8-85B",-0.256088203969791,-0.119248681303925,-0.086394642594996,-0.011930473157879,0.0639017868164501,0.103870652362912,0.237721796030209,"Twin Cays","UTide"
"259","TC-REU 1-64",-0.256088203969791,-0.119248681303925,-0.086394642594996,-0.011930473157879,0.0639017868164501,0.103870652362912,0.237721796030209,"Twin Cays","UTide"
"260","TC3-64B",-0.256088203969791,-0.119248681303925,-0.086394642594996,-0.011930473157879,0.0639017868164501,0.103870652362912,0.237721796030209,"Twin Cays","UTide"
"261","TC-REU 1-82",-0.256088203969791,-0.119248681303925,-0.086394642594996,-0.011930473157879,0.0639017868164501,0.103870652362912,0.237721796030209,"Twin Cays","UTide"
"262","TC5-100B",-0.256088203969791,-0.119248681303925,-0.086394642594996,-0.011930473157879,0.0639017868164501,0.103870652362912,0.237721796030209,"Twin Cays","UTide"
"263","TC3-80B",-0.256088203969791,-0.119248681303925,-0.086394642594996,-0.011930473157879,0.0639017868164501,0.103870652362912,0.237721796030209,"Twin Cays","UTide"
"264","OS-58900",-0.18512,-0.12765,-0.081719,-0.011871,0.060644,0.10124,0.14949,"Spanish Lookout Cay","OSU"
"265","OS-55440",-0.18512,-0.12765,-0.081719,-0.011871,0.060644,0.10124,0.14949,"Spanish Lookout Cay","OSU"
"266","OS-58742",-0.18512,-0.12765,-0.081719,-0.011871,0.060644,0.10124,0.14949,"Spanish Lookout Cay","OSU"
"267","OS-55648",-0.18512,-0.12765,-0.081719,-0.011871,0.060644,0.10124,0.14949,"Spanish Lookout Cay","OSU"
"268","OS-58890",-0.18512,-0.12765,-0.081719,-0.011871,0.060644,0.10124,0.14949,"Spanish Lookout Cay","OSU"
"269","OS-59240",-0.18512,-0.12765,-0.081719,-0.011871,0.060644,0.10124,0.14949,"Spanish Lookout Cay","OSU"
"270","OS-55416",-0.18512,-0.12765,-0.081719,-0.011871,0.060644,0.10124,0.14949,"Spanish Lookout Cay","OSU"
"271","OS-59247",-0.18512,-0.12765,-0.081719,-0.011871,0.060644,0.10124,0.14949,"Spanish Lookout Cay","OSU"
"272","OS-55649",-0.18512,-0.12765,-0.081719,-0.011871,0.060644,0.10124,0.14949,"Spanish Lookout Cay","OSU"
"273","OS-42359",-0.256088203969791,-0.119248681303925,-0.086394642594996,-0.011930473157879,0.0639017868164501,0.103870652362912,0.237721796030209,"Twin Cays","UTide"
"274","OS-54559",-0.256088203969791,-0.119248681303925,-0.086394642594996,-0.011930473157879,0.0639017868164501,0.103870652362912,0.237721796030209,"Twin Cays","UTide"
"275","OS-54558",-0.256088203969791,-0.119248681303925,-0.086394642594996,-0.011930473157879,0.0639017868164501,0.103870652362912,0.237721796030209,"Twin Cays","UTide"
"276","OS-40701",-0.256088203969791,-0.119248681303925,-0.086394642594996,-0.011930473157879,0.0639017868164501,0.103870652362912,0.237721796030209,"Twin Cays","UTide"
"277","OS-40700",-0.256088203969791,-0.119248681303925,-0.086394642594996,-0.011930473157879,0.0639017868164501,0.103870652362912,0.237721796030209,"Twin Cays","UTide"
"278","OS-40699",-0.256088203969791,-0.119248681303925,-0.086394642594996,-0.011930473157879,0.0639017868164501,0.103870652362912,0.237721796030209,"Twin Cays","UTide"
"279","OS-40698",-0.256088203969791,-0.119248681303925,-0.086394642594996,-0.011930473157879,0.0639017868164501,0.103870652362912,0.237721796030209,"Twin Cays","UTide"
"280","OS-40697",-0.256088203969791,-0.119248681303925,-0.086394642594996,-0.011930473157879,0.0639017868164501,0.103870652362912,0.237721796030209,"Twin Cays","UTide"
"281","OS-65273",-0.18317,-0.12673,-0.081908,-0.012033,0.060844,0.099658,0.14656,"Turneffe Atoll","OSU"
"282","OS-65271",-0.18317,-0.12673,-0.081908,-0.012033,0.060844,0.099658,0.14656,"Turneffe Atoll","OSU"
"283","OS-66026",-0.18317,-0.12673,-0.081908,-0.012033,0.060844,0.099658,0.14656,"Turneffe Atoll","OSU"
"284","OS-65272",-0.18317,-0.12673,-0.081908,-0.012033,0.060844,0.099658,0.14656,"Turneffe Atoll","OSU"
"285","GR/19/C1",-0.256088203969791,-0.119248681303925,-0.086394642594996,-0.011930473157879,0.0639017868164501,0.103870652362912,0.237721796030209,"Twin Cays","UTide"
"286","GR/19/C1",-0.256088203969791,-0.119248681303925,-0.086394642594996,-0.011930473157879,0.0639017868164501,0.103870652362912,0.237721796030209,"Twin Cays","UTide"
"287","GR/19/C1",-0.256088203969791,-0.119248681303925,-0.086394642594996,-0.011930473157879,0.0639017868164501,0.103870652362912,0.237721796030209,"Twin Cays","UTide"
"288","GR/19/C1",-0.256088203969791,-0.119248681303925,-0.086394642594996,-0.011930473157879,0.0639017868164501,0.103870652362912,0.237721796030209,"Twin Cays","UTide"
"289","GR/19/C1",-0.256088203969791,-0.119248681303925,-0.086394642594996,-0.011930473157879,0.0639017868164501,0.103870652362912,0.237721796030209,"Twin Cays","UTide"
"290","GR/19/C1",-0.256088203969791,-0.119248681303925,-0.086394642594996,-0.011930473157879,0.0639017868164501,0.103870652362912,0.237721796030209,"Twin Cays","UTide"
"291","GR/19/C1",-0.256088203969791,-0.119248681303925,-0.086394642594996,-0.011930473157879,0.0639017868164501,0.103870652362912,0.237721796030209,"Twin Cays","UTide"
"292","GR/19/C1",-0.256088203969791,-0.119248681303925,-0.086394642594996,-0.011930473157879,0.0639017868164501,0.103870652362912,0.237721796030209,"Twin Cays","UTide"
"293","GR/19/C1",-0.256088203969791,-0.119248681303925,-0.086394642594996,-0.011930473157879,0.0639017868164501,0.103870652362912,0.237721796030209,"Twin Cays","UTide"
"294","GR/19/C1",-0.256088203969791,-0.119248681303925,-0.086394642594996,-0.011930473157879,0.0639017868164501,0.103870652362912,0.237721796030209,"Twin Cays","UTide"
"295","GR/19/C1",-0.256088203969791,-0.119248681303925,-0.086394642594996,-0.011930473157879,0.0639017868164501,0.103870652362912,0.237721796030209,"Twin Cays","UTide"
"296","GR/19/C1",-0.256088203969791,-0.119248681303925,-0.086394642594996,-0.011930473157879,0.0639017868164501,0.103870652362912,0.237721796030209,"Twin Cays","UTide"
"297","GR/19/C1",-0.256088203969791,-0.119248681303925,-0.086394642594996,-0.011930473157879,0.0639017868164501,0.103870652362912,0.237721796030209,"Twin Cays","UTide"
"298","GR/19/C1",-0.256088203969791,-0.119248681303925,-0.086394642594996,-0.011930473157879,0.0639017868164501,0.103870652362912,0.237721796030209,"Twin Cays","UTide"
"299","GR/19/C1",-0.256088203969791,-0.119248681303925,-0.086394642594996,-0.011930473157879,0.0639017868164501,0.103870652362912,0.237721796030209,"Twin Cays","UTide"
"300","GR/19/C1",-0.256088203969791,-0.119248681303925,-0.086394642594996,-0.011930473157879,0.0639017868164501,0.103870652362912,0.237721796030209,"Twin Cays","UTide"
"301","GR/19/C1",-0.256088203969791,-0.119248681303925,-0.086394642594996,-0.011930473157879,0.0639017868164501,0.103870652362912,0.237721796030209,"Twin Cays","UTide"
"302","GR/19/C1",-0.256088203969791,-0.119248681303925,-0.086394642594996,-0.011930473157879,0.0639017868164501,0.103870652362912,0.237721796030209,"Twin Cays","UTide"
"303","GR/19/C1",-0.256088203969791,-0.119248681303925,-0.086394642594996,-0.011930473157879,0.0639017868164501,0.103870652362912,0.237721796030209,"Twin Cays","UTide"
"304","GR/19/C1",-0.256088203969791,-0.119248681303925,-0.086394642594996,-0.011930473157879,0.0639017868164501,0.103870652362912,0.237721796030209,"Twin Cays","UTide"
"305","GR/19/C1",-0.256088203969791,-0.119248681303925,-0.086394642594996,-0.011930473157879,0.0639017868164501,0.103870652362912,0.237721796030209,"Twin Cays","UTide"
"306","GR/19/C1",-0.256088203969791,-0.119248681303925,-0.086394642594996,-0.011930473157879,0.0639017868164501,0.103870652362912,0.237721796030209,"Twin Cays","UTide"
"307","GR/19/C1",-0.256088203969791,-0.119248681303925,-0.086394642594996,-0.011930473157879,0.0639017868164501,0.103870652362912,0.237721796030209,"Twin Cays","UTide"
"308","GR/19/C1",-0.256088203969791,-0.119248681303925,-0.086394642594996,-0.011930473157879,0.0639017868164501,0.103870652362912,0.237721796030209,"Twin Cays","UTide"
"309","GR/19/C1",-0.256088203969791,-0.119248681303925,-0.086394642594996,-0.011930473157879,0.0639017868164501,0.103870652362912,0.237721796030209,"Twin Cays","UTide"
"310","GR/19/C1",-0.256088203969791,-0.119248681303925,-0.086394642594996,-0.011930473157879,0.0639017868164501,0.103870652362912,0.237721796030209,"Twin Cays","UTide"
"311","GR/19/C1",-0.256088203969791,-0.119248681303925,-0.086394642594996,-0.011930473157879,0.0639017868164501,0.103870652362912,0.237721796030209,"Twin Cays","UTide"
"312","GR/19/C1",-0.256088203969791,-0.119248681303925,-0.086394642594996,-0.011930473157879,0.0639017868164501,0.103870652362912,0.237721796030209,"Twin Cays","UTide"
"313","GR/19/C1",-0.256088203969791,-0.119248681303925,-0.086394642594996,-0.011930473157879,0.0639017868164501,0.103870652362912,0.237721796030209,"Twin Cays","UTide"
"314","GR/19/C1",-0.256088203969791,-0.119248681303925,-0.086394642594996,-0.011930473157879,0.0639017868164501,0.103870652362912,0.237721796030209,"Twin Cays","UTide"
"315","GR/19/C1",-0.256088203969791,-0.119248681303925,-0.086394642594996,-0.011930473157879,0.0639017868164501,0.103870652362912,0.237721796030209,"Twin Cays","UTide"
"316","GR/19/C1",-0.256088203969791,-0.119248681303925,-0.086394642594996,-0.011930473157879,0.0639017868164501,0.103870652362912,0.237721796030209,"Twin Cays","UTide"
"317","GR/19/C1",-0.256088203969791,-0.119248681303925,-0.086394642594996,-0.011930473157879,0.0639017868164501,0.103870652362912,0.237721796030209,"Twin Cays","UTide"
"318","GR/19/C1",-0.256088203969791,-0.119248681303925,-0.086394642594996,-0.011930473157879,0.0639017868164501,0.103870652362912,0.237721796030209,"Twin Cays","UTide"
"319","GR/19/C1",-0.256088203969791,-0.119248681303925,-0.086394642594996,-0.011930473157879,0.0639017868164501,0.103870652362912,0.237721796030209,"Twin Cays","UTide"
"320","GR/19/C1",-0.256088203969791,-0.119248681303925,-0.086394642594996,-0.011930473157879,0.0639017868164501,0.103870652362912,0.237721796030209,"Twin Cays","UTide"
"321","GR/19/C1",-0.256088203969791,-0.119248681303925,-0.086394642594996,-0.011930473157879,0.0639017868164501,0.103870652362912,0.237721796030209,"Twin Cays","UTide"
"322","GR/19/C1",-0.256088203969791,-0.119248681303925,-0.086394642594996,-0.011930473157879,0.0639017868164501,0.103870652362912,0.237721796030209,"Twin Cays","UTide"
"323","GR/19/C1",-0.256088203969791,-0.119248681303925,-0.086394642594996,-0.011930473157879,0.0639017868164501,0.103870652362912,0.237721796030209,"Twin Cays","UTide"
"324","GR/19/C1",-0.256088203969791,-0.119248681303925,-0.086394642594996,-0.011930473157879,0.0639017868164501,0.103870652362912,0.237721796030209,"Twin Cays","UTide"
"325","GR/19/C1",-0.256088203969791,-0.119248681303925,-0.086394642594996,-0.011930473157879,0.0639017868164501,0.103870652362912,0.237721796030209,"Twin Cays","UTide"
"326","GR/19/C1",-0.256088203969791,-0.119248681303925,-0.086394642594996,-0.011930473157879,0.0639017868164501,0.103870652362912,0.237721796030209,"Twin Cays","UTide"
"327","GR/19/C1",-0.256088203969791,-0.119248681303925,-0.086394642594996,-0.011930473157879,0.0639017868164501,0.103870652362912,0.237721796030209,"Twin Cays","UTide"
"328","GR/19/C1",-0.256088203969791,-0.119248681303925,-0.086394642594996,-0.011930473157879,0.0639017868164501,0.103870652362912,0.237721796030209,"Twin Cays","UTide"
"329","GR/19/C1",-0.256088203969791,-0.119248681303925,-0.086394642594996,-0.011930473157879,0.0639017868164501,0.103870652362912,0.237721796030209,"Twin Cays","UTide"
"330","GR/19/C1",-0.256088203969791,-0.119248681303925,-0.086394642594996,-0.011930473157879,0.0639017868164501,0.103870652362912,0.237721796030209,"Twin Cays","UTide"
"331","GR/19/C1",-0.256088203969791,-0.119248681303925,-0.086394642594996,-0.011930473157879,0.0639017868164501,0.103870652362912,0.237721796030209,"Twin Cays","UTide"
"332","GR/19/C1",-0.256088203969791,-0.119248681303925,-0.086394642594996,-0.011930473157879,0.0639017868164501,0.103870652362912,0.237721796030209,"Twin Cays","UTide"
"333","GR/19/C1",-0.256088203969791,-0.119248681303925,-0.086394642594996,-0.011930473157879,0.0639017868164501,0.103870652362912,0.237721796030209,"Twin Cays","UTide"
"334","GR/19/C1",-0.256088203969791,-0.119248681303925,-0.086394642594996,-0.011930473157879,0.0639017868164501,0.103870652362912,0.237721796030209,"Twin Cays","UTide"
"335","GR/19/C1",-0.256088203969791,-0.119248681303925,-0.086394642594996,-0.011930473157879,0.0639017868164501,0.103870652362912,0.237721796030209,"Twin Cays","UTide"
"336","GR/19/C1",-0.256088203969791,-0.119248681303925,-0.086394642594996,-0.011930473157879,0.0639017868164501,0.103870652362912,0.237721796030209,"Twin Cays","UTide"
"337","GR/19/C1",-0.256088203969791,-0.119248681303925,-0.086394642594996,-0.011930473157879,0.0639017868164501,0.103870652362912,0.237721796030209,"Twin Cays","UTide"
"338","GR/19/C1",-0.256088203969791,-0.119248681303925,-0.086394642594996,-0.011930473157879,0.0639017868164501,0.103870652362912,0.237721796030209,"Twin Cays","UTide"
"339","GR/19/C1",-0.256088203969791,-0.119248681303925,-0.086394642594996,-0.011930473157879,0.0639017868164501,0.103870652362912,0.237721796030209,"Twin Cays","UTide"
"340","GR/19/C1",-0.256088203969791,-0.119248681303925,-0.086394642594996,-0.011930473157879,0.0639017868164501,0.103870652362912,0.237721796030209,"Twin Cays","UTide"
"341","GR/19/C1",-0.256088203969791,-0.119248681303925,-0.086394642594996,-0.011930473157879,0.0639017868164501,0.103870652362912,0.237721796030209,"Twin Cays","UTide"
"342","GR/19/C1",-0.256088203969791,-0.119248681303925,-0.086394642594996,-0.011930473157879,0.0639017868164501,0.103870652362912,0.237721796030209,"Twin Cays","UTide"
"343","GR/19/C1",-0.256088203969791,-0.119248681303925,-0.086394642594996,-0.011930473157879,0.0639017868164501,0.103870652362912,0.237721796030209,"Twin Cays","UTide"
"344","GR/19/C1",-0.256088203969791,-0.119248681303925,-0.086394642594996,-0.011930473157879,0.0639017868164501,0.103870652362912,0.237721796030209,"Twin Cays","UTide"
"345","GR/19/C1",-0.256088203969791,-0.119248681303925,-0.086394642594996,-0.011930473157879,0.0639017868164501,0.103870652362912,0.237721796030209,"Twin Cays","UTide"
"346","GR/19/C1",-0.256088203969791,-0.119248681303925,-0.086394642594996,-0.011930473157879,0.0639017868164501,0.103870652362912,0.237721796030209,"Twin Cays","UTide"
"347","GR/19/C1",-0.256088203969791,-0.119248681303925,-0.086394642594996,-0.011930473157879,0.0639017868164501,0.103870652362912,0.237721796030209,"Twin Cays","UTide"
"348","GR/19/C1",-0.256088203969791,-0.119248681303925,-0.086394642594996,-0.011930473157879,0.0639017868164501,0.103870652362912,0.237721796030209,"Twin Cays","UTide"
"349","GR/19/C1",-0.256088203969791,-0.119248681303925,-0.086394642594996,-0.011930473157879,0.0639017868164501,0.103870652362912,0.237721796030209,"Twin Cays","UTide"
"350","GR/19/C1",-0.256088203969791,-0.119248681303925,-0.086394642594996,-0.011930473157879,0.0639017868164501,0.103870652362912,0.237721796030209,"Twin Cays","UTide"
"351","GR/19/C1",-0.256088203969791,-0.119248681303925,-0.086394642594996,-0.011930473157879,0.0639017868164501,0.103870652362912,0.237721796030209,"Twin Cays","UTide"
"352","GR/19/C1",-0.256088203969791,-0.119248681303925,-0.086394642594996,-0.011930473157879,0.0639017868164501,0.103870652362912,0.237721796030209,"Twin Cays","UTide"
"353","GR/19/C1",-0.256088203969791,-0.119248681303925,-0.086394642594996,-0.011930473157879,0.0639017868164501,0.103870652362912,0.237721796030209,"Twin Cays","UTide"
"354","GR/19/C1",-0.256088203969791,-0.119248681303925,-0.086394642594996,-0.011930473157879,0.0639017868164501,0.103870652362912,0.237721796030209,"Twin Cays","UTide"
"355","GR/19/C1",-0.256088203969791,-0.119248681303925,-0.086394642594996,-0.011930473157879,0.0639017868164501,0.103870652362912,0.237721796030209,"Twin Cays","UTide"
"356","GR/19/C1",-0.256088203969791,-0.119248681303925,-0.086394642594996,-0.011930473157879,0.0639017868164501,0.103870652362912,0.237721796030209,"Twin Cays","UTide"
"357","GR/19/C1",-0.256088203969791,-0.119248681303925,-0.086394642594996,-0.011930473157879,0.0639017868164501,0.103870652362912,0.237721796030209,"Twin Cays","UTide"
"358","GR/19/C1",-0.256088203969791,-0.119248681303925,-0.086394642594996,-0.011930473157879,0.0639017868164501,0.103870652362912,0.237721796030209,"Twin Cays","UTide"
"359","GR/19/C1",-0.256088203969791,-0.119248681303925,-0.086394642594996,-0.011930473157879,0.0639017868164501,0.103870652362912,0.237721796030209,"Twin Cays","UTide"
"360","GR/19/C1",-0.256088203969791,-0.119248681303925,-0.086394642594996,-0.011930473157879,0.0639017868164501,0.103870652362912,0.237721796030209,"Twin Cays","UTide"
"361","GR/19/C1",-0.256088203969791,-0.119248681303925,-0.086394642594996,-0.011930473157879,0.0639017868164501,0.103870652362912,0.237721796030209,"Twin Cays","UTide"
"362","GR/19/C1",-0.256088203969791,-0.119248681303925,-0.086394642594996,-0.011930473157879,0.0639017868164501,0.103870652362912,0.237721796030209,"Twin Cays","UTide"
"363","GR/19/C1",-0.256088203969791,-0.119248681303925,-0.086394642594996,-0.011930473157879,0.0639017868164501,0.103870652362912,0.237721796030209,"Twin Cays","UTide"
"364","GR/19/C1",-0.256088203969791,-0.119248681303925,-0.086394642594996,-0.011930473157879,0.0639017868164501,0.103870652362912,0.237721796030209,"Twin Cays","UTide"
"365","GR/19/C1",-0.256088203969791,-0.119248681303925,-0.086394642594996,-0.011930473157879,0.0639017868164501,0.103870652362912,0.237721796030209,"Twin Cays","UTide"
"366","GR/19/C1",-0.256088203969791,-0.119248681303925,-0.086394642594996,-0.011930473157879,0.0639017868164501,0.103870652362912,0.237721796030209,"Twin Cays","UTide"
"367","GR/19/C1",-0.256088203969791,-0.119248681303925,-0.086394642594996,-0.011930473157879,0.0639017868164501,0.103870652362912,0.237721796030209,"Twin Cays","UTide"
"368","GR/19/C1",-0.256088203969791,-0.119248681303925,-0.086394642594996,-0.011930473157879,0.0639017868164501,0.103870652362912,0.237721796030209,"Twin Cays","UTide"
"369","GR/19/C1",-0.256088203969791,-0.119248681303925,-0.086394642594996,-0.011930473157879,0.0639017868164501,0.103870652362912,0.237721796030209,"Twin Cays","UTide"
"370","GR/19/C1",-0.256088203969791,-0.119248681303925,-0.086394642594996,-0.011930473157879,0.0639017868164501,0.103870652362912,0.237721796030209,"Twin Cays","UTide"
"371","GR/19/C1",-0.256088203969791,-0.119248681303925,-0.086394642594996,-0.011930473157879,0.0639017868164501,0.103870652362912,0.237721796030209,"Twin Cays","UTide"
"372","GR/19/C1",-0.256088203969791,-0.119248681303925,-0.086394642594996,-0.011930473157879,0.0639017868164501,0.103870652362912,0.237721796030209,"Twin Cays","UTide"
"373","GR/19/C1",-0.256088203969791,-0.119248681303925,-0.086394642594996,-0.011930473157879,0.0639017868164501,0.103870652362912,0.237721796030209,"Twin Cays","UTide"
"374","GR/19/C1",-0.256088203969791,-0.119248681303925,-0.086394642594996,-0.011930473157879,0.0639017868164501,0.103870652362912,0.237721796030209,"Twin Cays","UTide"
"375","GR/19/C1",-0.256088203969791,-0.119248681303925,-0.086394642594996,-0.011930473157879,0.0639017868164501,0.103870652362912,0.237721796030209,"Twin Cays","UTide"
"376","GR/19/C1",-0.256088203969791,-0.119248681303925,-0.086394642594996,-0.011930473157879,0.0639017868164501,0.103870652362912,0.237721796030209,"Twin Cays","UTide"
"377","GR/19/C1",-0.256088203969791,-0.119248681303925,-0.086394642594996,-0.011930473157879,0.0639017868164501,0.103870652362912,0.237721796030209,"Twin Cays","UTide"
"378","GR/19/C1",-0.256088203969791,-0.119248681303925,-0.086394642594996,-0.011930473157879,0.0639017868164501,0.103870652362912,0.237721796030209,"Twin Cays","UTide"
"379","GR/19/C1",-0.256088203969791,-0.119248681303925,-0.086394642594996,-0.011930473157879,0.0639017868164501,0.103870652362912,0.237721796030209,"Twin Cays","UTide"
"380","GR/19/C1",-0.256088203969791,-0.119248681303925,-0.086394642594996,-0.011930473157879,0.0639017868164501,0.103870652362912,0.237721796030209,"Twin Cays","UTide"
"381","GR/19/C1",-0.256088203969791,-0.119248681303925,-0.086394642594996,-0.011930473157879,0.0639017868164501,0.103870652362912,0.237721796030209,"Twin Cays","UTide"
"382","GR/19/C1",-0.256088203969791,-0.119248681303925,-0.086394642594996,-0.011930473157879,0.0639017868164501,0.103870652362912,0.237721796030209,"Twin Cays","UTide"
"383","GR/19/C1",-0.256088203969791,-0.119248681303925,-0.086394642594996,-0.011930473157879,0.0639017868164501,0.103870652362912,0.237721796030209,"Twin Cays","UTide"
"384","GR/19/C1",-0.256088203969791,-0.119248681303925,-0.086394642594996,-0.011930473157879,0.0639017868164501,0.103870652362912,0.237721796030209,"Twin Cays","UTide"
"385","GR/19/C1",-0.256088203969791,-0.119248681303925,-0.086394642594996,-0.011930473157879,0.0639017868164501,0.103870652362912,0.237721796030209,"Twin Cays","UTide"
"386","GR/19/C1",-0.256088203969791,-0.119248681303925,-0.086394642594996,-0.011930473157879,0.0639017868164501,0.103870652362912,0.237721796030209,"Twin Cays","UTide"
"387","GR/19/C1",-0.256088203969791,-0.119248681303925,-0.086394642594996,-0.011930473157879,0.0639017868164501,0.103870652362912,0.237721796030209,"Twin Cays","UTide"
"388","GR/19/C1",-0.256088203969791,-0.119248681303925,-0.086394642594996,-0.011930473157879,0.0639017868164501,0.103870652362912,0.237721796030209,"Twin Cays","UTide"
"389","GR/19/C1",-0.256088203969791,-0.119248681303925,-0.086394642594996,-0.011930473157879,0.0639017868164501,0.103870652362912,0.237721796030209,"Twin Cays","UTide"
"390","GR/19/C1",-0.256088203969791,-0.119248681303925,-0.086394642594996,-0.011930473157879,0.0639017868164501,0.103870652362912,0.237721796030209,"Twin Cays","UTide"
"391","GR/19/C1",-0.256088203969791,-0.119248681303925,-0.086394642594996,-0.011930473157879,0.0639017868164501,0.103870652362912,0.237721796030209,"Twin Cays","UTide"
"392","GR/19/C1",-0.256088203969791,-0.119248681303925,-0.086394642594996,-0.011930473157879,0.0639017868164501,0.103870652362912,0.237721796030209,"Twin Cays","UTide"
"393","GR/19/C1",-0.256088203969791,-0.119248681303925,-0.086394642594996,-0.011930473157879,0.0639017868164501,0.103870652362912,0.237721796030209,"Twin Cays","UTide"
"394","GR/19/C1",-0.256088203969791,-0.119248681303925,-0.086394642594996,-0.011930473157879,0.0639017868164501,0.103870652362912,0.237721796030209,"Twin Cays","UTide"
"395","GR/19/C1",-0.256088203969791,-0.119248681303925,-0.086394642594996,-0.011930473157879,0.0639017868164501,0.103870652362912,0.237721796030209,"Twin Cays","UTide"
"396","GR/19/C1",-0.256088203969791,-0.119248681303925,-0.086394642594996,-0.011930473157879,0.0639017868164501,0.103870652362912,0.237721796030209,"Twin Cays","UTide"
"397","GR/19/C1",-0.256088203969791,-0.119248681303925,-0.086394642594996,-0.011930473157879,0.0639017868164501,0.103870652362912,0.237721796030209,"Twin Cays","UTide"
"398","GR/19/C1",-0.256088203969791,-0.119248681303925,-0.086394642594996,-0.011930473157879,0.0639017868164501,0.103870652362912,0.237721796030209,"Twin Cays","UTide"
"399","GR/19/C1",-0.256088203969791,-0.119248681303925,-0.086394642594996,-0.011930473157879,0.0639017868164501,0.103870652362912,0.237721796030209,"Twin Cays","UTide"
"400","GR/19/C1",-0.256088203969791,-0.119248681303925,-0.086394642594996,-0.011930473157879,0.0639017868164501,0.103870652362912,0.237721796030209,"Twin Cays","UTide"
"401","GR/19/C1",-0.256088203969791,-0.119248681303925,-0.086394642594996,-0.011930473157879,0.0639017868164501,0.103870652362912,0.237721796030209,"Twin Cays","UTide"
"402","GR/19/C1",-0.256088203969791,-0.119248681303925,-0.086394642594996,-0.011930473157879,0.0639017868164501,0.103870652362912,0.237721796030209,"Twin Cays","UTide"
"403","GR/19/C1",-0.256088203969791,-0.119248681303925,-0.086394642594996,-0.011930473157879,0.0639017868164501,0.103870652362912,0.237721796030209,"Twin Cays","UTide"
"404","GR/19/C1",-0.256088203969791,-0.119248681303925,-0.086394642594996,-0.011930473157879,0.0639017868164501,0.103870652362912,0.237721796030209,"Twin Cays","UTide"
"405","GR/19/C1",-0.256088203969791,-0.119248681303925,-0.086394642594996,-0.011930473157879,0.0639017868164501,0.103870652362912,0.237721796030209,"Twin Cays","UTide"
"406","GR/19/C1",-0.256088203969791,-0.119248681303925,-0.086394642594996,-0.011930473157879,0.0639017868164501,0.103870652362912,0.237721796030209,"Twin Cays","UTide"
"407","GR/19/C1",-0.256088203969791,-0.119248681303925,-0.086394642594996,-0.011930473157879,0.0639017868164501,0.103870652362912,0.237721796030209,"Twin Cays","UTide"
"408","GR/19/C1",-0.256088203969791,-0.119248681303925,-0.086394642594996,-0.011930473157879,0.0639017868164501,0.103870652362912,0.237721796030209,"Twin Cays","UTide"
"409","GR/19/C1",-0.256088203969791,-0.119248681303925,-0.086394642594996,-0.011930473157879,0.0639017868164501,0.103870652362912,0.237721796030209,"Twin Cays","UTide"
"410","GR/19/C1",-0.256088203969791,-0.119248681303925,-0.086394642594996,-0.011930473157879,0.0639017868164501,0.103870652362912,0.237721796030209,"Twin Cays","UTide"
"411","GR/19/C1",-0.256088203969791,-0.119248681303925,-0.086394642594996,-0.011930473157879,0.0639017868164501,0.103870652362912,0.237721796030209,"Twin Cays","UTide"
"412","GR/19/C1",-0.256088203969791,-0.119248681303925,-0.086394642594996,-0.011930473157879,0.0639017868164501,0.103870652362912,0.237721796030209,"Twin Cays","UTide"
"413","GR/19/C1",-0.256088203969791,-0.119248681303925,-0.086394642594996,-0.011930473157879,0.0639017868164501,0.103870652362912,0.237721796030209,"Twin Cays","UTide"
"414","GR/19/C1",-0.256088203969791,-0.119248681303925,-0.086394642594996,-0.011930473157879,0.0639017868164501,0.103870652362912,0.237721796030209,"Twin Cays","UTide"
"415","GR/19/C1",-0.256088203969791,-0.119248681303925,-0.086394642594996,-0.011930473157879,0.0639017868164501,0.103870652362912,0.237721796030209,"Twin Cays","UTide"
"416","GR/19/C1",-0.256088203969791,-0.119248681303925,-0.086394642594996,-0.011930473157879,0.0639017868164501,0.103870652362912,0.237721796030209,"Twin Cays","UTide"
"417","GR/19/C1",-0.256088203969791,-0.119248681303925,-0.086394642594996,-0.011930473157879,0.0639017868164501,0.103870652362912,0.237721796030209,"Twin Cays","UTide"
"418","GR/19/C1",-0.256088203969791,-0.119248681303925,-0.086394642594996,-0.011930473157879,0.0639017868164501,0.103870652362912,0.237721796030209,"Twin Cays","UTide"
"419","GR/19/C1",-0.256088203969791,-0.119248681303925,-0.086394642594996,-0.011930473157879,0.0639017868164501,0.103870652362912,0.237721796030209,"Twin Cays","UTide"
"420","GR/19/C1",-0.256088203969791,-0.119248681303925,-0.086394642594996,-0.011930473157879,0.0639017868164501,0.103870652362912,0.237721796030209,"Twin Cays","UTide"
"421","GR/19/C1",-0.256088203969791,-0.119248681303925,-0.086394642594996,-0.011930473157879,0.0639017868164501,0.103870652362912,0.237721796030209,"Twin Cays","UTide"
"422","GR/19/C1",-0.256088203969791,-0.119248681303925,-0.086394642594996,-0.011930473157879,0.0639017868164501,0.103870652362912,0.237721796030209,"Twin Cays","UTide"
"423","GR/19/C1",-0.256088203969791,-0.119248681303925,-0.086394642594996,-0.011930473157879,0.0639017868164501,0.103870652362912,0.237721796030209,"Twin Cays","UTide"
"424","GR/19/C1",-0.256088203969791,-0.119248681303925,-0.086394642594996,-0.011930473157879,0.0639017868164501,0.103870652362912,0.237721796030209,"Twin Cays","UTide"
"425","GR/19/C1",-0.256088203969791,-0.119248681303925,-0.086394642594996,-0.011930473157879,0.0639017868164501,0.103870652362912,0.237721796030209,"Twin Cays","UTide"
"426","GR/19/C1",-0.256088203969791,-0.119248681303925,-0.086394642594996,-0.011930473157879,0.0639017868164501,0.103870652362912,0.237721796030209,"Twin Cays","UTide"
"427","GR/19/C1",-0.256088203969791,-0.119248681303925,-0.086394642594996,-0.011930473157879,0.0639017868164501,0.103870652362912,0.237721796030209,"Twin Cays","UTide"
"428","GR/19/C1",-0.256088203969791,-0.119248681303925,-0.086394642594996,-0.011930473157879,0.0639017868164501,0.103870652362912,0.237721796030209,"Twin Cays","UTide"
"429","GR/19/C1",-0.256088203969791,-0.119248681303925,-0.086394642594996,-0.011930473157879,0.0639017868164501,0.103870652362912,0.237721796030209,"Twin Cays","UTide"
"430","GR/19/C1",-0.256088203969791,-0.119248681303925,-0.086394642594996,-0.011930473157879,0.0639017868164501,0.103870652362912,0.237721796030209,"Twin Cays","UTide"
"431","GR/19/C1",-0.256088203969791,-0.119248681303925,-0.086394642594996,-0.011930473157879,0.0639017868164501,0.103870652362912,0.237721796030209,"Twin Cays","UTide"
"432","GR/19/C1",-0.256088203969791,-0.119248681303925,-0.086394642594996,-0.011930473157879,0.0639017868164501,0.103870652362912,0.237721796030209,"Twin Cays","UTide"
"433","GR/19/C1",-0.256088203969791,-0.119248681303925,-0.086394642594996,-0.011930473157879,0.0639017868164501,0.103870652362912,0.237721796030209,"Twin Cays","UTide"
"434","GR/19/C1",-0.256088203969791,-0.119248681303925,-0.086394642594996,-0.011930473157879,0.0639017868164501,0.103870652362912,0.237721796030209,"Twin Cays","UTide"
"435","GR/19/C1",-0.256088203969791,-0.119248681303925,-0.086394642594996,-0.011930473157879,0.0639017868164501,0.103870652362912,0.237721796030209,"Twin Cays","UTide"
"436","GR/19/C1",-0.256088203969791,-0.119248681303925,-0.086394642594996,-0.011930473157879,0.0639017868164501,0.103870652362912,0.237721796030209,"Twin Cays","UTide"
"437","GR/19/C1",-0.256088203969791,-0.119248681303925,-0.086394642594996,-0.011930473157879,0.0639017868164501,0.103870652362912,0.237721796030209,"Twin Cays","UTide"
"438","GR/19/C1",-0.256088203969791,-0.119248681303925,-0.086394642594996,-0.011930473157879,0.0639017868164501,0.103870652362912,0.237721796030209,"Twin Cays","UTide"
"439","GR/19/C1",-0.256088203969791,-0.119248681303925,-0.086394642594996,-0.011930473157879,0.0639017868164501,0.103870652362912,0.237721796030209,"Twin Cays","UTide"
"440","GR/19/C1",-0.256088203969791,-0.119248681303925,-0.086394642594996,-0.011930473157879,0.0639017868164501,0.103870652362912,0.237721796030209,"Twin Cays","UTide"
"441","GR/19/C1",-0.256088203969791,-0.119248681303925,-0.086394642594996,-0.011930473157879,0.0639017868164501,0.103870652362912,0.237721796030209,"Twin Cays","UTide"
"442","GR/19/C1",-0.256088203969791,-0.119248681303925,-0.086394642594996,-0.011930473157879,0.0639017868164501,0.103870652362912,0.237721796030209,"Twin Cays","UTide"
"443","GR/19/C1",-0.256088203969791,-0.119248681303925,-0.086394642594996,-0.011930473157879,0.0639017868164501,0.103870652362912,0.237721796030209,"Twin Cays","UTide"
"444","GR/19/C1",-0.256088203969791,-0.119248681303925,-0.086394642594996,-0.011930473157879,0.0639017868164501,0.103870652362912,0.237721796030209,"Twin Cays","UTide"
"445","GR/19/C1",-0.256088203969791,-0.119248681303925,-0.086394642594996,-0.011930473157879,0.0639017868164501,0.103870652362912,0.237721796030209,"Twin Cays","UTide"
"446","GR/19/C1",-0.256088203969791,-0.119248681303925,-0.086394642594996,-0.011930473157879,0.0639017868164501,0.103870652362912,0.237721796030209,"Twin Cays","UTide"
"447","GR/19/C1",-0.256088203969791,-0.119248681303925,-0.086394642594996,-0.011930473157879,0.0639017868164501,0.103870652362912,0.237721796030209,"Twin Cays","UTide"
"448","GR/19/C1",-0.256088203969791,-0.119248681303925,-0.086394642594996,-0.011930473157879,0.0639017868164501,0.103870652362912,0.237721796030209,"Twin Cays","UTide"
"449","GR/19/C1",-0.256088203969791,-0.119248681303925,-0.086394642594996,-0.011930473157879,0.0639017868164501,0.103870652362912,0.237721796030209,"Twin Cays","UTide"
"450","GR/19/C1",-0.256088203969791,-0.119248681303925,-0.086394642594996,-0.011930473157879,0.0639017868164501,0.103870652362912,0.237721796030209,"Twin Cays","UTide"
"451","GR/19/C1",-0.256088203969791,-0.119248681303925,-0.086394642594996,-0.011930473157879,0.0639017868164501,0.103870652362912,0.237721796030209,"Twin Cays","UTide"
"452","GR/19/C1",-0.256088203969791,-0.119248681303925,-0.086394642594996,-0.011930473157879,0.0639017868164501,0.103870652362912,0.237721796030209,"Twin Cays","UTide"
"453","GR/19/C1",-0.256088203969791,-0.119248681303925,-0.086394642594996,-0.011930473157879,0.0639017868164501,0.103870652362912,0.237721796030209,"Twin Cays","UTide"
"454","GR/19/C1",-0.256088203969791,-0.119248681303925,-0.086394642594996,-0.011930473157879,0.0639017868164501,0.103870652362912,0.237721796030209,"Twin Cays","UTide"
"455","GR/19/C1",-0.256088203969791,-0.119248681303925,-0.086394642594996,-0.011930473157879,0.0639017868164501,0.103870652362912,0.237721796030209,"Twin Cays","UTide"
"456","GR/19/C1",-0.256088203969791,-0.119248681303925,-0.086394642594996,-0.011930473157879,0.0639017868164501,0.103870652362912,0.237721796030209,"Twin Cays","UTide"
"457","GR/19/C1",-0.256088203969791,-0.119248681303925,-0.086394642594996,-0.011930473157879,0.0639017868164501,0.103870652362912,0.237721796030209,"Twin Cays","UTide"
"458","GR/19/C1",-0.256088203969791,-0.119248681303925,-0.086394642594996,-0.011930473157879,0.0639017868164501,0.103870652362912,0.237721796030209,"Twin Cays","UTide"
"459","GR/19/C1",-0.256088203969791,-0.119248681303925,-0.086394642594996,-0.011930473157879,0.0639017868164501,0.103870652362912,0.237721796030209,"Twin Cays","UTide"
"460","GR/19/C1",-0.256088203969791,-0.119248681303925,-0.086394642594996,-0.011930473157879,0.0639017868164501,0.103870652362912,0.237721796030209,"Twin Cays","UTide"
"461","GR/19/C1",-0.256088203969791,-0.119248681303925,-0.086394642594996,-0.011930473157879,0.0639017868164501,0.103870652362912,0.237721796030209,"Twin Cays","UTide"
"462","GR/19/C1",-0.256088203969791,-0.119248681303925,-0.086394642594996,-0.011930473157879,0.0639017868164501,0.103870652362912,0.237721796030209,"Twin Cays","UTide"
"463","GR/19/C1",-0.256088203969791,-0.119248681303925,-0.086394642594996,-0.011930473157879,0.0639017868164501,0.103870652362912,0.237721796030209,"Twin Cays","UTide"
"464","GR/19/C1",-0.256088203969791,-0.119248681303925,-0.086394642594996,-0.011930473157879,0.0639017868164501,0.103870652362912,0.237721796030209,"Twin Cays","UTide"
"465","GR/19/C1",-0.256088203969791,-0.119248681303925,-0.086394642594996,-0.011930473157879,0.0639017868164501,0.103870652362912,0.237721796030209,"Twin Cays","UTide"
"466","GR/19/C1",-0.256088203969791,-0.119248681303925,-0.086394642594996,-0.011930473157879,0.0639017868164501,0.103870652362912,0.237721796030209,"Twin Cays","UTide"
"467","GR/19/C1",-0.256088203969791,-0.119248681303925,-0.086394642594996,-0.011930473157879,0.0639017868164501,0.103870652362912,0.237721796030209,"Twin Cays","UTide"
"468","GR/19/C1",-0.256088203969791,-0.119248681303925,-0.086394642594996,-0.011930473157879,0.0639017868164501,0.103870652362912,0.237721796030209,"Twin Cays","UTide"
"469","GR/19/C1",-0.256088203969791,-0.119248681303925,-0.086394642594996,-0.011930473157879,0.0639017868164501,0.103870652362912,0.237721796030209,"Twin Cays","UTide"
"470","GR/19/C1",-0.256088203969791,-0.119248681303925,-0.086394642594996,-0.011930473157879,0.0639017868164501,0.103870652362912,0.237721796030209,"Twin Cays","UTide"
"471","GR/19/C1",-0.256088203969791,-0.119248681303925,-0.086394642594996,-0.011930473157879,0.0639017868164501,0.103870652362912,0.237721796030209,"Twin Cays","UTide"
"472","GR/19/C1",-0.256088203969791,-0.119248681303925,-0.086394642594996,-0.011930473157879,0.0639017868164501,0.103870652362912,0.237721796030209,"Twin Cays","UTide"
"473","GR/19/C1",-0.256088203969791,-0.119248681303925,-0.086394642594996,-0.011930473157879,0.0639017868164501,0.103870652362912,0.237721796030209,"Twin Cays","UTide"
"474","GR/19/C1",-0.256088203969791,-0.119248681303925,-0.086394642594996,-0.011930473157879,0.0639017868164501,0.103870652362912,0.237721796030209,"Twin Cays","UTide"
"475","GR/19/C1",-0.256088203969791,-0.119248681303925,-0.086394642594996,-0.011930473157879,0.0639017868164501,0.103870652362912,0.237721796030209,"Twin Cays","UTide"
"476","GR/19/C1",-0.256088203969791,-0.119248681303925,-0.086394642594996,-0.011930473157879,0.0639017868164501,0.103870652362912,0.237721796030209,"Twin Cays","UTide"
"477","GR/19/C1",-0.256088203969791,-0.119248681303925,-0.086394642594996,-0.011930473157879,0.0639017868164501,0.103870652362912,0.237721796030209,"Twin Cays","UTide"
"478","GR/19/C1",-0.256088203969791,-0.119248681303925,-0.086394642594996,-0.011930473157879,0.0639017868164501,0.103870652362912,0.237721796030209,"Twin Cays","UTide"
"479","GR/19/C1",-0.256088203969791,-0.119248681303925,-0.086394642594996,-0.011930473157879,0.0639017868164501,0.103870652362912,0.237721796030209,"Twin Cays","UTide"
"480","GR/19/C1",-0.256088203969791,-0.119248681303925,-0.086394642594996,-0.011930473157879,0.0639017868164501,0.103870652362912,0.237721796030209,"Twin Cays","UTide"
"481","GR/19/C1",-0.256088203969791,-0.119248681303925,-0.086394642594996,-0.011930473157879,0.0639017868164501,0.103870652362912,0.237721796030209,"Twin Cays","UTide"
"482","GR/19/C1",-0.256088203969791,-0.119248681303925,-0.086394642594996,-0.011930473157879,0.0639017868164501,0.103870652362912,0.237721796030209,"Twin Cays","UTide"
"483","GR/19/C1",-0.256088203969791,-0.119248681303925,-0.086394642594996,-0.011930473157879,0.0639017868164501,0.103870652362912,0.237721796030209,"Twin Cays","UTide"
"484","GR/19/C1",-0.256088203969791,-0.119248681303925,-0.086394642594996,-0.011930473157879,0.0639017868164501,0.103870652362912,0.237721796030209,"Twin Cays","UTide"
"485","GR/19/C1",-0.256088203969791,-0.119248681303925,-0.086394642594996,-0.011930473157879,0.0639017868164501,0.103870652362912,0.237721796030209,"Twin Cays","UTide"
"486","GR/19/C1",-0.256088203969791,-0.119248681303925,-0.086394642594996,-0.011930473157879,0.0639017868164501,0.103870652362912,0.237721796030209,"Twin Cays","UTide"
"487","GR/19/C1",-0.256088203969791,-0.119248681303925,-0.086394642594996,-0.011930473157879,0.0639017868164501,0.103870652362912,0.237721796030209,"Twin Cays","UTide"
"488","GR/19/C1",-0.256088203969791,-0.119248681303925,-0.086394642594996,-0.011930473157879,0.0639017868164501,0.103870652362912,0.237721796030209,"Twin Cays","UTide"
"489","GR/19/C1",-0.256088203969791,-0.119248681303925,-0.086394642594996,-0.011930473157879,0.0639017868164501,0.103870652362912,0.237721796030209,"Twin Cays","UTide"
"490","GR/19/C1",-0.256088203969791,-0.119248681303925,-0.086394642594996,-0.011930473157879,0.0639017868164501,0.103870652362912,0.237721796030209,"Twin Cays","UTide"
"491","GR/19/C1",-0.256088203969791,-0.119248681303925,-0.086394642594996,-0.011930473157879,0.0639017868164501,0.103870652362912,0.237721796030209,"Twin Cays","UTide"
"492","GR/19/C1",-0.256088203969791,-0.119248681303925,-0.086394642594996,-0.011930473157879,0.0639017868164501,0.103870652362912,0.237721796030209,"Twin Cays","UTide"
"493","GR/19/C1",-0.256088203969791,-0.119248681303925,-0.086394642594996,-0.011930473157879,0.0639017868164501,0.103870652362912,0.237721796030209,"Twin Cays","UTide"
"494","GR/19/C1",-0.256088203969791,-0.119248681303925,-0.086394642594996,-0.011930473157879,0.0639017868164501,0.103870652362912,0.237721796030209,"Twin Cays","UTide"
"495","GR/19/C1",-0.256088203969791,-0.119248681303925,-0.086394642594996,-0.011930473157879,0.0639017868164501,0.103870652362912,0.237721796030209,"Twin Cays","UTide"
"496","GR/19/C1",-0.256088203969791,-0.119248681303925,-0.086394642594996,-0.011930473157879,0.0639017868164501,0.103870652362912,0.237721796030209,"Twin Cays","UTide"
"497","GR/19/C1",-0.256088203969791,-0.119248681303925,-0.086394642594996,-0.011930473157879,0.0639017868164501,0.103870652362912,0.237721796030209,"Twin Cays","UTide"
"498","GR/19/C1",-0.256088203969791,-0.119248681303925,-0.086394642594996,-0.011930473157879,0.0639017868164501,0.103870652362912,0.237721796030209,"Twin Cays","UTide"
"499","GR/19/C1",-0.256088203969791,-0.119248681303925,-0.086394642594996,-0.011930473157879,0.0639017868164501,0.103870652362912,0.237721796030209,"Twin Cays","UTide"
"500","GR/19/C1",-0.256088203969791,-0.119248681303925,-0.086394642594996,-0.011930473157879,0.0639017868164501,0.103870652362912,0.237721796030209,"Twin Cays","UTide"
"501","GR/19/C1",-0.256088203969791,-0.119248681303925,-0.086394642594996,-0.011930473157879,0.0639017868164501,0.103870652362912,0.237721796030209,"Twin Cays","UTide"
"502","GR/19/C1",-0.256088203969791,-0.119248681303925,-0.086394642594996,-0.011930473157879,0.0639017868164501,0.103870652362912,0.237721796030209,"Twin Cays","UTide"
"503","GR/19/C1",-0.256088203969791,-0.119248681303925,-0.086394642594996,-0.011930473157879,0.0639017868164501,0.103870652362912,0.237721796030209,"Twin Cays","UTide"
"504","GR/19/C1",-0.256088203969791,-0.119248681303925,-0.086394642594996,-0.011930473157879,0.0639017868164501,0.103870652362912,0.237721796030209,"Twin Cays","UTide"
"505","GR/19/C1",-0.256088203969791,-0.119248681303925,-0.086394642594996,-0.011930473157879,0.0639017868164501,0.103870652362912,0.237721796030209,"Twin Cays","UTide"
"506","GR/19/C1",-0.256088203969791,-0.119248681303925,-0.086394642594996,-0.011930473157879,0.0639017868164501,0.103870652362912,0.237721796030209,"Twin Cays","UTide"
"507","GR/19/C1",-0.256088203969791,-0.119248681303925,-0.086394642594996,-0.011930473157879,0.0639017868164501,0.103870652362912,0.237721796030209,"Twin Cays","UTide"
"508","GR/19/C1",-0.256088203969791,-0.119248681303925,-0.086394642594996,-0.011930473157879,0.0639017868164501,0.103870652362912,0.237721796030209,"Twin Cays","UTide"
"509","GR/19/C1",-0.256088203969791,-0.119248681303925,-0.086394642594996,-0.011930473157879,0.0639017868164501,0.103870652362912,0.237721796030209,"Twin Cays","UTide"
"510","GR/19/C1",-0.256088203969791,-0.119248681303925,-0.086394642594996,-0.011930473157879,0.0639017868164501,0.103870652362912,0.237721796030209,"Twin Cays","UTide"
"511","GR/19/C1",-0.256088203969791,-0.119248681303925,-0.086394642594996,-0.011930473157879,0.0639017868164501,0.103870652362912,0.237721796030209,"Twin Cays","UTide"
"512","GR/19/C1",-0.256088203969791,-0.119248681303925,-0.086394642594996,-0.011930473157879,0.0639017868164501,0.103870652362912,0.237721796030209,"Twin Cays","UTide"
"513","GR/19/C1",-0.256088203969791,-0.119248681303925,-0.086394642594996,-0.011930473157879,0.0639017868164501,0.103870652362912,0.237721796030209,"Twin Cays","UTide"
"514","GR/19/C1",-0.256088203969791,-0.119248681303925,-0.086394642594996,-0.011930473157879,0.0639017868164501,0.103870652362912,0.237721796030209,"Twin Cays","UTide"
"515","GR/19/C1",-0.256088203969791,-0.119248681303925,-0.086394642594996,-0.011930473157879,0.0639017868164501,0.103870652362912,0.237721796030209,"Twin Cays","UTide"
"516","GR/19/C1",-0.256088203969791,-0.119248681303925,-0.086394642594996,-0.011930473157879,0.0639017868164501,0.103870652362912,0.237721796030209,"Twin Cays","UTide"
"517","GR/19/C1",-0.256088203969791,-0.119248681303925,-0.086394642594996,-0.011930473157879,0.0639017868164501,0.103870652362912,0.237721796030209,"Twin Cays","UTide"
"518","GR/19/C1",-0.256088203969791,-0.119248681303925,-0.086394642594996,-0.011930473157879,0.0639017868164501,0.103870652362912,0.237721796030209,"Twin Cays","UTide"
"519","GR/19/C1",-0.256088203969791,-0.119248681303925,-0.086394642594996,-0.011930473157879,0.0639017868164501,0.103870652362912,0.237721796030209,"Twin Cays","UTide"
"520","GR/19/C1",-0.256088203969791,-0.119248681303925,-0.086394642594996,-0.011930473157879,0.0639017868164501,0.103870652362912,0.237721796030209,"Twin Cays","UTide"
"521","GR/19/C1",-0.256088203969791,-0.119248681303925,-0.086394642594996,-0.011930473157879,0.0639017868164501,0.103870652362912,0.237721796030209,"Twin Cays","UTide"
"522","GR/19/C1",-0.256088203969791,-0.119248681303925,-0.086394642594996,-0.011930473157879,0.0639017868164501,0.103870652362912,0.237721796030209,"Twin Cays","UTide"
"523","GR/19/C1",-0.256088203969791,-0.119248681303925,-0.086394642594996,-0.011930473157879,0.0639017868164501,0.103870652362912,0.237721796030209,"Twin Cays","UTide"
"524","GR/19/C1",-0.256088203969791,-0.119248681303925,-0.086394642594996,-0.011930473157879,0.0639017868164501,0.103870652362912,0.237721796030209,"Twin Cays","UTide"
"525","GR/19/C1",-0.256088203969791,-0.119248681303925,-0.086394642594996,-0.011930473157879,0.0639017868164501,0.103870652362912,0.237721796030209,"Twin Cays","UTide"
"526","GR/19/C1",-0.256088203969791,-0.119248681303925,-0.086394642594996,-0.011930473157879,0.0639017868164501,0.103870652362912,0.237721796030209,"Twin Cays","UTide"
"527","GR/19/C1",-0.256088203969791,-0.119248681303925,-0.086394642594996,-0.011930473157879,0.0639017868164501,0.103870652362912,0.237721796030209,"Twin Cays","UTide"
"528","GR/19/C1",-0.256088203969791,-0.119248681303925,-0.086394642594996,-0.011930473157879,0.0639017868164501,0.103870652362912,0.237721796030209,"Twin Cays","UTide"
"529","GR/19/C1",-0.256088203969791,-0.119248681303925,-0.086394642594996,-0.011930473157879,0.0639017868164501,0.103870652362912,0.237721796030209,"Twin Cays","UTide"
"530","GR/19/C1",-0.256088203969791,-0.119248681303925,-0.086394642594996,-0.011930473157879,0.0639017868164501,0.103870652362912,0.237721796030209,"Twin Cays","UTide"
"531","GR/19/C1",-0.256088203969791,-0.119248681303925,-0.086394642594996,-0.011930473157879,0.0639017868164501,0.103870652362912,0.237721796030209,"Twin Cays","UTide"
"532","GR/19/C1",-0.256088203969791,-0.119248681303925,-0.086394642594996,-0.011930473157879,0.0639017868164501,0.103870652362912,0.237721796030209,"Twin Cays","UTide"
"533","GR/19/C1",-0.256088203969791,-0.119248681303925,-0.086394642594996,-0.011930473157879,0.0639017868164501,0.103870652362912,0.237721796030209,"Twin Cays","UTide"
"534","GR/19/C1",-0.256088203969791,-0.119248681303925,-0.086394642594996,-0.011930473157879,0.0639017868164501,0.103870652362912,0.237721796030209,"Twin Cays","UTide"
"535","GR/19/C1",-0.256088203969791,-0.119248681303925,-0.086394642594996,-0.011930473157879,0.0639017868164501,0.103870652362912,0.237721796030209,"Twin Cays","UTide"
"536","GR/19/C1",-0.256088203969791,-0.119248681303925,-0.086394642594996,-0.011930473157879,0.0639017868164501,0.103870652362912,0.237721796030209,"Twin Cays","UTide"
"537","GR/19/C1",-0.256088203969791,-0.119248681303925,-0.086394642594996,-0.011930473157879,0.0639017868164501,0.103870652362912,0.237721796030209,"Twin Cays","UTide"
"538","GR/19/C1",-0.256088203969791,-0.119248681303925,-0.086394642594996,-0.011930473157879,0.0639017868164501,0.103870652362912,0.237721796030209,"Twin Cays","UTide"
"539","GR/19/C1",-0.256088203969791,-0.119248681303925,-0.086394642594996,-0.011930473157879,0.0639017868164501,0.103870652362912,0.237721796030209,"Twin Cays","UTide"
"540","GR/19/C1",-0.256088203969791,-0.119248681303925,-0.086394642594996,-0.011930473157879,0.0639017868164501,0.103870652362912,0.237721796030209,"Twin Cays","UTide"
"541","GR/19/C1",-0.256088203969791,-0.119248681303925,-0.086394642594996,-0.011930473157879,0.0639017868164501,0.103870652362912,0.237721796030209,"Twin Cays","UTide"
"542","GR/19/C1",-0.256088203969791,-0.119248681303925,-0.086394642594996,-0.011930473157879,0.0639017868164501,0.103870652362912,0.237721796030209,"Twin Cays","UTide"
"543","GR/19/C1",-0.256088203969791,-0.119248681303925,-0.086394642594996,-0.011930473157879,0.0639017868164501,0.103870652362912,0.237721796030209,"Twin Cays","UTide"
"544","GR/19/C1",-0.256088203969791,-0.119248681303925,-0.086394642594996,-0.011930473157879,0.0639017868164501,0.103870652362912,0.237721796030209,"Twin Cays","UTide"
"545","GR/19/C1",-0.256088203969791,-0.119248681303925,-0.086394642594996,-0.011930473157879,0.0639017868164501,0.103870652362912,0.237721796030209,"Twin Cays","UTide"
"546","GR/19/C1",-0.256088203969791,-0.119248681303925,-0.086394642594996,-0.011930473157879,0.0639017868164501,0.103870652362912,0.237721796030209,"Twin Cays","UTide"
"547","GR/19/C1",-0.256088203969791,-0.119248681303925,-0.086394642594996,-0.011930473157879,0.0639017868164501,0.103870652362912,0.237721796030209,"Twin Cays","UTide"
"548","GR/19/C1",-0.256088203969791,-0.119248681303925,-0.086394642594996,-0.011930473157879,0.0639017868164501,0.103870652362912,0.237721796030209,"Twin Cays","UTide"
"549","GR/19/C1",-0.256088203969791,-0.119248681303925,-0.086394642594996,-0.011930473157879,0.0639017868164501,0.103870652362912,0.237721796030209,"Twin Cays","UTide"
"550","GR/19/C1",-0.256088203969791,-0.119248681303925,-0.086394642594996,-0.011930473157879,0.0639017868164501,0.103870652362912,0.237721796030209,"Twin Cays","UTide"
"551","GR/19/C1",-0.256088203969791,-0.119248681303925,-0.086394642594996,-0.011930473157879,0.0639017868164501,0.103870652362912,0.237721796030209,"Twin Cays","UTide"
"552","GR/19/C1",-0.256088203969791,-0.119248681303925,-0.086394642594996,-0.011930473157879,0.0639017868164501,0.103870652362912,0.237721796030209,"Twin Cays","UTide"
"553","GR/19/C1",-0.256088203969791,-0.119248681303925,-0.086394642594996,-0.011930473157879,0.0639017868164501,0.103870652362912,0.237721796030209,"Twin Cays","UTide"
"554","GR/19/C1",-0.256088203969791,-0.119248681303925,-0.086394642594996,-0.011930473157879,0.0639017868164501,0.103870652362912,0.237721796030209,"Twin Cays","UTide"
"555","GR/19/C1",-0.256088203969791,-0.119248681303925,-0.086394642594996,-0.011930473157879,0.0639017868164501,0.103870652362912,0.237721796030209,"Twin Cays","UTide"
"556","GR/19/C1",-0.256088203969791,-0.119248681303925,-0.086394642594996,-0.011930473157879,0.0639017868164501,0.103870652362912,0.237721796030209,"Twin Cays","UTide"
"557","GR/19/C1",-0.256088203969791,-0.119248681303925,-0.086394642594996,-0.011930473157879,0.0639017868164501,0.103870652362912,0.237721796030209,"Twin Cays","UTide"
"558","GR/19/C1",-0.256088203969791,-0.119248681303925,-0.086394642594996,-0.011930473157879,0.0639017868164501,0.103870652362912,0.237721796030209,"Twin Cays","UTide"
"559","GR/19/C1",-0.256088203969791,-0.119248681303925,-0.086394642594996,-0.011930473157879,0.0639017868164501,0.103870652362912,0.237721796030209,"Twin Cays","UTide"
"560","GR/19/C1",-0.256088203969791,-0.119248681303925,-0.086394642594996,-0.011930473157879,0.0639017868164501,0.103870652362912,0.237721796030209,"Twin Cays","UTide"
"561","GR/19/C1",-0.256088203969791,-0.119248681303925,-0.086394642594996,-0.011930473157879,0.0639017868164501,0.103870652362912,0.237721796030209,"Twin Cays","UTide"
"562","GR/19/C1",-0.256088203969791,-0.119248681303925,-0.086394642594996,-0.011930473157879,0.0639017868164501,0.103870652362912,0.237721796030209,"Twin Cays","UTide"
"563","GR/19/C1",-0.256088203969791,-0.119248681303925,-0.086394642594996,-0.011930473157879,0.0639017868164501,0.103870652362912,0.237721796030209,"Twin Cays","UTide"
"564","GR/19/C1",-0.256088203969791,-0.119248681303925,-0.086394642594996,-0.011930473157879,0.0639017868164501,0.103870652362912,0.237721796030209,"Twin Cays","UTide"
"565","GR/19/C1",-0.256088203969791,-0.119248681303925,-0.086394642594996,-0.011930473157879,0.0639017868164501,0.103870652362912,0.237721796030209,"Twin Cays","UTide"
"566","GR/19/C1",-0.256088203969791,-0.119248681303925,-0.086394642594996,-0.011930473157879,0.0639017868164501,0.103870652362912,0.237721796030209,"Twin Cays","UTide"
"567","GR/19/C1",-0.256088203969791,-0.119248681303925,-0.086394642594996,-0.011930473157879,0.0639017868164501,0.103870652362912,0.237721796030209,"Twin Cays","UTide"
"568","GR/19/C1",-0.256088203969791,-0.119248681303925,-0.086394642594996,-0.011930473157879,0.0639017868164501,0.103870652362912,0.237721796030209,"Twin Cays","UTide"
"569","GR/19/C1",-0.256088203969791,-0.119248681303925,-0.086394642594996,-0.011930473157879,0.0639017868164501,0.103870652362912,0.237721796030209,"Twin Cays","UTide"
"570","GR/19/C1",-0.256088203969791,-0.119248681303925,-0.086394642594996,-0.011930473157879,0.0639017868164501,0.103870652362912,0.237721796030209,"Twin Cays","UTide"
"571","GR/19/C1",-0.256088203969791,-0.119248681303925,-0.086394642594996,-0.011930473157879,0.0639017868164501,0.103870652362912,0.237721796030209,"Twin Cays","UTide"
"572","GR/19/C1",-0.256088203969791,-0.119248681303925,-0.086394642594996,-0.011930473157879,0.0639017868164501,0.103870652362912,0.237721796030209,"Twin Cays","UTide"
"573","GR/19/C1",-0.256088203969791,-0.119248681303925,-0.086394642594996,-0.011930473157879,0.0639017868164501,0.103870652362912,0.237721796030209,"Twin Cays","UTide"
"574","GR/19/C1",-0.256088203969791,-0.119248681303925,-0.086394642594996,-0.011930473157879,0.0639017868164501,0.103870652362912,0.237721796030209,"Twin Cays","UTide"
"575","GR/19/C1",-0.256088203969791,-0.119248681303925,-0.086394642594996,-0.011930473157879,0.0639017868164501,0.103870652362912,0.237721796030209,"Twin Cays","UTide"
"576","GR/19/C1",-0.256088203969791,-0.119248681303925,-0.086394642594996,-0.011930473157879,0.0639017868164501,0.103870652362912,0.237721796030209,"Twin Cays","UTide"
"577","GR/19/C1",-0.256088203969791,-0.119248681303925,-0.086394642594996,-0.011930473157879,0.0639017868164501,0.103870652362912,0.237721796030209,"Twin Cays","UTide"
"578","GR/19/C1",-0.256088203969791,-0.119248681303925,-0.086394642594996,-0.011930473157879,0.0639017868164501,0.103870652362912,0.237721796030209,"Twin Cays","UTide"
"579","GR/19/C1",-0.256088203969791,-0.119248681303925,-0.086394642594996,-0.011930473157879,0.0639017868164501,0.103870652362912,0.237721796030209,"Twin Cays","UTide"
"580","GR/19/C1",-0.256088203969791,-0.119248681303925,-0.086394642594996,-0.011930473157879,0.0639017868164501,0.103870652362912,0.237721796030209,"Twin Cays","UTide"
"581","GR/19/C1",-0.256088203969791,-0.119248681303925,-0.086394642594996,-0.011930473157879,0.0639017868164501,0.103870652362912,0.237721796030209,"Twin Cays","UTide"
"582","GR/19/C1",-0.256088203969791,-0.119248681303925,-0.086394642594996,-0.011930473157879,0.0639017868164501,0.103870652362912,0.237721796030209,"Twin Cays","UTide"
"583","GR/19/C1",-0.256088203969791,-0.119248681303925,-0.086394642594996,-0.011930473157879,0.0639017868164501,0.103870652362912,0.237721796030209,"Twin Cays","UTide"
"584","GR/19/C1",-0.256088203969791,-0.119248681303925,-0.086394642594996,-0.011930473157879,0.0639017868164501,0.103870652362912,0.237721796030209,"Twin Cays","UTide"
"585","GR/19/C1",-0.256088203969791,-0.119248681303925,-0.086394642594996,-0.011930473157879,0.0639017868164501,0.103870652362912,0.237721796030209,"Twin Cays","UTide"
"586","GR/19/C1",-0.256088203969791,-0.119248681303925,-0.086394642594996,-0.011930473157879,0.0639017868164501,0.103870652362912,0.237721796030209,"Twin Cays","UTide"
