"","SiteName","data_type_id","Age","Age_BP","Age_type","pred","upr","lwr","rate_pred","rate_upr","rate_lwr","CI"
"1",",
 ","ProxyRecord",-6146.0125,8096.0125,"BP",-11.5915057739244,-11.7566490655904,-11.4223614327467,0.820120815600793,-0.737777978784434,2.29566013148756,"95%"
"2",",
 ","ProxyRecord",-6096.0125,8046.0125,"BP",-11.5270497379464,-11.6440368218969,-11.4179475210521,1.73924251113449,0.54849601575228,2.85989067972501,"95%"
"3",",
 ","ProxyRecord",-6046.0125,7996.0125,"BP",-11.4194674462053,-11.500692615392,-11.3438804065269,2.54516728443499,1.68340076356404,3.36775067923375,"95%"
"4",",
 ","ProxyRecord",-5996.0125,7946.0125,"BP",-11.2744189328973,-11.3370929044393,-11.2115361770743,3.23789137380556,2.6264448118612,3.83271269753428,"95%"
"5",",
 ","ProxyRecord",-5946.0125,7896.0125,"BP",-11.0975642322191,-11.15647124278,-11.0379751825103,3.81741477924452,3.41478391558192,4.22745495126602,"95%"
"6",",
 ","ProxyRecord",-5896.0125,7846.0125,"BP",-10.8945633783672,-10.9538802492165,-10.8350212063197,4.28373750075582,4.01149448892424,4.57676725405624,"95%"
"7",",
 ","ProxyRecord",-5846.0125,7796.0125,"BP",-10.6710764055379,-10.7275593663775,-10.6139130806417,4.63685953833728,4.39926993304294,4.87937736565051,"95%"
"8",",
 ","ProxyRecord",-5796.0125,7746.0125,"BP",-10.4327633479278,-10.4864865688785,-10.3790867930564,4.87678089199013,4.61941946963458,5.14009458935833,"95%"
"9",",
 ","ProxyRecord",-5746.0125,7696.0125,"BP",-10.1852842397334,-10.2355164945449,-10.1359351738951,5.00350156171269,4.71695245457136,5.31162711990564,"95%"
"10",",
 ","ProxyRecord",-5696.0125,7646.0125,"BP",-9.93429911515114,-9.98019330581604,-9.88881861110597,5.01702154750262,4.7123974269412,5.34918446638178,"95%"
"11",",
 ","ProxyRecord",-5646.0125,7596.0125,"BP",-9.68546800837752,-9.73063320597861,-9.63920062743599,4.91734084936545,4.63165639062251,5.23492059530508,"95%"
"12",",
 ","ProxyRecord",-5596.0125,7546.0125,"BP",-9.44445095360904,-9.49483501667942,-9.39274082954291,4.70445946729784,4.45803671254136,4.97359020036322,"95%"
"13",",
 ","ProxyRecord",-5546.0125,7496.0125,"BP",-9.21685946237112,-9.27171777764493,-9.16248088091494,4.38702338053691,4.19834876564973,4.59159456290347,"95%"
"14",",
 ","ProxyRecord",-5496.0125,7446.0125,"BP",-9.00547161110953,-9.06276678592994,-8.94624699582995,4.07495711190725,3.9193974283418,4.22361730309077,"95%"
"15",",
 ","ProxyRecord",-5446.0125,7396.0125,"BP",-8.80871788233543,-8.86562737903565,-8.74839035946606,3.80165848103736,3.66112693420775,3.93906422090045,"95%"
"16",",
 ","ProxyRecord",-5396.0125,7346.0125,"BP",-8.62465989416075,-8.6807248065598,-8.56679426181989,3.56712748793067,3.41527841557839,3.72061840877199,"95%"
"17",",
 ","ProxyRecord",-5346.0125,7296.0125,"BP",-8.45135926469739,-8.50551747646727,-8.39770229144121,3.37136413258557,3.19529943880162,3.5463405013668,"95%"
"18",",
 ","ProxyRecord",-5296.0125,7246.0125,"BP",-8.28687761205727,-8.33670128633872,-8.23589505686192,3.21436841500036,3.02166071944592,3.40695332194188,"95%"
"19",",
 ","ProxyRecord",-5246.0125,7196.0125,"BP",-8.1292765543523,-8.17753317631241,-8.08100556805229,3.09614033517849,2.88712346166298,3.29911077246346,"95%"
"20",",
 ","ProxyRecord",-5196.0125,7146.0125,"BP",-7.9766177096944,-8.02389095423065,-7.92863414057678,3.01667989311838,2.80327669831223,3.21924869545732,"95%"
"21",",
 ","ProxyRecord",-5146.0125,7096.0125,"BP",-7.82696269619548,-7.87434696234173,-7.77936590537723,2.97598708881985,2.76952404393858,3.17510054114829,"95%"
"22",",
 ","ProxyRecord",-5096.0125,7046.0125,"BP",-7.67837313196745,-7.72638223137054,-7.62800921339916,2.97406192228193,2.780218405206,3.15726116200857,"95%"
"23",",
 ","ProxyRecord",-5046.0125,6996.0125,"BP",-7.52891063512223,-7.57981199688274,-7.47899145455644,3.01090439350698,2.8478497927788,3.17684708519137,"95%"
"24",",
 ","ProxyRecord",-4996.0125,6946.0125,"BP",-7.37663682377173,-7.42975240419646,-7.32548227015511,3.08651450249321,2.94476658861733,3.24337070683377,"95%"
"25",",
 ","ProxyRecord",-4946.0125,6896.0125,"BP",-7.21982101763692,-7.27310851236913,-7.1698248914926,3.18240392658983,3.03545810279804,3.33500894869415,"95%"
"26",",
 ","ProxyRecord",-4896.0125,6846.0125,"BP",-7.05908180907236,-7.10985460401893,-7.00894844813029,3.24006790399827,3.0695458985597,3.41357366126643,"95%"
"27",",
 ","ProxyRecord",-4846.0125,6796.0125,"BP",-6.89652302753599,-6.94635018706824,-6.84609288739504,3.25518684546153,3.06496251132728,3.45184165677108,"95%"
"28",",
 ","ProxyRecord",-4796.0125,6746.0125,"BP",-6.73427192482509,-6.78288440452569,-6.68448447842518,3.22776075098012,3.01997638745198,3.44344754954492,"95%"
"29",",
 ","ProxyRecord",-4746.0125,6696.0125,"BP",-6.57445575273693,-6.62222685725651,-6.52370167230765,3.15778962055151,2.93658959903186,3.38088045556857,"95%"
"30",",
 ","ProxyRecord",-4696.0125,6646.0125,"BP",-6.4192017630688,-6.46915925187122,-6.36587858355834,3.04527345417897,2.82345213170729,3.27614777520959,"95%"
"31",",
 ","ProxyRecord",-4646.0125,6596.0125,"BP",-6.27063720761798,-6.32615345417653,-6.21356127829813,2.89021225186039,2.67279722139494,3.11706521602002,"95%"
"32",",
 ","ProxyRecord",-4596.0125,6546.0125,"BP",-6.13088933818175,-6.19202110376064,-6.06928269321666,2.69260601359544,2.48642089670449,2.90307675574574,"95%"
"33",",
 ","ProxyRecord",-4546.0125,6496.0125,"BP",-6.00208540655738,-6.06981067626987,-5.93604660995348,2.45245473938561,2.27109806776559,2.64487908714401,"95%"
"34",",
 ","ProxyRecord",-4496.0125,6446.0125,"BP",-5.88635266454216,-5.95774088872023,-5.81409534821269,2.16975842922896,2.00991273937787,2.33338828681999,"95%"
"35",",
 ","ProxyRecord",-4446.0125,6396.0125,"BP",-5.78581836393337,-5.86068465019577,-5.70970492532771,1.84451708312772,1.70509895186265,1.98837468944779,"95%"
"36",",
 ","ProxyRecord",-4396.0125,6346.0125,"BP",-5.70260975515642,-5.77812026700861,-5.62667463942344,1.47674509513813,1.33077974197642,1.62221259607541,"95%"
"37",",
 ","ProxyRecord",-4346.0125,6296.0125,"BP",-5.63788982405827,-5.71248209346972,-5.56194448110496,1.12361223137099,0.948115719048544,1.30158652180962,"95%"
"38",",
 ","ProxyRecord",-4296.0125,6246.0125,"BP",-5.58909387999538,-5.66137338763108,-5.5127069250567,0.839785912754723,0.625376900288461,1.04838585788745,"95%"
"39",",
 ","ProxyRecord",-4246.0125,6196.0125,"BP",-5.55275658075883,-5.62349666921559,-5.47899375511553,0.625266438315951,0.378855887470675,0.860950630478365,"95%"
"40",",
 ","ProxyRecord",-4196.0125,6146.0125,"BP",-5.52541258413973,-5.59261590248977,-5.4557819225662,0.480053808056814,0.211744342216303,0.736571535615495,"95%"
"41",",
 ","ProxyRecord",-4146.0125,6096.0125,"BP",-5.50359654792915,-5.5720672875476,-5.43473704558704,0.404148021975909,0.129344301706436,0.667640237099383,"95%"
"42",",
 ","ProxyRecord",-4096.0125,6046.0125,"BP",-5.48384312991819,-5.55442519578572,-5.41490615562313,0.397549080072343,0.127628989375894,0.666257515982845,"95%"
"43",",
 ","ProxyRecord",-4046.0125,5996.0125,"BP",-5.46268698789793,-5.53530057441024,-5.39106902318321,0.46025698234761,0.195886144007604,0.717131499928419,"95%"
"44",",
 ","ProxyRecord",-3996.0125,5946.0125,"BP",-5.43666277965947,-5.51262224574323,-5.35956204460815,0.592271728800261,0.351812027217782,0.832380866267482,"95%"
"45",",
 ","ProxyRecord",-3946.0125,5896.0125,"BP",-5.40230516299389,-5.48151430751202,-5.32068858654792,0.793593319431869,0.588035703775635,1.00551092284196,"95%"
"46",",
 ","ProxyRecord",-3896.0125,5846.0125,"BP",-5.35614879569229,-5.43996863018725,-5.2716158883347,1.06422175424067,0.893117863886549,1.23508118144426,"95%"
"47",",
 ","ProxyRecord",-3846.0125,5796.0125,"BP",-5.29472833554575,-5.38011460165716,-5.20901480632991,1.4041570332288,1.2573459961842,1.54668597310422,"95%"
"48",",
 ","ProxyRecord",-3796.0125,5746.0125,"BP",-5.21462524842886,-5.29624797675125,-5.12972633654201,1.80533152874732,1.66005912864398,1.94035553315072,"95%"
"49",",
 ","ProxyRecord",-3746.0125,5696.0125,"BP",-5.11494561601563,-5.19369974888199,-5.03364815461576,2.17127862550988,1.98794462958848,2.34719772450516,"95%"
"50",",
 ","ProxyRecord",-3696.0125,5646.0125,"BP",-4.99855363210234,-5.07123231202858,-4.92295422735126,2.47382558874923,2.25831788190441,2.67948952642266,"95%"
"51",",
 ","ProxyRecord",-3646.0125,5596.0125,"BP",-4.86861930336523,-4.9344574553771,-4.79943631183153,2.71297241846311,2.46076458291342,2.9483331248005,"95%"
"52",",
 ","ProxyRecord",-3596.0125,5546.0125,"BP",-4.72831263648052,-4.78717950582013,-4.66502904018803,2.88871911465219,2.61290974632445,3.15059536741783,"95%"
"53",",
 ","ProxyRecord",-3546.0125,5496.0125,"BP",-4.58080363812446,-4.63393356670997,-4.52434671878126,3.00106567731741,2.70844723805146,3.27491026574444,"95%"
"54",",
 ","ProxyRecord",-3496.0125,5446.0125,"BP",-4.42926231497326,-4.48038230424554,-4.37698761629169,3.05001210645794,2.75902252044068,3.32458637715121,"95%"
"55",",
 ","ProxyRecord",-3446.0125,5396.0125,"BP",-4.27685867370316,-4.32855237797718,-4.22551345196755,3.03555840207319,2.75362039356804,3.30284686488876,"95%"
"56",",
 ","ProxyRecord",-3396.0125,5346.0125,"BP",-4.1267627209904,-4.18187553042157,-4.07123469120034,2.95770456416472,2.6980877214981,3.20863764045451,"95%"
"57",",
 ","ProxyRecord",-3346.0125,5296.0125,"BP",-3.98214446351119,-4.04111795197999,-3.92209585934208,2.81645059273113,2.57741189840439,3.04301929864305,"95%"
"58",",
 ","ProxyRecord",-3296.0125,5246.0125,"BP",-3.84617390794179,-3.90965949176435,-3.78242317187439,2.61179648777288,2.40603807062299,2.81814724933267,"95%"
"59",",
 ","ProxyRecord",-3246.0125,5196.0125,"BP",-3.7220210609584,-3.79192423276252,-3.65345133788852,2.34374224928996,2.15638253543969,2.52526896685196,"95%"
"60",",
 ","ProxyRecord",-3196.0125,5146.0125,"BP",-3.61260536552427,-3.6839701680325,-3.54146344219192,2.03422127666782,1.84769749529343,2.2115178346087,"95%"
"61",",
 ","ProxyRecord",-3146.0125,5096.0125,"BP",-3.51812510712364,-3.58955314988121,-3.44606381090446,1.7499748465327,1.54190339884314,1.94753604326128,"95%"
"62",",
 ","ProxyRecord",-3096.0125,5046.0125,"BP",-3.43710989996965,-3.50828774157717,-3.36319930100222,1.4956192268024,1.2701345533418,1.7238333237732,"95%"
"63",",
 ","ProxyRecord",-3046.0125,4996.0125,"BP",-3.36806520354205,-3.44070851449559,-3.29239103973419,1.27115441747749,1.02434126097504,1.5276920949136,"95%"
"64",",
 ","ProxyRecord",-2996.0125,4946.0125,"BP",-3.30949647732058,-3.38444320183011,-3.23279192507311,1.07658041855723,0.813761953265643,1.3470275348148,"95%"
"65",",
 ","ProxyRecord",-2946.0125,4896.0125,"BP",-3.25990918078499,-3.33885565016677,-3.18194599531655,0.911897230041561,0.646738926878806,1.18532653725649,"95%"
"66",",
 ","ProxyRecord",-2896.0125,4846.0125,"BP",-3.21780877341502,-3.30193062536663,-3.13683270610596,0.777104851932081,0.515882972142722,1.04817449575366,"95%"
"67",",
 ","ProxyRecord",-2846.0125,4796.0125,"BP",-3.18170071469043,-3.26878430870793,-3.09691593317611,0.672203284227153,0.428189850556215,0.925669191313526,"95%"
"68",",
 ","ProxyRecord",-2796.0125,4746.0125,"BP",-3.15009046409095,-3.24107400913285,-3.06218087718606,0.597192526927292,0.384127368259581,0.827906833859377,"95%"
"69",",
 ","ProxyRecord",-2746.0125,4696.0125,"BP",-3.12148348109633,-3.21553853945625,-3.03018625475893,0.552072580032979,0.363219607603383,0.750517862986227,"95%"
"70",",
 ","ProxyRecord",-2696.0125,4646.0125,"BP",-3.09438522518632,-3.18924536326532,-3.00187312406645,0.536843443543052,0.370668878139686,0.708518408373448,"95%"
"71",",
 ","ProxyRecord",-2646.0125,4596.0125,"BP",-3.06730115838842,-3.1621135566149,-2.97524828411755,0.551496667071612,0.378763183472366,0.727027312242552,"95%"
"72",",
 ","ProxyRecord",-2596.0125,4546.0125,"BP",-3.0389682172576,-3.13047955077177,-2.94990724508045,0.582475735714393,0.375051460921731,0.796698315949493,"95%"
"73",",
 ","ProxyRecord",-2546.0125,4496.0125,"BP",-3.00898818756975,-3.09473422083757,-2.92368365373205,0.617380209352757,0.371280767691227,0.865733814899395,"95%"
"74",",
 ","ProxyRecord",-2496.0125,4446.0125,"BP",-2.97716479907508,-3.05846663214014,-2.8959350912718,0.656210087987558,0.382144129893515,0.941025548341413,"95%"
"75",",
 ","ProxyRecord",-2446.0125,4396.0125,"BP",-2.9433017815238,-3.02046097872054,-2.8677201617253,0.698965371616718,0.404380593766197,1.00966458894215,"95%"
"76",",
 ","ProxyRecord",-2396.0125,4346.0125,"BP",-2.90720286466614,-2.98297817099088,-2.83507718152202,0.745646060242735,0.43934504253956,1.0723112312919,"95%"
"77",",
 ","ProxyRecord",-2346.0125,4296.0125,"BP",-2.8686717782523,-2.94359668418188,-2.79915784558799,0.796252153863905,0.485954070196632,1.11740439567258,"95%"
"78",",
 ","ProxyRecord",-2296.0125,4246.0125,"BP",-2.8275122520325,-2.90401640490348,-2.75853668100503,0.85078365248123,0.549476935611372,1.16595961787733,"95%"
"79",",
 ","ProxyRecord",-2246.0125,4196.0125,"BP",-2.78352801575695,-2.86218398782879,-2.71040670251458,0.909240556093611,0.630609786137538,1.19365798138703,"95%"
"80",",
 ","ProxyRecord",-2196.0125,4146.0125,"BP",-2.73652279917587,-2.82096130792428,-2.6565998894505,0.971622864702324,0.72769064278808,1.22057005738134,"95%"
"81",",
 ","ProxyRecord",-2146.0125,4096.0125,"BP",-2.68630033203947,-2.77469137902423,-2.60133520402702,1.03793057830628,0.836012149346052,1.24490221628332,"95%"
"82",",
 ","ProxyRecord",-2096.0125,4046.0125,"BP",-2.63266434409798,-2.72249544637859,-2.54472370988117,1.10816369690639,0.927208593768708,1.27623271758798,"95%"
"83",",
 ","ProxyRecord",-2046.0125,3996.0125,"BP",-2.57542509543381,-2.66267707275094,-2.48898123546804,1.18123233284688,1.00956141459223,1.33779998211249,"95%"
"84",",
 ","ProxyRecord",-1996.0125,3946.0125,"BP",-2.51471907718201,-2.59847506016645,-2.43035997139033,1.24485864128268,1.04585056427041,1.43454693892926,"95%"
"85",",
 ","ProxyRecord",-1946.0125,3896.0125,"BP",-2.45115394913527,-2.52878617555908,-2.37160261127943,1.29559672464468,1.06423881410376,1.54212573338811,"95%"
"86",",
 ","ProxyRecord",-1896.0125,3846.0125,"BP",-2.38537412254724,-2.45715872331851,-2.31152108838323,1.33344658293383,1.06497086002272,1.61459588671378,"95%"
"87",",
 ","ProxyRecord",-1846.0125,3796.0125,"BP",-2.3180240086716,-2.38418277407209,-2.24825610119967,1.35840821614932,1.06640383802553,1.66463876243125,"95%"
"88",",
 ","ProxyRecord",-1796.0125,3746.0125,"BP",-2.24974801876202,-2.3109859705104,-2.18496270381435,1.3704816242916,1.0653021202406,1.68933570638839,"95%"
"89",",
 ","ProxyRecord",-1746.0125,3696.0125,"BP",-2.18119056407216,-2.24321072008441,-2.11908405925975,1.36966680736013,1.06745628318838,1.69382728754854,"95%"
"90",",
 ","ProxyRecord",-1696.0125,3646.0125,"BP",-2.11299605585569,-2.17593500651228,-2.05071776828186,1.35596376535563,1.06620742345625,1.66220379307713,"95%"
"91",",
 ","ProxyRecord",-1646.0125,3596.0125,"BP",-2.04580890536629,-2.1111197253237,-1.9813955628119,1.32937249827775,1.05825334843697,1.61431157002038,"95%"
"92",",
 ","ProxyRecord",-1596.0125,3546.0125,"BP",-1.98027352385762,-2.05214146494625,-1.91203880253532,1.28989300612647,1.04288668447667,1.54426133117813,"95%"
"93",",
 ","ProxyRecord",-1546.0125,3496.0125,"BP",-1.91703432258334,-1.99305623859567,-1.8446028938637,1.23752528890206,1.02103447403576,1.45561349438897,"95%"
"94",",
 ","ProxyRecord",-1496.0125,3446.0125,"BP",-1.85673571279713,-1.93680516726808,-1.78010492988692,1.17226934660407,0.959275959692625,1.37286164480217,"95%"
"95",",
 ","ProxyRecord",-1446.0125,3396.0125,"BP",-1.7999721877618,-1.87784784443057,-1.72094874349097,1.0984234596765,0.870745352993669,1.30954458523565,"95%"
"96",",
 ","ProxyRecord",-1396.0125,3346.0125,"BP",-1.7468174619669,-1.82548613912724,-1.66850710106192,1.02856659090421,0.766361231725593,1.27793657431214,"95%"
"97",",
 ","ProxyRecord",-1346.0125,3296.0125,"BP",-1.69703552283827,-1.7748038535829,-1.61839310348178,0.963511993025676,0.663781362440581,1.25590781460894,"95%"
"98",",
 ","ProxyRecord",-1296.0125,3246.0125,"BP",-1.65038625683122,-1.72895551044692,-1.5708539601556,0.903259666040805,0.583424768972621,1.2142403253011,"95%"
"99",",
 ","ProxyRecord",-1246.0125,3196.0125,"BP",-1.60662955040108,-1.68661561160685,-1.52353399115435,0.847809609949375,0.515434218490579,1.16742926032461,"95%"
"100",",
 ","ProxyRecord",-1196.0125,3146.0125,"BP",-1.56552529000317,-1.64862012406067,-1.47934570485909,0.797161824751978,0.458583303140406,1.1099514464855,"95%"
"101",",
 ","ProxyRecord",-1146.0125,3096.0125,"BP",-1.52683336209279,-1.61752766663526,-1.43754500778209,0.751316310447988,0.423086732875433,1.05230228110418,"95%"
"102",",
 ","ProxyRecord",-1096.0125,3046.0125,"BP",-1.49031365312527,-1.58757798339056,-1.39488859345544,0.710273067037787,0.418660207523523,0.991391973088506,"95%"
"103",",
 ","ProxyRecord",-1046.0125,2996.0125,"BP",-1.45572604955592,-1.55959024790716,-1.35403030677434,0.674032094521136,0.422746516723913,0.924989944851501,"95%"
"104",",
 ","ProxyRecord",-996.0125,2946.0125,"BP",-1.42283043784007,-1.5311642892209,-1.31738333140085,0.642593392898016,0.423105071909201,0.867437798242577,"95%"
"105",",
 ","ProxyRecord",-946.0125,2896.0125,"BP",-1.39138670443302,-1.50186990616479,-1.28256036648674,0.615956962168819,0.394044205177188,0.838290649964195,"95%"
"106",",
 ","ProxyRecord",-896.0125,2846.0125,"BP",-1.36115473783365,-1.46992496018918,-1.2546100158086,0.594118797896645,0.318306965273138,0.863266553456615,"95%"
"107",",
 ","ProxyRecord",-846.0125,2796.0125,"BP",-1.33195128861352,-1.4366150391294,-1.22911147763216,0.573790886562091,0.21253365426452,0.912714013984674,"95%"
"108",",
 ","ProxyRecord",-796.0125,2746.0125,"BP",-1.30379845023985,-1.40408299325288,-1.2056783409989,0.552094364038676,0.11221991826759,0.962389627319553,"95%"
"109",",
 ","ProxyRecord",-746.0125,2696.0125,"BP",-1.27676465327206,-1.37366048792304,-1.18384985444015,0.529029230326176,0.0463405463046623,0.99859476884391,"95%"
"110",",
 ","ProxyRecord",-696.0125,2646.0125,"BP",-1.25091832826962,-1.3416083593455,-1.15966236532784,0.504595485424817,-0.0150405969845397,1.00604352146754,"95%"
"111",",
 ","ProxyRecord",-646.0125,2596.0125,"BP",-1.22632790579198,-1.32459128186395,-1.12523853913436,0.478793129334522,-0.0497442598305867,0.996523939123987,"95%"
"112",",
 ","ProxyRecord",-596.0125,2546.0125,"BP",-1.20306181639857,-1.31757487428624,-1.08919493453003,0.451622162055204,-0.0700796818299105,0.966962738889901,"95%"
"113",",
 ","ProxyRecord",-546.0125,2496.0125,"BP",-1.18118849064886,-1.30698196163455,-1.05167019206693,0.423082583586983,-0.0843741277385212,0.906876583264926,"95%"
"114",",
 ","ProxyRecord",-496.0125,2446.0125,"BP",-1.16077635910229,-1.30398557464735,-1.01691978922578,0.393174393929453,-0.0634810851068994,0.84094667324613,"95%"
"115",",
 ","ProxyRecord",-446.0125,2396.0125,"BP",-1.14189385231831,-1.29615428901155,-0.985717262539628,0.361897593083419,-0.0237721435570152,0.75109109570746,"95%"
"116",",
 ","ProxyRecord",-396.0125,2346.0125,"BP",-1.12460940085636,-1.29560176397203,-0.956238959943146,0.329252181048164,0.0169149331609152,0.65069923814266,"95%"
"117",",
 ","ProxyRecord",-346.0125,2296.0125,"BP",-1.1089914352759,-1.28933412922357,-0.934161494919393,0.295238157823891,0.0351180232668957,0.558143211628586,"95%"
"118",",
 ","ProxyRecord",-296.0125,2246.0125,"BP",-1.09510488463733,-1.28043685693902,-0.919783001231113,0.260421969696728,0.00474626114319573,0.519348951901663,"95%"
"119",",
 ","ProxyRecord",-246.0125,2196.0125,"BP",-1.08285224095098,-1.26248619810152,-0.910088354597549,0.230825213791018,-0.0728168817538103,0.555765132815932,"95%"
"120",",
 ","ProxyRecord",-196.0125,2146.0125,"BP",-1.07190835651765,-1.23992076960584,-0.906223320200117,0.208071599576142,-0.164464900267364,0.616827524406946,"95%"
"121",",
 ","ProxyRecord",-146.0125,2096.0125,"BP",-1.0619310742528,-1.22039805908064,-0.90846438345199,0.192161127052233,-0.244301351925176,0.664402994800355,"95%"
"122",",
 ","ProxyRecord",-96.0124999999996,2046.0125,"BP",-1.05257823707187,-1.20047413254079,-0.904383756927752,0.183093796218931,-0.302725883272825,0.708926867972423,"95%"
"123",",
 ","ProxyRecord",-46.0124999999998,1996.0125,"BP",-1.04350768789034,-1.18151228283997,-0.905507041180688,0.18086960707644,-0.337707668436297,0.742458408945876,"95%"
"124",",
 ","ProxyRecord",3.98750000000003,1946.0125,"BP",-1.03437726962366,-1.16802274335528,-0.905149987767359,0.185488559624756,-0.347541916977384,0.728381024968988,"95%"
"125",",
 ","ProxyRecord",53.9874999999999,1896.0125,"BP",-1.02484482518729,-1.15472865121686,-0.898467356836386,0.196950653864134,-0.323689422737745,0.715610428658889,"95%"
"126",",
 ","ProxyRecord",103.9875,1846.0125,"BP",-1.0145681974967,-1.14482552153688,-0.890523354788088,0.215255889793842,-0.257242828358901,0.689671234656742,"95%"
"127",",
 ","ProxyRecord",153.9875,1796.0125,"BP",-1.00320522946733,-1.13303505416159,-0.877272795038656,0.240404267414679,-0.176642095837128,0.667831221521411,"95%"
"128",",
 ","ProxyRecord",203.9875,1746.0125,"BP",-0.990413764014662,-1.11811794014415,-0.862646113074475,0.27239578672622,-0.0974461198925172,0.654132395463898,"95%"
"129",",
 ","ProxyRecord",253.9875,1696.0125,"BP",-0.975851644054142,-1.10312882038664,-0.846492008581554,0.311230447728538,-0.0328553134074516,0.659603054949664,"95%"
"130",",
 ","ProxyRecord",303.9875,1646.0125,"BP",-0.9592206674349,-1.08109472682321,-0.832151875891124,0.353184238728709,-0.0126360406312087,0.741220573136405,"95%"
"131",",
 ","ProxyRecord",353.9875,1596.0125,"BP",-0.940663361238221,-1.05616254711915,-0.81702288068206,0.387774330957459,-0.0412732052291908,0.838215407509116,"95%"
"132",",
 ","ProxyRecord",403.9875,1546.0125,"BP",-0.920576442243795,-1.03562569699889,-0.802757165364314,0.414368750638514,-0.0725866882812148,0.913806594398159,"95%"
"133",",
 ","ProxyRecord",453.9875,1496.0125,"BP",-0.899359694079003,-1.01530384328384,-0.783705391624608,0.432967497772048,-0.103644036770104,0.977426650015891,"95%"
"134",",
 ","ProxyRecord",503.9875,1446.0125,"BP",-0.877412900371221,-0.995499331781154,-0.758496110283796,0.443570572358154,-0.129557541246382,1.01045787224593,"95%"
"135",",
 ","ProxyRecord",553.9875,1396.0125,"BP",-0.855135844747828,-0.981716166705098,-0.731866802009704,0.446177974396521,-0.131387096660847,1.0162786908834,"95%"
"136",",
 ","ProxyRecord",603.9875,1346.0125,"BP",-0.832928310836201,-0.971343940735035,-0.696877026332924,0.440789703887514,-0.122719302678693,0.995307772283031,"95%"
"137",",
 ","ProxyRecord",653.9875,1296.0125,"BP",-0.811190082263719,-0.959727865879549,-0.662531750647756,0.427405760830878,-0.0979271883907421,0.940738159938457,"95%"
"138",",
 ","ProxyRecord",703.9875,1246.0125,"BP",-0.790320942657759,-0.951876941612875,-0.627661116438193,0.4060261452266,-0.0600243410859626,0.861677014765959,"95%"
"139",",
 ","ProxyRecord",753.9875,1196.0125,"BP",-0.7707206756457,-0.949921865757093,-0.593816569224155,0.376650857074798,-0.0145241231656285,0.75777770919637,"95%"
"140",",
 ","ProxyRecord",803.9875,1146.0125,"BP",-0.75278906485492,-0.94034775665987,-0.566980729716015,0.339279896375421,0.0304951395978288,0.654035331810042,"95%"
"141",",
 ","ProxyRecord",853.9875,1096.0125,"BP",-0.736925876697505,-0.92418983033139,-0.548376728756415,0.293937426688303,0.00676163977858722,0.583744619305956,"95%"
"142",",
 ","ProxyRecord",903.9875,1046.0125,"BP",-0.72332208787878,-0.907735351072031,-0.537395980050903,0.252538563911602,-0.0919254164922715,0.592394510957097,"95%"
"143",",
 ","ProxyRecord",953.9875,996.0125,"BP",-0.71143985523082,-0.89146165542025,-0.52983205431037,0.225075179857651,-0.197461564109387,0.629717202578278,"95%"
"144",",
 ","ProxyRecord",1003.9875,946.0125,"BP",-0.700582404817497,-0.868185730439387,-0.521341303314112,0.211547274526163,-0.286592447766823,0.670870850880331,"95%"
"145",",
 ","ProxyRecord",1053.9875,896.0125,"BP",-0.69005296270268,-0.84431481489922,-0.520371970321745,0.211954847917431,-0.339534714650402,0.730890426702192,"95%"
"146",",
 ","ProxyRecord",1103.9875,846.0125,"BP",-0.67915475495024,-0.82560707079281,-0.524732445900828,0.226297900031173,-0.346976129599465,0.779942696241025,"95%"
"147",",
 ","ProxyRecord",1153.9875,796.0125,"BP",-0.667191007624047,-0.805624571922859,-0.521442480509605,0.254576430867524,-0.313835408507376,0.811052911262486,"95%"
"148",",
 ","ProxyRecord",1203.9875,746.0125,"BP",-0.653464946787971,-0.787132299781506,-0.515735931864159,0.296790440426447,-0.229680271581623,0.819864543876084,"95%"
"149",",
 ","ProxyRecord",1253.9875,696.0125,"BP",-0.637279798505883,-0.768270314577683,-0.503728470162523,0.35293992870798,-0.132973504007574,0.832905882258877,"95%"
"150",",
 ","ProxyRecord",1303.9875,646.0125,"BP",-0.617938788841654,-0.746569784347202,-0.486941500088316,0.423024895712048,-0.0300492936499769,0.855106167812391,"95%"
"151",",
 ","ProxyRecord",1353.9875,596.0125,"BP",-0.594745143859153,-0.723177760170268,-0.468193898652109,0.507045341438779,0.0855525680435701,0.897881114171333,"95%"
"152",",
 ","ProxyRecord",1403.9875,546.0125,"BP",-0.567002089622251,-0.691698806312667,-0.443498779849464,0.605001265888198,0.169327497250297,1.02290833894747,"95%"
"153",",
 ","ProxyRecord",1453.9875,496.0125,"BP",-0.534029074437737,-0.651708236267472,-0.419819329743642,0.714346518063707,0.195257374895672,1.22608695177472,"95%"
"154",",
 ","ProxyRecord",1503.9875,446.0125,"BP",-0.495846085188719,-0.60137376117551,-0.393141486410966,0.809500958719815,0.175997172569213,1.4314380937264,"95%"
"155",",
 ","ProxyRecord",1553.9875,396.0125,"BP",-0.453425771565323,-0.551575646284498,-0.352414815540572,0.883839493038792,0.201115049138738,1.53698920931966,"95%"
"156",",
 ","ProxyRecord",1603.9875,346.0125,"BP",-0.407808928884407,-0.508571720352698,-0.303688996226263,0.937362121020628,0.2745938756279,1.5909276848534,"95%"
"157",",
 ","ProxyRecord",1653.9875,296.0125,"BP",-0.360036352462826,-0.466399241139093,-0.244617371758256,0.970068842665351,0.357139819727082,1.57935111034373,"95%"
"158",",
 ","ProxyRecord",1703.9875,246.0125,"BP",-0.31114883761744,-0.428391347114738,-0.190070204092973,0.981959657972904,0.45473437088348,1.4953786904224,"95%"
"159",",
 ","ProxyRecord",1753.9875,196.0125,"BP",-0.262187179665106,-0.388507375302045,-0.134430040184203,0.973034566943256,0.494819445310709,1.42064660198591,"95%"
"160",",
 ","ProxyRecord",1803.9875,146.0125,"BP",-0.214192173922681,-0.344299151427122,-0.0875276436526185,0.943293569576488,0.370337662205517,1.49068233528097,"95%"
"161",",
 ","ProxyRecord",1853.9875,96.0125000000003,"BP",-0.168204615707023,-0.289213574568825,-0.0516791743506538,0.892736665872613,0.0357867068023635,1.75211758435151,"95%"
"162",",
 ","ProxyRecord",1903.9875,46.0124999999996,"BP",-0.125265300334988,-0.243854237752983,-0.00758506166435643,0.821363855831572,-0.414177294722351,2.12584346385589,"95%"
"163",",
 ","ProxyRecord",1953.9875,-3.98749999999927,"BP",-0.0864150231234363,-0.233750014349392,0.0579335813958241,0.729175139453347,-1.01958945579115,2.53048956899436,"95%"
"164",",
 ","ProxyRecord",2018.5,-68.5,"BP",-0.0440165484635104,-0.29165028940055,0.208978865813022,0.579476932970143,-1.97323128222376,3.17205835942254,"95%"
