RSL,RSLer_up_2sd,Age,Age_up_er_2sd,RSLError,AgeError,AgeCE
-0.030352389,0.32040927264045205,-68,1,0.16020463632022602,0.5,2018
-0.069005802,0.3204107707006817,14,74,0.16020538535034085,37,1936
-0.107832927,0.3204130833950572,43,95,0.1602065416975286,47.5,1907
-0.14675457,0.32041635606508945,65.5,107.525,0.16020817803254472,53.7625,1884.5
-0.185732135,0.3204206129926731,86.5125,115.5125,0.16021030649633655,57.75625,1863.4875
-0.224759024,0.3204258712859622,106.97500000000001,117.05,0.1602129356429811,58.525,1843.025
-0.26382257,0.3204322622111119,143.5,116.5,0.16021613110555594,58.25,1806.5
-0.302951103,0.319753405,261.05,187.05,0.1598767023021965,93.525,1688.95
-0.342078769,0.3197618615126908,314.52500000000003,215.55,0.1598809307563454,107.775,1635.475
-0.381224695,0.31977136283201923,354.92499999999995,224.125,0.15988568141600962,112.0625,1595.075
-0.420397887,0.31978186555751587,386.48749999999995,238.5625,0.15989093277875793,119.28125,1563.5125
-0.459588663,0.31979340852313565,424.5125,253.6125,0.15989670426156782,126.80625,1525.4875
-0.498793716,0.3198060475159634,455.475,262.525,0.1599030237579817,131.2625,1494.525
-0.538023586,0.3198197619433232,489.91249999999997,257.1375,0.1599098809716616,128.56875,1460.0875
-0.577269311,0.3198345029001223,540.0125,240.0374999999999,0.15991725145006114,120.01874999999995,1409.9875
-0.616526198,0.3198502793886505,583.5125,235.51249999999993,0.15992513969432526,117.75624999999997,1366.4875
-0.655797012,0.31986701549400354,688.9375,243.08749999999998,0.15993350774700177,121.54374999999999,1261.0625
-0.695083187,0.31988487821501577,847.125,253.125,0.15994243910750788,126.5625,1102.875
-0.734375889,0.31990382903028636,1074,223,0.15995191451514318,111.5,876
-0.800639634,0.28662548832105367,1254.55,213.57500000000005,0.14331274416052683,106.78750000000002,695.45
-0.839957544,0.2866488669394308,1438.0125,294.01250000000005,0.1433244334697154,147.00625000000002,511.98749999999995
-0.879284769,0.28667348985165864,1516.4625,291.58749999999986,0.14333674492582932,145.79374999999993,433.5374999999999
-0.918623073,0.28669928327537064,1574.9625,295.0374999999999,0.14334964163768532,147.51874999999995,375.0374999999999
-0.957970181,0.28672617579654824,1641.5375,296.53750000000014,0.14336308789827412,148.26875000000007,308.4625000000001
-0.997324995,0.2867541681798895,1706.475,289.5500000000002,0.14337708408994476,144.7750000000001,243.5250000000001
-1.036690097,0.28678323186550536,1831.4875,286.51250000000005,0.14339161593275268,143.25625000000002,118.51250000000005
-1.076058933,0.2868134880235431,2025.0375,247.0625,0.14340674401177156,123.53125,-75.0375
-1.096484017,0.3004344404778654,2292.0375,271.0374999999999,0.1502172202389327,135.51874999999995,-342.0375
-1.135875216,0.30046558039296967,2489.5125,369.5125000000003,0.15023279019648483,184.75625000000014,-539.5125
-1.175272669,0.30049796406866025,2566.0125,410.0125000000003,0.15024898203433013,205.00625000000014,-616.0125
-1.21467617,0.30053121187770454,2620.5,433.5999999999999,0.15026560593885227,216.79999999999995,-670.5
-1.254088565,0.30056554327667334,2665.5249999999996,450.5500000000002,0.15028277163833667,225.2750000000001,-715.525
-1.293514541,0.3006011184616034,2713.5,468.5250000000001,0.1503005592308017,234.26250000000005,-763.5
-1.33293653,0.3006375327208032,2751.4125000000004,478.6124999999997,0.1503187663604016,239.30624999999986,-801.4125
-1.372378102,0.3006751455989829,2796.5125,477.5125000000003,0.15033757279949145,238.75625000000014,-846.5125
-1.411810407,0.30071411651296043,2840.475,479.5250000000001,0.15035705825648021,239.76250000000005,-890.475
-1.451256277,0.3007538250145293,2895,485.0250000000001,0.15037691250726465,242.51250000000005,-945
-1.490715379,0.30079477361264095,3050.05,534.0749999999998,0.15039738680632048,267.0374999999999,-1100.05
-1.530183704,0.30083659873405455,3136.4625,537.5374999999999,0.15041829936702727,268.76874999999995,-1186.4625
-1.569650617,0.3008798061019734,3176.9625,536.0875000000001,0.1504399030509867,268.04375000000005,-1226.9625
-1.609122975,0.30092392605879315,3241.4625,549.5374999999999,0.15046196302939657,274.76874999999995,-1291.4625
-1.666295442,0.28827212617554576,3303.5,553.5250000000001,0.14413606308777288,276.76250000000005,-1353.5
-1.705778615,0.28832052316763646,3340.9625,558.0875000000001,0.14416026158381823,279.04375000000005,-1390.9625
-1.745264165,0.2883699119514942,3370.9375,556.1374999999998,0.1441849559757471,278.0687499999999,-1420.9375
-1.784757341,0.28842054977338905,3395.5,547.5250000000001,0.14421027488669452,273.76250000000005,-1445.5
-1.824260224,0.2884720395687317,3424,537.0500000000002,0.14423601978436584,268.5250000000001,-1474
-1.86376971,0.2885246671012244,3448.3625,531.6374999999998,0.1442623335506122,265.8187499999999,-1498.3625
-1.903281447,0.2885782299843981,3476.4750000000004,525.5499999999997,0.14428911499219904,262.77499999999986,-1526.475
-1.942789411,0.288632722,3507.4875,522.5124999999998,0.1443163610537025,261.2562499999999,-1557.4875
-1.982305466,0.28868859371625744,3547.35,511.6500000000001,0.14434429685812872,255.82500000000005,-1597.35
-2.021836245,0.28874594091901506,3593.4875,495.5625,0.14437297045950753,247.78125,-1643.4875
-2.061371665,0.2888040133301071,3624.9874999999997,479.0374999999999,0.14440200666505354,239.51874999999995,-1674.9875
-2.100903267,0.2888632452357751,3652.4375,474.58749999999964,0.14443162261788756,237.29374999999982,-1702.4375
-2.14043883,0.28892352842252966,3669.4875,466.6125000000002,0.14446176421126483,233.3062500000001,-1719.4875
-2.179977648,0.28898491931664194,3699.3875,457.6374999999998,0.14449245965832097,228.8187499999999,-1749.3875
-2.219524348,0.2890474803254883,3721.4625,448.5875000000001,0.14452374016274416,224.29375000000005,-1771.4625
-2.259077298,0.28911097296322563,3737.95,445.0500000000002,0.14455548648161282,222.5250000000001,-1787.95
-2.298633897,0.28917540258034613,3752.4874999999997,439.5374999999999,0.14458770129017307,219.76874999999995,-1802.4875
-2.338190529,0.28924070041398786,3774.9125,423.0875000000001,0.14462035020699393,211.54375000000005,-1824.9125
-2.377754547,0.2893071889355596,3805.4375,399.66250000000036,0.1446535944677798,199.83125000000018,-1855.4375
-2.417322012,0.28937495953735426,3828.4875,387.5625,0.14468747976867713,193.78125,-1878.4875
-2.456892552,0.28944389061817133,3856.425,374.5749999999998,0.14472194530908566,187.2874999999999,-1906.425
-2.496469688,0.2895138606028691,3878.425,365.625,0.14475693030143455,182.8125,-1928.425
-2.536051478,0.2895848707666411,3909.325,355.6999999999998,0.14479243538332054,177.8499999999999,-1959.325
-2.575635346,0.2896568095490246,3964.9624999999996,351.0625,0.1448284047745123,175.53125,-2014.9625
-2.615220506,0.2897295746541093,4062.9624999999996,362.0625,0.14486478732705466,181.03125,-2112.9625
-2.654812297,0.28980310394713826,4137.85,343.14999999999964,0.14490155197356913,171.57499999999982,-2187.85
-2.694404099,0.289878253,4191.45,339.5749999999998,0.144939126,169.7874999999999,-2241.45
-2.734003631,0.2899543462504701,4227.424999999999,334.60000000000036,0.14497717312523506,167.30000000000018,-2277.425
-2.747481033,0.33825378253998517,4280.9125,328.1875,0.16912689126999259,164.09375,-2330.9125
-2.787094202,0.33832089299808854,4321.525,312.5500000000002,0.16916044649904427,156.2750000000001,-2371.525
-2.826712448,0.33838905226536586,4354.4125,300.6124999999993,0.16919452613268293,150.30624999999964,-2404.4125
-2.866337463,0.33845782920464895,4383.424999999999,292.60000000000036,0.16922891460232448,146.30000000000018,-2433.425
-2.905967107,0.3385274659374582,4408.3875,283.6374999999998,0.1692637329687291,141.8187499999999,-2458.3875
-2.945588849,0.33859826394738035,4435,280.02499999999964,0.16929913197369018,140.01249999999982,-2485
-2.985223345,0.33866992895224324,4453,277.10000000000036,0.16933496447612162,138.55000000000018,-2503
-3.024857872,0.3387425913636257,4484.975,263.0499999999993,0.16937129568181286,131.52499999999964,-2534.975
-3.064499745,0.3388160144312886,4515.375,249.625,0.1694080072156443,124.8125,-2565.375
-3.104147077,0.3388901062079288,4537.4625,242.5625,0.1694450531039644,121.28125,-2587.4625
-3.143788366,0.3389655627757593,4566.475,229.52499999999964,0.16948278138787964,114.76249999999982,-2616.475
-3.183441865,0.3390414963276285,4599,211.02499999999964,0.16952074816381424,105.51249999999982,-2649
-3.223096834,0.3391182882305217,4645.975,180.02499999999964,0.16955914411526085,90.01249999999982,-2695.975
-3.262750604,0.3391962084926974,4690.487499999999,164.53750000000036,0.1695981042463487,82.26875000000018,-2740.4875
-3.302407786,0.33927525070515063,4791.55,158.55000000000018,0.16963762535257532,79.27500000000009,-2841.55
-3.342076191,0.33935465779204543,4958.525,177.57500000000073,0.16967732889602272,88.78750000000036,-3008.525
-3.381744875,0.3394357425876451,5045.05,182.07499999999982,0.16971787129382254,91.03749999999991,-3095.05
-3.421408449,0.3395171850214762,5074.9875,194.01249999999982,0.1697585925107381,97.00624999999991,-3124.9875
-3.461085237,0.3395994993410376,5100.512500000001,209.53749999999945,0.1697997496705188,104.76874999999973,-3150.5125
-3.500760109,0.33968262192571586,5119.9875,216.01249999999982,0.16984131096285793,108.00624999999991,-3169.9875
-3.540440188,0.3397667722858271,5139.95,226.07499999999982,0.16988338614291354,113.03749999999991,-3189.95
-3.580127755,0.3398515462534215,5163.4875,245.51249999999982,0.16992577312671076,122.75624999999991,-3213.4875
-3.619811057,0.33993713112424273,5201,263,0.16996856556212137,131.5,-3251
-3.659498747,0.3400236517998443,5223.5,274.52499999999964,0.17001182589992214,137.26249999999982,-3273.5
-3.699188863,0.3401107310138851,5240.525,284.52500000000055,0.17005536550694256,142.26250000000027,-3290.525
-3.738856111,0.3411670131205349,5253.5125,287.5124999999998,0.17058350656026744,143.7562499999999,-3303.5125
-3.778548902,0.34125600930926625,5263.0125,290.0124999999998,0.17062800465463313,145.0062499999999,-3313.0125
-3.818256486,0.34134611341356913,5272.5,290.52499999999964,0.17067305670678456,145.26249999999982,-3322.5
-3.857965428,0.3414365461110185,5282.9875,293.0124999999998,0.17071827305550924,146.5062499999999,-3332.9875
-3.897681316,0.3415279952394572,5288.5,294.5,0.1707639976197286,147.25,-3338.5
-3.93739353,0.34162048067542905,5296.5,295.5,0.17081024033771453,147.75,-3346.5
-3.977108146,0.34171388912134626,5305.5125,297.5124999999998,0.17085694456067313,148.7562499999999,-3355.5125
-4.016826921,0.341808042,5325.987499999999,301.03750000000036,0.1709040211778905,150.51875000000018,-3375.9875
-4.056556677,0.34190292864320093,5357.5,296.52499999999964,0.17095146432160047,148.26249999999982,-3407.5
-4.096279378,0.34199875993920514,5370.0125,290.0124999999998,0.17099937996960257,145.0062499999999,-3420.0125
-4.136006945,0.342095604,5381,286,0.171047802,143,-3431
-4.175739411,0.34219339362971457,5386.5125,283.5124999999998,0.17109669681485729,141.7562499999999,-3436.5125
-4.21547279,0.3422914582840335,5391.975,283.02499999999964,0.17114572914201676,141.51249999999982,-3441.975
-4.255202499,0.3423905878554012,5395.5125,282.5124999999998,0.1711952939277006,141.2562499999999,-3445.5125
-4.294945935,0.3424904885669757,5403.975,279.02499999999964,0.17124524428348786,139.51249999999982,-3453.975
-4.33468808,0.3425908670706297,5410.475,276.52499999999964,0.17129543353531484,138.26249999999982,-3460.475
-4.374432822,0.3426924791572059,5419.475,270.52499999999964,0.17134623957860295,135.26249999999982,-3469.475
-4.414179642,0.3427946526322665,5425.5,267.5,0.17139732631613325,133.75,-3475.5
-4.453935584,0.34289764173531223,5429.025,267.02500000000055,0.17144882086765612,133.51250000000027,-3479.025
-4.493687003,0.3430016347080742,5436.487499999999,263.53750000000036,0.1715008173540371,131.76875000000018,-3486.4875
-4.533437045,0.34310709235687575,5440.975,264.0499999999993,0.17155354617843788,132.02499999999964,-3490.975
-4.573196685,0.3432129151470962,5446.4875,262.5124999999998,0.1716064575735481,131.2562499999999,-3496.4875
-4.612960677,0.3433195040231971,5450.5125,259.5124999999998,0.17165975201159855,129.7562499999999,-3500.5125
-4.652727697,0.34342707213776835,5458.0125,257.0124999999998,0.17171353606888418,128.5062499999999,-3508.0125
-4.69249573,0.3435356207805831,5464.5125,253.51249999999982,0.17176781039029154,126.75624999999991,-3514.5125
-4.732269606,0.3436446377912703,5469.4875,251.51249999999982,0.17182231889563515,125.75624999999991,-3519.4875
-4.772046295,0.3437546426477178,5482.5125,243.51249999999982,0.1718773213238589,121.75624999999991,-3532.5125
-4.811821559,0.34386558728148486,5497.475,239.52499999999964,0.17193279364074243,119.76249999999982,-3547.475
-4.851600007,0.34397716257986666,5510,236,0.17198858128993333,118,-3560
-4.89137323,0.3440896366199464,5521,235,0.1720448183099732,117.5,-3571
-4.931154704,0.344202398,5540.549999999999,232.60000000000036,0.1721011991268655,116.30000000000018,-3590.55
-4.970941183,0.34431652698624315,5593,255,0.17215826349312158,127.5,-3643
-5.010731089,0.34443127915166505,5692.025,261.02500000000055,0.17221563957583252,130.51250000000027,-3742.025
-5.050516198,0.3445468616429852,5769.0125,237.01249999999982,0.1722734308214926,118.50624999999991,-3819.0125
-5.090313648,0.34466334349868566,5811.987499999999,232.03750000000036,0.17233167174934283,116.01875000000018,-3861.9875
-5.130111674,0.3447812728684787,5832.025,227.05000000000018,0.17239063643423935,113.52500000000009,-3882.025
-5.169910325,0.3448992043061927,5851.575000000001,229.59999999999945,0.17244960215309635,114.79999999999973,-3901.575
-5.20971416,0.3450180169286545,5876.425,233.57499999999982,0.17250900846432726,116.78749999999991,-3926.425
-5.249518632,0.34513724009887436,5894.5625,229.6875,0.17256862004943718,114.84375,-3944.5625
-5.289326617,0.3452577155718526,5915.5375,227.53749999999945,0.1726288577859263,113.76874999999973,-3965.5375
-5.329136603,0.34537891063182924,5935.987499999999,224.16250000000036,0.17268945531591462,112.08125000000018,-3985.9875
-5.368946419,0.3455007965488224,5959.512500000001,219.53749999999945,0.1727503982744112,109.76874999999973,-4009.5125
-5.408760694,0.34562363861353074,5982.9625,213.03750000000036,0.17281181930676537,106.51875000000018,-4032.9625
-5.44857656,0.34574760332520516,6007.0125,207.0625,0.17287380166260258,103.53125,-4057.0125
-5.488399286,0.3458717298526097,6043.025,202.02500000000055,0.17293586492630486,101.01250000000027,-4093.025
-5.528218646,0.3459973350522483,6086,187.02499999999964,0.17299866752612414,93.51249999999982,-4136
-5.568045569,0.34612357655145853,6113.525,181.52500000000055,0.17306178827572927,90.76250000000027,-4163.525
-5.607876288,0.34625017793401325,6144,172.05000000000018,0.17312508896700662,86.02500000000009,-4194
-5.647710547,0.34637858269379906,6173.5,166.5,0.17318929134689953,83.25,-4223.5
-5.687542718,0.3465067604138605,6224.487499999999,175.53750000000036,0.17325338020693026,87.76875000000018,-4274.4875
-5.727524105,0.3392023500424055,6315.5375,166.5625,0.16960117502120275,83.28125,-4365.5375
-5.767361799,0.33933457247594223,6376,137.05000000000018,0.16966728623797112,68.52500000000009,-4426
-5.807199824,0.33946794525344126,6401.5125,126.51249999999982,0.16973397262672063,63.25624999999991,-4451.5125
-5.847043877,0.3396022104896721,6417.9875,123.01249999999982,0.16980110524483605,61.50624999999991,-4467.9875
-5.886892288,0.33973727982623547,6439.475,120.54999999999927,0.16986863991311774,60.274999999999636,-4489.475
-5.926729401,0.33987254935391276,6463.5,120.52499999999964,0.16993627467695638,60.26249999999982,-4513.5
-5.966574007,0.3400092259458334,6473.4875,117.51249999999982,0.1700046129729167,58.75624999999991,-4523.4875
-6.006430847,0.34014651307273924,6483.5,115.52499999999964,0.17007325653636962,57.76249999999982,-4533.5
-6.046279297,0.3402848808865526,6492,110.02499999999964,0.1701424404432763,55.01249999999982,-4542
-6.086131553,0.34042383366130924,6498,108,0.17021191683065462,54,-4548
-6.125994293,0.3405640265101133,6507.475,104.52499999999964,0.17028201325505665,52.26249999999982,-4557.475
-6.165855616,0.3407048680207505,6512.95,104.05000000000018,0.17035243401037525,52.02500000000009,-4562.95
-6.20571608,0.34084617202314194,6521.0125,100.01249999999982,0.17042308601157097,50.00624999999991,-4571.0125
-6.245590152,0.3409883829032956,6526.9875,98.01249999999982,0.1704941914516478,49.00624999999991,-4576.9875
-6.285451714,0.34113070996074724,6534,96,0.17056535498037362,48,-4584
-6.3253188,0.34127463473722086,6541.4625,92.53750000000036,0.17063731736861043,46.26875000000018,-4591.4625
-6.365185827,0.3414194048779282,6548.9875,88.01249999999982,0.1707097024389641,44.00624999999991,-4598.9875
-6.405062003,0.3415645039471613,6606.975,81.04999999999927,0.17078225197358066,40.524999999999636,-4656.975
-6.444935284,0.34171109459626825,6664.4875,70.51249999999982,0.17085554729813413,35.25624999999991,-4714.4875
-6.48481342,0.3418578714163836,6724.5,49.524999999999636,0.1709289357081918,24.762499999999818,-4774.5
-6.524692068,0.3420055753472808,6753.4875,36.51249999999982,0.1710027876736404,18.25624999999991,-4803.4875
-6.564574788,0.34215389016249853,6757.9875,35.01249999999982,0.17107694508124927,17.50624999999991,-4807.9875
-6.604468054,0.34230310161981725,6766.9875,38.01249999999982,0.17115155080990863,19.00624999999991,-4816.9875
-6.644358516,0.34245282983593084,6800.0125,51.01249999999982,0.17122641491796542,25.50624999999991,-4850.0125
-6.684252516,0.3426038017479205,6848.9875,53.01249999999982,0.17130190087396024,26.50624999999991,-4898.9875
-6.72415441,0.3427556739353559,6880,41,0.17137783696767794,20.5,-4930
-6.764058341,0.34290830983543596,6885,39,0.17145415491771798,19.5,-4935
-6.80395828,0.34306095413552473,6887.475,37.524999999999636,0.17153047706776237,18.762499999999818,-4937.475
-6.843862071,0.3432144734164986,6888.5,37.5,0.1716072367082493,18.75,-4938.5
-6.883772216,0.34336940805284666,6890.5,37.5,0.17168470402642333,18.75,-4940.5
-6.923682426,0.3435245791931205,6891.5,37.5,0.17176228959656026,18.75,-4941.5
-6.96359469,0.3436805533118248,6892,38,0.1718402766559124,19,-4942
-7.003509672,0.34383708244466904,6894,37,0.17191854122233452,18.5,-4944
-7.043428922,0.34399453399154556,6895.5,37.5,0.17199726699577278,18.75,-4945.5
-7.08335346,0.34415316724999423,6897.4875,37.51249999999982,0.17207658362499711,18.75624999999991,-4947.4875
-7.123284212,0.34431205032325396,6898.4875,37.51249999999982,0.17215602516162698,18.75624999999991,-4948.4875
-7.163221243,0.34447140529657716,6899.0125,37.01249999999982,0.17223570264828858,18.50624999999991,-4949.0125
-7.203151788,0.34463207602281276,6901,37,0.17231603801140638,18.5,-4951
-7.243088214,0.3447935753641467,6902.5,36.5,0.17239678768207334,18.25,-4952.5
-7.283028277,0.3449551163994511,6903,36,0.17247755819972554,18,-4953
-7.322975101,0.34511706189669145,6904.9875,36.01249999999982,0.17255853094834572,18.00624999999991,-4954.9875
-7.362912933,0.3452807208018971,6906.0125,36.01249999999982,0.17264036040094854,18.00624999999991,-4956.0125
-7.402860803,0.34544441383033764,6920.0125,42.01249999999982,0.17272220691516882,21.00624999999991,-4970.0125
-7.442811919,0.3456093260549027,6955.4875,54.51249999999982,0.17280466302745134,27.25624999999991,-5005.4875
-7.482762399,0.34577545544023014,7009,63.024999999999636,0.17288772772011507,31.512499999999818,-5059
-7.522722574,0.34594179360571475,7044,51,0.17297089680285738,25.5,-5094
-7.562680895,0.34610890459841803,7050.4875,49.51249999999982,0.17305445229920902,24.75624999999991,-5100.4875
-7.602653996,0.34627616222029056,7056.5,50.5,0.17313808111014528,25.25,-5106.5
-7.642624088,0.3464454058985642,7063.5,50.524999999999636,0.1732227029492821,25.262499999999818,-5113.5
-7.682598569,0.346614444,7066.025,51.025000000000546,0.173307222,25.512500000000273,-5116.025
-7.722565125,0.34678427199465434,7069.4875,50.51249999999982,0.17339213599732717,25.25624999999991,-5119.4875
-7.762544206,0.3469552223939911,7071.0125,50.01249999999982,0.17347761119699556,25.00624999999991,-5121.0125
-7.802531821,0.34712611725289877,7072,50,0.17356305862644938,25,-5122
-7.842510552,0.3472981140988658,7073,50,0.1736490570494329,25,-5123
-7.882497373,0.3474713106894596,7074.0125,49.01249999999982,0.1737356553447298,24.50624999999991,-5124.0125
-7.922489889,0.34764481511105005,7077,49,0.17382240755552503,24.5,-5127
-7.962482349,0.3478192753667999,7077.5125,49.51249999999982,0.17390963768339995,24.75624999999991,-5127.5125
-8.002475328,0.3479937049416515,7079,50,0.17399685247082575,25,-5129
-8.042470852,0.3481690496167671,7081,49.024999999999636,0.17408452480838355,24.512499999999818,-5131
-8.082471263,0.3483453918934849,7082.9875,49.01249999999982,0.17417269594674245,24.50624999999991,-5132.9875
-8.122484742,0.3485218920223292,7084.4875,48.51249999999982,0.1742609460111646,24.25624999999991,-5134.4875
-8.162494078,0.3486989739733062,7086,48.024999999999636,0.1743494869866531,24.012499999999818,-5136
-8.202512229,0.3488770007446327,7087,48.024999999999636,0.17443850037231634,24.012499999999818,-5137
-8.242522251,0.349055583,7088.9875,48.01249999999982,0.1745277915743335,24.00624999999991,-5138.9875
-8.282547459,0.3492348312125948,7090,48,0.1746174156062974,24,-5140
-8.322571807,0.34941530143365007,7093.5,49.5,0.17470765071682504,24.75,-5143.5
-8.362604116,0.34959555001194786,7100.0375,52.037499999999454,0.17479777500597393,26.018749999999727,-5150.0375
-8.402640694,0.34977715254562636,7126.512500000001,66.53749999999945,0.17488857627281318,33.26874999999973,-5176.5125
-8.442668627,0.3499590896448703,7199.5,94.5,0.17497954482243516,47.25,-5249.5
-8.482611111,0.341081271,7268.5,87.5,0.170540635,43.75,-5318.5
-8.522639728,0.3412687131467056,7303.5,72.52499999999964,0.1706343565733528,36.26249999999982,-5353.5
-8.562682971,0.3414570539634969,7322,65,0.17072852698174845,32.5,-5372
-8.602734373,0.3416464408047313,7338,60.024999999999636,0.17082322040236564,30.012499999999818,-5388
-8.642775035,0.3418363221858147,7355.5,56.5,0.17091816109290736,28.25,-5405.5
-8.682831134,0.34202715117132776,7393,58.024999999999636,0.17101357558566388,29.012499999999818,-5443
-8.722890214,0.342218516,7415.05,71.05000000000018,0.1711092580163065,35.52500000000009,-5465.05
-8.762952764,0.34240982487589555,7430.5,80.5,0.17120491243794778,40.25,-5480.5
-8.8030171,0.3426019582335975,7441.9875,86.01249999999982,0.17130097911679876,43.00624999999991,-5491.9875
-8.843079696,0.3427948402876577,7450.5,91.5,0.17139742014382886,45.75,-5500.5
-8.883161883,0.34298757921424095,7459.487499999999,92.53750000000036,0.17149378960712047,46.26875000000018,-5509.4875
-8.923237509,0.34318235888057913,7468.025,94.02500000000055,0.17159117944028957,47.01250000000027,-5518.025
-8.963317834,0.34337786487440436,7478.0375,98.03749999999945,0.17168893243720218,49.01874999999973,-5528.0375
-9.003393483,0.34357363268205177,7488.512500000001,98.53749999999945,0.17178681634102588,49.26874999999973,-5538.5125
-9.043484911,0.343769106,7496.012500000001,99.03749999999945,0.171884553,49.51874999999973,-5546.0125
-9.083584591,0.3439659591288011,7501.9875,99.01249999999982,0.17198297956440056,49.50624999999991,-5551.9875
-9.123676882,0.34416356313500884,7509.5125,97.51249999999982,0.17208178156750442,48.75624999999991,-5559.5125
-9.163784268,0.3443612908249234,7517.025,96.02500000000055,0.1721806454124617,48.01250000000027,-5567.025
-9.203880679,0.3445598652094972,7520.9875,97.01249999999982,0.1722799326047486,48.50624999999991,-5570.9875
-9.243994205,0.3447587726766237,7526.9875,97.01249999999982,0.17237938633831185,48.50624999999991,-5576.9875
-9.284107444,0.3449588837988866,7535.5,94.5,0.1724794418994433,47.25,-5585.5
-9.324212167,0.3451599966593637,7542.9875,93.01249999999982,0.17257999832968185,46.50624999999991,-5592.9875
-9.364339993,0.34536163604518855,7559,86.02499999999964,0.17268081802259427,43.01249999999982,-5609
-9.404470798,0.34556316079474403,7566,81,0.17278158039737201,40.5,-5616
-9.444616361,0.3457654752392427,7569.9875,79.01249999999982,0.17288273761962136,39.50624999999991,-5619.9875
-9.484752232,0.3459686678613254,7572.5,78.5,0.1729843339306627,39.25,-5622.5
-9.524897074,0.3461724009302296,7576.0125,76.01249999999982,0.1730862004651148,38.00624999999991,-5626.0125
-9.565044647,0.3463763532757511,7582,73,0.17318817663787556,36.5,-5632
-9.605206156,0.34658136976360954,7586.987499999999,69.03750000000036,0.17329068488180477,34.51875000000018,-5636.9875
-9.645368042,0.34678615761749665,7590.4875,67.51249999999982,0.17339307880874832,33.75624999999991,-5640.4875
-9.685537385,0.34699181717424654,7593,66,0.17349590858712327,33,-5643
-9.725715756,0.34719796054297003,7596.5,63.524999999999636,0.17359898027148501,31.762499999999818,-5646.5
-9.765890009,0.3474052884376988,7601.5,61.5,0.1737026442188494,30.75,-5651.5
-9.806066862,0.34761265972149413,7605,59,0.17380632986074707,29.5,-5655
-9.846253579,0.34782122335045074,7610,55.024999999999636,0.17391061167522537,27.512499999999818,-5660
-9.886457368,0.3480295510771807,7615.5,51.5,0.17401477553859035,25.75,-5665.5
-9.92665478,0.3482382502855792,7621.975,48.024999999999636,0.1741191251427896,24.012499999999818,-5671.975
-9.966857902,0.3484482250011478,7626.475,45.524999999999636,0.1742241125005739,22.762499999999818,-5676.475
-10.00707729,0.3486587536531811,7638.9875,45.01249999999982,0.17432937682659055,22.50624999999991,-5688.9875
-10.04729486,0.34887038638467693,7651.9875,46.01249999999982,0.17443519319233847,23.00624999999991,-5701.9875
-10.08751181,0.34908260923723056,7660,50,0.17454130461861528,25,-5710
-10.12775327,0.3492946033067277,7668.0125,51.01249999999982,0.17464730165336384,25.50624999999991,-5718.0125
-10.16799711,0.3495076340682495,7673.5125,51.51249999999982,0.17475381703412474,25.75624999999991,-5723.5125
-10.20824852,0.3497208369918914,7680.5,52.524999999999636,0.1748604184959457,26.262499999999818,-5730.5
-10.24849435,0.3499350226544875,7689.4875,53.51249999999982,0.17496751132724375,26.75624999999991,-5739.4875
-10.28875477,0.3501501077649989,7697,55,0.17507505388249944,27.5,-5747
-10.32901506,0.3503657657654067,7704.987499999999,55.037500000000364,0.17518288288270334,27.518750000000182,-5754.9875
-10.36928899,0.35058111895138744,7710.9875,56.01249999999982,0.17529055947569372,28.00624999999991,-5760.9875
-10.40956333,0.35079782003747084,7719.5,54.5,0.17539891001873542,27.25,-5769.5
-10.44985038,0.3510139383776911,7737.4875,56.51249999999982,0.17550696918884556,28.25624999999991,-5787.4875
-10.52272384,0.3152641656204338,7755.0125,64.01249999999982,0.1576320828102169,32.00624999999991,-5805.0125
-10.56300702,0.31550181803625055,7765.5125,66.51249999999982,0.15775090901812527,33.25624999999991,-5815.5125
-10.6033048,0.3157399418234226,7774.025,67.02500000000055,0.1578699709117113,33.51250000000027,-5824.025
-10.64362138,0.31597819487275824,7785.512500000001,70.53749999999945,0.15798909743637912,35.26874999999973,-5835.5125
-10.68396094,0.3162167890641774,7793.5,73.52499999999964,0.1581083945320887,36.76249999999982,-5843.5
-10.72429601,0.3164564392871778,7807.525,75.52500000000055,0.1582282196435889,37.76250000000027,-5857.525
-10.76462635,0.31669658463322037,7822.5,75.52499999999964,0.15834829231661018,37.76249999999982,-5872.5
-10.80497827,0.3169376888422111,7845,77,0.15846884442110554,38.5,-5895
-10.84533785,0.3171786781905128,7855.9875,72.01249999999982,0.1585893390952564,36.00624999999991,-5905.9875
-10.88571459,0.31742049076642687,7865,72,0.15871024538321343,36,-5915
-10.92610014,0.31766230892822644,7874.5,77.5,0.15883115446411322,38.75,-5924.5
-10.96649002,0.3179054580918086,7882.475,75.52499999999964,0.1589527290459043,37.76249999999982,-5932.475
-11.0069002,0.31814860534371725,7888,77,0.15907430267185863,38.5,-5938
-11.04732685,0.31839206623728167,7896.5,76.52499999999964,0.15919603311864083,38.26249999999982,-5946.5
-11.08776593,0.3186367066279674,7901.9875,76.01249999999982,0.1593183533139837,38.00624999999991,-5951.9875
-11.12823582,0.3188819302584349,7909.475,73.54999999999927,0.15944096512921746,36.774999999999636,-5959.475
-11.16869893,0.31912725238213646,7916,72.02499999999964,0.15956362619106823,36.01249999999982,-5966
-11.20918651,0.3193737126761702,7921.5,69.5,0.1596868563380851,34.75,-5971.5
-11.24970716,0.319618573,7928,67,0.159809286,33.5,-5978
-11.29023581,0.31986453149508076,7934.9875,66.01249999999982,0.15993226574754038,33.00624999999991,-5984.9875
-11.33078558,0.3201107,7942.475,60.54999999999927,0.16005535,30.274999999999636,-5992.475
-11.37136039,0.320357822,7950.525,56.525000000000546,0.1601789110628875,28.262500000000273,-6000.525
-11.41196737,0.320605004,7962.5125,50.51249999999982,0.1603025021214015,25.25624999999991,-6012.5125
-11.45261046,0.32085256985209654,7985.025,48.025000000000546,0.16042628492604827,24.012500000000273,-6035.025
-11.49327452,0.3211013278852528,8033.5,79.52499999999964,0.1605506639426264,39.76249999999982,-6083.5
-11.53399231,0.3213496466376933,8060.5,98.5,0.16067482331884664,49.25,-6110.5
-11.57477541,0.32159807563747034,8079.5375,108.53749999999945,0.16079903781873517,54.26874999999973,-6129.5375
-11.61562273,0.3218479614687686,8096.0125,116.03749999999945,0.1609239807343843,58.01874999999973,-6146.0125