age,sd,curve,Depth,Thickness,labID,SUBMITTER NO,IRMS d13C,Type,Pretreatment
-69,1,normal,0,0,core top,NA,NA,NA,NA
120,30,intcal20,24.5,1,BETA 538705,GR/19/C1 24-25,-26.1,macro,AAA
480,30,IntCal20,69,2,BETA 603742,GR/19/C1/B/68-70/H,-25.2,macro,AAA
560,30,IntCal20,69,2,BETA 603741,GR/19/C1/B/68-70/G,-25.3,macro,AAA
1320,30,IntCal20,69,2,BETA 603740,GR/19/C1/B/68-70/F,-25.4,macro,AAA
400,30,IntCal20,69,2,BETA 603739,GR/19/C1/B/68-70/E,-25.1,macro,AAA
1010,30,IntCal20,69,2,BETA 603738,GR/19/C1/B/68-70/D,-25.7,macro,AAA
1060,30,IntCal20,69,2,BETA 603737,GR/19/C1/B/68-70/C,-26.7,fine fraction,AAA-BI
1200,40,IntCal20,69,2,BETA 603736,GR/19/C1/B/68-70/B,"NA",fine fraction,AAA-BS
980,30,IntCal20,69,2,BETA 603735,GR/19/C1/B/68-70/A,-27.8,fine fraction,A
6150,30,intcal20,76.5,1,BETA 538707,GR/19/C1 76-77,-27.4,macro,AAA
2180,30,IntCal20,104.5,1,BETA 597077,GR/19/C1/B/104-105/A,-27.4,fine fraction,"NA"
2190,30,IntCal20,104.5,1,BETA 597078,GR/19/C1/B/104-105/C,-28.3,fine fraction,A
2080,30,IntCal20,104.5,1,BETA 597079,GR/19/C1/B/104-105/D,-26.8,macro,AAA
1980,30,IntCal20,104.5,1,BETA 597081,GR/19/C1/B/104-105/F,-27.3,macro,AAA
1630,30,IntCal20,104.5,1,BETA 597082,GR/19/C1/B/104-105/G,-27.2,macro,AAA
3130,30,intcal20,144.5,1,BETA 538706,GR/19/C1 144-145,-25.6,macro,AAA
2470,30,IntCal20,148,2,BETA 711720,GR/19/C1/B/147-149,-27.47,fine fraction,AAA-BI
3490,30,intcal20,160.5,1,BETA 538704,GR/19/C1 160-161,-28.3,macro,AAA
3680,30,intcal20,196.5,1,BETA 538722,GR/19/C1 196-197,-27.3,macro,AAA
3770,30,intcal20,256.5,1,BETA 538709,GR/19/C1 256-257,-26.5,macro,AAA
3370,30,IntCal20,256.5,1,BETA 711721,GR/19/C1/B/256-257,-25.97,fine fraction,AAA-BI
4290,30,IntCal20,334,2,BETA 647782,GR/19/C1/C/333-335/A,-26.7,fine fraction,A
4310,30,IntCal20,334,2,BETA 647783,GR/19/C1/C/333-335/B,-26.8,fine fraction,AAA-BS
4300,30,IntCal20,334,2,BETA 647784,GR/19/C1/C/333-335/C,-26.8,fine fraction,AAA-BI
4660,30,IntCal20,334,2,BETA 647788,GR/19/C1/C/333-335/D,-28.2,macro,AAA
3660,30,IntCal20,334,2,BETA 647789,GR/19/C1/C/333-335/E,-28.3,macro,AAA
4670,30,intcal20,361.5,1,BETA 538714,GR/19/C1 361-362,-24.4,macro,AAA
4920,30,intcal20,407,1,BETA 538710,GR/19/C1 406.5-407.5,-27.7,macro,AAA
4920,30,IntCal20,407,1,BETA 711722,GR/19/C1/B/406.5-407.5,-27.75,fine fraction,AAA-BI
5000,30,intcal20,481.5,1,BETA 538708,GR/19/C1 481-482,-27.8,macro,AAA
4840,30,IntCal20,502,2,BETA 621084,GR/19/C1/B/501-503/K,-29.7,macro,AAA
4880,30,IntCal20,502,2,BETA 621083,GR/19/C1/B/501-503/J,-27.6,macro,AAA
4610,30,IntCal20,502,2,BETA 621074,GR/19/C1/B/501-503/B,-27.6,fine fraction,AAA-BI
4630,30,IntCal20,502,2,BETA 621072,GR/19/C1/B/501-503/C,-28.9,fine fraction,AAA-BS
4620,30,IntCal20,502,2,BETA 621070,GR/19/C1/B/501-503/A,-27.3,fine fraction,A
4990,30,IntCal20,502,2,BETA 621081,GR/19/C1/B/501-503/E,-26.1,macro,AAA
6050,30,intcal20,552.5,1,BETA 538712,GR/19/C1 552-553,-26.8,macro,AAA
5440,30,IntCal20,574,2,BETA 647785,GR/19/C1/C/573-575/A,-28.1,fine fraction,A
5310,30,IntCal20,574,2,BETA 647786,GR/19/C1/C/573-575/B,-28.8,fine fraction,AAA-BS
5660,30,IntCal20,574,2,BETA 647787,GR/19/C1/C/573-575/C,-27.6,fine fraction,AAA-BI
5980,30,IntCal20,574,2,BETA 647790,GR/19/C1/C/573-575/D,-28.8,macro,AAA
5830,30,intcal20,595.5,1,BETA 538716,GR/19/C1 595-596,-24.3,macro,AAA
6140,30,intcal20,643.5,1,BETA 538718,GR/19/C1 643-644,-26.8,macro,AAA
5970,30,IntCal20,649,2,BETA 638187,GR/19/C1/C/648-650/J,-26.5,macro,AAA
5770,30,IntCal20,649,2,BETA 638184,GR/19/C1/C/648-650/G,-27.2,macro,AAA
6000,30,IntCal20,649,2,BETA 638183,GR/19/C1/C/648-650/F,-27.4,macro,AAA
5890,30,IntCal20,649,2,BETA 638182,GR/19/C1/C/648-650/E,-28,macro,AAA
6000,30,IntCal20,649,2,BETA 638178,GR/19/C1/C/648-650/C,-27.7,fine fraction,AAA-BI
5480,30,IntCal20,649,2,BETA 638177,GR/19/C1/C/648-650/B,-29.4,fine fraction,AAA-BS
5900,30,IntCal20,649,2,BETA 638176,GR/19/C1/C/648-650/A,-27.4,fine fraction,A
5920,30,IntCal20,649,2,"BETA 638185""",GR/19/C1/C/648-650/H,-29.3,macro,AAA
6010,30,IntCal20,670,2,BETA 621080,GR/19/C1/B/669-671/J,-28.4,macro,AAA
5990,30,IntCal20,670,2,BETA 621079,GR/19/C1/B/669-671/I,-27.3,macro,AAA
6020,30,IntCal20,670,2,BETA 621078,GR/19/C1/B/669-671/G,-28.2,macro,AAA
2930,30,IntCal20,670,2,BETA 621077,GR/19/C1/B/669-671/F,-25.9,macro,AAA
5580,30,IntCal20,670,2,BETA 621076,GR/19/C1/B/669-671/D,-26.9,macro,AAA
4990,30,IntCal20,670,2,BETA 621075,GR/19/C1/B/669-671/C,-29.4,fine fraction,AAA-BS
5820,30,IntCal20,670,2,BETA 621073,GR/19/C1/B/669-671/B,-26.9,fine fraction,AAA-BI
5680,30,IntCal20,670,2,BETA 621071,GR/19/C1/B/669-671/A,-27.7,fine fraction,A
5820,30,IntCal20,749,2,BETA 638192,GR/19/C1/C/748-750/I,-26.9,macro,AAA
6140,30,IntCal20,749,2,BETA 638191,GR/19/C1/C/748-750/G,-26,macro,AAA
6110,30,IntCal20,749,2,BETA 638190,GR/19/C1/C/748-750/F,-27.3,macro,AAA
6050,30,IntCal20,749,2,BETA 638189,GR/19/C1/C/748-750/E,-26.6,macro,AAA
6150,30,IntCal20,749,2,BETA 638188,GR/19/C1/C/748-750/D,-28.2,macro,AAA
6120,30,IntCal20,749,2,BETA 638181,GR/19/C1/C/748-750/C,-26.1,fine fraction,AAA-BI
5600,30,IntCal20,749,2,BETA 638180,GR/19/C1/C/748-750/B,-27.8,fine fraction,AAA-BS
6060,30,IntCal20,749,2,BETA 638179,GR/19/C1/C/748-750/A,-27.3,fine fraction,A
5760,30,intcal20,767,2,BETA 538720,GR/19/C1 766-768,-27.6,macro,AAA
6140,30,IntCal20,844.5,1,BETA 588803,GR/19/C1/B/844-845/A,-27.8,fine fraction,"NA"
6180,40,IntCal20,844.5,1,BETA 588806,GR/19/C1/B/844-845/E,-27.8,macro,AAA
6150,30,IntCal20,844.5,1,BETA 588807,GR/19/C1/B/844-845/F,-26.8,macro,AAA
6380,30,IntCal20,850.5,1,BETA 588804,GR/19/C1/B/850-851/D,-27.3,macro,AAA
6390,30,IntCal20,850.5,1,BETA 588805,GR/19/C1/B/850-851/F,-26,macro,AAA
6170,30,IntCal20,850.5,1,BETA 588802,GR/19/C1/B/850-851A,-27.5,fine fraction,"NA"
6470,30,intcal20,870.5,1,BETA 538711,GR/19/C1 870-871,-27.4,macro,AAA
6870,30,intcal20,937.5,1,BETA 538713,GR/19/C1 937-938,-28.1,macro,AAA
6750,30,intcal20,1002.5,1,BETA 538717,GR/19/C1 1002-1003,-31.6,macro,AAA
6870,30,intcal20,1046.5,1,BETA 538719,GR/19/C1 1046-1047,-29.1,macro,AAA
7010,30,intcal20,1078.5,1,BETA 538715,GR/19/C1 1078-1079,-30.2,macro,AAA
7160,30,intcal20,1144.5,3,BETA 538721,GR/19/C1 1143-1146,-27.6,macro,AAA
